2026-05-19 11:42:02 | INFO | STATE => LOGIN
2026-05-19 11:42:02 | INFO | Saved screenshot: screenshots/20260519_064202_782463_fatal_error.png
2026-05-19 11:42:02 | ERROR | Fatal error
Traceback (most recent call last):
  File "/home/morrty00/Documents/GolfClub/main1.py", line 277, in run
    self.transition(State.LOGIN, self.login)
  File "/home/morrty00/Documents/GolfClub/main1.py", line 320, in transition
    return action()
           ^^^^^^^^
  File "/home/morrty00/Documents/GolfClub/main1.py", line 326, in login
    raise RuntimeError("Missing GOLF_USERNAME or GOLF_PASSWORD environment variable")
RuntimeError: Missing GOLF_USERNAME or GOLF_PASSWORD environment variable
2026-05-19 11:42:03 | ERROR | BOOKING FAILED | error=Unhandled error: Missing GOLF_USERNAME or GOLF_PASSWORD environment variable
2026-05-19 11:42:21 | INFO | STATE => LOGIN
2026-05-19 11:42:21 | INFO | Saved screenshot: screenshots/20260519_064221_134173_fatal_error.png
2026-05-19 11:42:21 | ERROR | Fatal error
Traceback (most recent call last):
  File "/home/morrty00/Documents/GolfClub/main1.py", line 277, in run
    self.transition(State.LOGIN, self.login)
  File "/home/morrty00/Documents/GolfClub/main1.py", line 320, in transition
    return action()
           ^^^^^^^^
  File "/home/morrty00/Documents/GolfClub/main1.py", line 326, in login
    raise RuntimeError("Missing GOLF_USERNAME or GOLF_PASSWORD environment variable")
RuntimeError: Missing GOLF_USERNAME or GOLF_PASSWORD environment variable
2026-05-19 11:42:21 | ERROR | BOOKING FAILED | error=Unhandled error: Missing GOLF_USERNAME or GOLF_PASSWORD environment variable
2026-05-19 11:43:03 | INFO | STATE => LOGIN
2026-05-19 11:43:03 | INFO | Saved screenshot: screenshots/20260519_064303_671282_fatal_error.png
2026-05-19 11:43:03 | ERROR | Fatal error
Traceback (most recent call last):
  File "/home/morrty00/Documents/GolfClub/main1.py", line 277, in run
    self.transition(State.LOGIN, self.login)
  File "/home/morrty00/Documents/GolfClub/main1.py", line 320, in transition
    return action()
           ^^^^^^^^
  File "/home/morrty00/Documents/GolfClub/main1.py", line 326, in login
    raise RuntimeError("Missing GOLF_USERNAME or GOLF_PASSWORD environment variable")
RuntimeError: Missing GOLF_USERNAME or GOLF_PASSWORD environment variable
2026-05-19 11:43:03 | ERROR | BOOKING FAILED | error=Unhandled error: Missing GOLF_USERNAME or GOLF_PASSWORD environment variable
2026-05-19 11:43:24 | INFO | STATE => LOGIN
2026-05-19 11:43:24 | INFO | Saved screenshot: screenshots/20260519_064324_276624_fatal_error.png
2026-05-19 11:43:24 | ERROR | Fatal error
Traceback (most recent call last):
  File "/home/morrty00/Documents/GolfClub/main1.py", line 277, in run
    self.transition(State.LOGIN, self.login)
  File "/home/morrty00/Documents/GolfClub/main1.py", line 320, in transition
    return action()
           ^^^^^^^^
  File "/home/morrty00/Documents/GolfClub/main1.py", line 326, in login
    raise RuntimeError("Missing GOLF_USERNAME or GOLF_PASSWORD environment variable")
RuntimeError: Missing GOLF_USERNAME or GOLF_PASSWORD environment variable
2026-05-19 11:43:24 | ERROR | BOOKING FAILED | error=Unhandled error: Missing GOLF_USERNAME or GOLF_PASSWORD environment variable
2026-05-19 11:45:53 | INFO | STATE => LOGIN
2026-05-19 11:45:53 | INFO | Saved screenshot: screenshots/20260519_064553_803366_fatal_error.png
2026-05-19 11:45:53 | ERROR | Fatal error
Traceback (most recent call last):
  File "/home/morrty00/Documents/GolfClub/main1.py", line 277, in run
    self.transition(State.LOGIN, self.login)
  File "/home/morrty00/Documents/GolfClub/main1.py", line 320, in transition
    return action()
           ^^^^^^^^
  File "/home/morrty00/Documents/GolfClub/main1.py", line 326, in login
    raise RuntimeError("Missing GOLF_USERNAME or GOLF_PASSWORD environment variable")
RuntimeError: Missing GOLF_USERNAME or GOLF_PASSWORD environment variable
2026-05-19 11:45:54 | ERROR | BOOKING FAILED | error=Unhandled error: Missing GOLF_USERNAME or GOLF_PASSWORD environment variable
2026-05-19 12:07:47 | INFO | STATE => LOGIN
2026-05-19 12:07:47 | INFO | Saved screenshot: screenshots/20260519_070747_399298_fatal_error.png
2026-05-19 12:07:47 | ERROR | Fatal error
Traceback (most recent call last):
  File "/home/morrty00/Documents/GolfClub/main1.py", line 277, in run
    self.transition(State.LOGIN, self.login)
  File "/home/morrty00/Documents/GolfClub/main1.py", line 320, in transition
    return action()
           ^^^^^^^^
  File "/home/morrty00/Documents/GolfClub/main1.py", line 326, in login
    raise RuntimeError("Missing GOLF_USERNAME or GOLF_PASSWORD environment variable")
RuntimeError: Missing GOLF_USERNAME or GOLF_PASSWORD environment variable
2026-05-19 12:07:47 | ERROR | BOOKING FAILED | error=Unhandled error: Missing GOLF_USERNAME or GOLF_PASSWORD environment variable
2026-05-19 12:08:45 | INFO | STATE => LOGIN
2026-05-19 12:09:05 | INFO | Login successful
2026-05-19 12:09:05 | INFO | STATE => OPEN_BOOKINGS
2026-05-19 12:09:15 | INFO | Saved screenshot: screenshots/20260519_070915_552411_fatal_error.png
2026-05-19 12:09:15 | ERROR | Fatal error
Traceback (most recent call last):
  File "/home/morrty00/Documents/GolfClub/main1.py", line 278, in run
    self.transition(State.OPEN_BOOKINGS, self.open_bookings)
  File "/home/morrty00/Documents/GolfClub/main1.py", line 320, in transition
    return action()
           ^^^^^^^^
  File "/home/morrty00/Documents/GolfClub/main1.py", line 342, in open_bookings
    bookings = self.wait_clickable(Selectors.BOOKINGS_LINK)
               ^^^^^^^^^^^^^^^^^^^^^^^^^^^^^^^^^^^^^^^^^^^^
  File "/home/morrty00/Documents/GolfClub/main1.py", line 561, in wait_clickable
    return WebDriverWait(self.driver, self.cfg.action_timeout_s).until(EC.element_to_be_clickable(selector))
           ^^^^^^^^^^^^^^^^^^^^^^^^^^^^^^^^^^^^^^^^^^^^^^^^^^^^^^^^^^^^^^^^^^^^^^^^^^^^^^^^^^^^^^^^^^^^^^^^^
  File "/home/morrty00/Documents/GolfClub/.venv/lib/python3.12/site-packages/selenium/webdriver/support/wait.py", line 121, in until
    raise TimeoutException(message, screen, stacktrace)
selenium.common.exceptions.TimeoutException: Message: 

2026-05-19 12:09:15 | ERROR | BOOKING FAILED | error=Unhandled error: Message: 

2026-05-19 12:20:50 | INFO | STATE => LOGIN
2026-05-19 12:21:26 | INFO | Login successful
2026-05-19 12:21:26 | INFO | STATE => OPEN_BOOKINGS
2026-05-19 12:21:26 | INFO | Found Bookings link (attempt 1)
2026-05-19 12:21:35 | INFO | Navigating into open event: OPEN
2026-05-19 12:21:42 | INFO | Event tee sheet opened
2026-05-19 12:21:42 | INFO | STATE => DISCOVER_SLOTS
2026-05-19 12:21:50 | INFO | Discovered 88 candidate slots
2026-05-19 12:21:50 | INFO | Slot: time=07:18 am status=BOOK GROUP available=True
2026-05-19 12:21:50 | INFO | Slot: time=07:18 am status=07:18 AM 1ST TEE - COMP OR SOCIAL 9 /18 GALEA, MARTIN 5 DAY GAZZOLA, MARCO 7 DAY CRISCIONE, JOHN 5 DAY CAPECI, VINCE 7 D available=False
2026-05-19 12:21:50 | INFO | Slot: time=07:18 am status=07:18 AM 1ST TEE - COMP OR SOCIAL 9 /18 available=False
2026-05-19 12:21:50 | INFO | Slot: time=07:26 am status=07:26 AM 1ST TEE - COMP OR SOCIAL 9 /18 CHRISTIAN, IAN 7 DAY VOCALE, BEN 7 DAY SINGH, NAVEEN 5 DAY JORDAN, DALE VISITOR  available=False
2026-05-19 12:21:50 | INFO | Slot: time=07:26 am status=07:26 AM 1ST TEE - COMP OR SOCIAL 9 /18 available=False
2026-05-19 12:21:50 | INFO | Slot: time=07:34 am status=07:34 AM 1ST TEE - COMP OR SOCIAL 9 /18 TORTORELLA, ANDREW 7 DAY BORRELLI, LOU 5 DAY RHODES, JOHN 6 DAY BAILEY, WAYNE ME available=False
2026-05-19 12:21:50 | INFO | Slot: time=07:34 am status=07:34 AM 1ST TEE - COMP OR SOCIAL 9 /18 available=False
2026-05-19 12:21:50 | INFO | Slot: time=07:42 am status=BOOK GROUP available=True
2026-05-19 12:21:50 | INFO | Slot: time=UNKNOWN status=BOOK GROUP available=True
2026-05-19 12:21:50 | INFO | Slot: time=07:50 am status=07:50 AM 1ST TEE - COMP OR SOCIAL 9 /18 CRISAPULLI, VINCE 5 DAY CARLISLE, JOHN 5 DAY GALTIERI, VINCE 6 DAY PARBHOO, KHAN available=False
2026-05-19 12:21:50 | INFO | Slot: time=07:50 am status=07:50 AM 1ST TEE - COMP OR SOCIAL 9 /18 available=False
2026-05-19 12:21:50 | INFO | Slot: time=07:58 am status=07:58 AM 1ST TEE - COMP OR SOCIAL 9 /18 JHOTY, JOE 7 DAY KNIGHT, TREVOR 5 DAY HUSSEY, MARK 6 DAY HILL, JENNIE 6 DAY available=False
2026-05-19 12:21:50 | INFO | Slot: time=07:58 am status=07:58 AM 1ST TEE - COMP OR SOCIAL 9 /18 available=False
2026-05-19 12:21:50 | INFO | Slot: time=08:06 am status=BOOK GROUP available=True
2026-05-19 12:21:50 | INFO | Slot: time=08:14 am status=BOOK GROUP available=True
2026-05-19 12:21:50 | INFO | Slot: time=08:22 am status=08:22 AM 1ST TEE - COMP OR SOCIAL 9 /18 RYAN, STEPHEN 5 DAY MOLONEY, HELEN 5 DAY NIGHTINGALE, ALLISON 5 DAY PORTER, RAGN available=False
2026-05-19 12:21:50 | INFO | Slot: time=08:22 am status=08:22 AM 1ST TEE - COMP OR SOCIAL 9 /18 available=False
2026-05-19 12:21:50 | INFO | Slot: time=08:30 am status=08:30 AM 1ST TEE - COMP OR SOCIAL 9 /18 JONES, ANNIE 5 DAY HUGHES, DIANNE 5 DAY LIU, RONG 6 DAY DAVIES, DEIDRE 5 DAY available=False
2026-05-19 12:21:50 | INFO | Slot: time=08:30 am status=08:30 AM 1ST TEE - COMP OR SOCIAL 9 /18 available=False
2026-05-19 12:21:50 | INFO | Slot: time=08:38 am status=08:38 AM 1ST TEE - COMP OR SOCIAL 9 /18 WALKER, MARY 5 DAY LEYDEN, BEVERLEY 5 DAY HOEY, JANINE 5 DAY BERNHARDT, SARAH VI available=False
2026-05-19 12:21:50 | INFO | Slot: time=08:38 am status=08:38 AM 1ST TEE - COMP OR SOCIAL 9 /18 available=False
2026-05-19 12:21:50 | INFO | Slot: time=08:46 am status=BOOK GROUP available=True
2026-05-19 12:21:50 | INFO | Slot: time=08:54 am status=BOOK GROUP available=True
2026-05-19 12:21:50 | INFO | Slot: time=09:02 am status=BOOK GROUP available=True
2026-05-19 12:21:50 | INFO | Slot: time=09:10 am status=BOOK GROUP available=True
2026-05-19 12:21:50 | INFO | Slot: time=09:18 am status=09:18 AM 1ST TEE - COMP OR SOCIAL 9 /18 BRUGALETTA, MANNY SPECIAL 5.12 CRIVELLI, BRUNO SPECIAL 5.12 SCHIRATO, ROBERT SPE available=False
2026-05-19 12:21:50 | INFO | Slot: time=09:18 am status=09:18 AM 1ST TEE - COMP OR SOCIAL 9 /18 available=False
2026-05-19 12:21:50 | INFO | Slot: time=09:26 am status=09:26 AM 1ST TEE - COMP OR SOCIAL 9 /18 VINCITORIO, MATT SPECIAL 5.12 TANCREDI, FRANK SPECIAL 5.12 DALSANTO, JOHN SPECIA available=False
2026-05-19 12:21:50 | INFO | Slot: time=09:26 am status=09:26 AM 1ST TEE - COMP OR SOCIAL 9 /18 available=False
2026-05-19 12:21:50 | INFO | Slot: time=09:34 am status=09:34 AM 1ST TEE - COMP OR SOCIAL 9 /18 RAMALINGAM, SHEKILA NINE HOLE RAMALINGAM, SHAMALA NINE HOLE RITCHIE, ELISE NINE  available=False
2026-05-19 12:21:50 | INFO | Slot: time=09:34 am status=09:34 AM 1ST TEE - COMP OR SOCIAL 9 /18 available=False
2026-05-19 12:21:50 | INFO | Slot: time=09:42 am status=09:42 AM 1ST TEE - COMP OR SOCIAL 9 /18 WILKINSON, JAN SPECIAL 5.12 GIBSON, FRANCES SPECIAL 5.12 HILL, KAY 5 DAY KEATING available=False
2026-05-19 12:21:50 | INFO | Slot: time=09:42 am status=09:42 AM 1ST TEE - COMP OR SOCIAL 9 /18 available=False
2026-05-19 12:21:50 | INFO | Slot: time=09:50 am status=09:50 AM 1ST TEE - COMP OR SOCIAL 9 /18 YEOH, DANIEL 5 DAY LITTLE, KELVIN 7 DAY CHIERA, ANTHONY VISITOR - FUTURE GOLF ED available=False
2026-05-19 12:21:50 | INFO | Slot: time=09:50 am status=09:50 AM 1ST TEE - COMP OR SOCIAL 9 /18 available=False
2026-05-19 12:21:50 | INFO | Slot: time=09:58 am status=BOOK GROUP available=True
2026-05-19 12:21:50 | INFO | Slot: time=10:06 am status=BOOK GROUP available=True
2026-05-19 12:21:50 | INFO | Slot: time=10:14 am status=10:14 AM 1ST TEE - COMP OR SOCIAL 9 /18 CHURCH, GLENIS 5 DAY BULT, SHIRLEY 5 DAY MITCHELL, PAULA 5 DAY CHIN, ANNA NINE H available=False
2026-05-19 12:21:50 | INFO | Slot: time=10:14 am status=10:14 AM 1ST TEE - COMP OR SOCIAL 9 /18 available=False
2026-05-19 12:21:50 | INFO | Slot: time=10:22 am status=BOOK GROUP available=True
2026-05-19 12:21:50 | INFO | Slot: time=10:30 am status=10:30 AM 1ST TEE - COMP OR SOCIAL 9 /18 SIMPSON, CHRISTINE 5 DAY CONLAN, JUDI 5 DAY CARROLL, PHILLIP 7 DAY WHITE, CAROL  available=False
2026-05-19 12:21:50 | INFO | Slot: time=10:30 am status=10:30 AM 1ST TEE - COMP OR SOCIAL 9 /18 available=False
2026-05-19 12:21:50 | INFO | Slot: time=10:38 am status=BOOK GROUP available=True
2026-05-19 12:21:50 | INFO | Slot: time=10:46 am status=BOOK GROUP available=True
2026-05-19 12:21:50 | INFO | Slot: time=10:54 am status=BOOK GROUP available=True
2026-05-19 12:21:50 | INFO | Slot: time=11:02 am status=11:02 AM 1ST TEE - COMP OR SOCIAL 9 /18 LOCCISANO, STEPHEN 6 DAY LOCCISANO, VINCENT 6 DAY MONTESANO, BRUNO 6 DAY YOUNG,  available=False
2026-05-19 12:21:50 | INFO | Slot: time=11:02 am status=11:02 AM 1ST TEE - COMP OR SOCIAL 9 /18 available=False
2026-05-19 12:21:50 | INFO | Slot: time=11:10 am status=BOOK GROUP available=True
2026-05-19 12:21:50 | INFO | Slot: time=11:18 am status=BOOK GROUP available=True
2026-05-19 12:21:50 | INFO | Slot: time=11:26 am status=BOOK GROUP available=True
2026-05-19 12:21:50 | INFO | Slot: time=11:34 am status=BOOK GROUP available=True
2026-05-19 12:21:50 | INFO | Slot: time=11:42 am status=BOOK GROUP available=True
2026-05-19 12:21:50 | INFO | Slot: time=11:50 am status=BOOK GROUP available=True
2026-05-19 12:21:50 | INFO | Slot: time=11:58 am status=BOOK GROUP available=True
2026-05-19 12:21:50 | INFO | Slot: time=12:06 pm status=BOOK GROUP available=True
2026-05-19 12:21:50 | INFO | Slot: time=12:14 pm status=BOOK GROUP available=True
2026-05-19 12:21:50 | INFO | Slot: time=12:22 pm status=BOOK GROUP available=True
2026-05-19 12:21:50 | INFO | Slot: time=12:30 pm status=BOOK GROUP available=True
2026-05-19 12:21:50 | INFO | Slot: time=12:38 pm status=12:38 PM 1ST TEE - COMP OR SOCIAL 9 /18 SULLIVAN, ANTHONY 6 DAY WHITE, PHIL VISITOR GRAHAM, KENNETH 6 DAY LEARD, TONY VI available=False
2026-05-19 12:21:50 | INFO | Slot: time=12:38 pm status=12:38 PM 1ST TEE - COMP OR SOCIAL 9 /18 available=False
2026-05-19 12:21:50 | INFO | Slot: time=12:46 pm status=BOOK GROUP available=True
2026-05-19 12:21:50 | INFO | Slot: time=12:54 pm status=BOOK GROUP available=True
2026-05-19 12:21:50 | INFO | Slot: time=01:02 pm status=BOOK GROUP available=True
2026-05-19 12:21:50 | INFO | Slot: time=01:10 pm status=BOOK GROUP available=True
2026-05-19 12:21:50 | INFO | Slot: time=01:18 pm status=BOOK GROUP available=True
2026-05-19 12:21:50 | INFO | Slot: time=01:26 pm status=BOOK GROUP available=True
2026-05-19 12:21:50 | INFO | Slot: time=01:34 pm status=BOOK GROUP available=True
2026-05-19 12:21:50 | INFO | Slot: time=01:42 pm status=BOOK GROUP available=True
2026-05-19 12:21:50 | INFO | Slot: time=01:50 pm status=BOOK GROUP available=True
2026-05-19 12:21:50 | INFO | Slot: time=01:58 pm status=BOOK GROUP available=True
2026-05-19 12:21:50 | INFO | Slot: time=02:06 pm status=BOOK GROUP available=True
2026-05-19 12:21:50 | INFO | Slot: time=02:14 pm status=BOOK GROUP available=True
2026-05-19 12:21:50 | INFO | Slot: time=02:22 pm status=BOOK GROUP available=True
2026-05-19 12:21:50 | INFO | Slot: time=02:30 pm status=BOOK GROUP available=True
2026-05-19 12:21:50 | INFO | Slot: time=02:38 pm status=BOOK GROUP available=True
2026-05-19 12:21:50 | INFO | Slot: time=02:46 pm status=BOOK GROUP available=True
2026-05-19 12:21:50 | INFO | Slot: time=02:54 pm status=BOOK GROUP available=True
2026-05-19 12:21:50 | INFO | Slot: time=03:02 pm status=BOOK GROUP available=True
2026-05-19 12:21:50 | INFO | Slot: time=03:10 pm status=BOOK GROUP available=True
2026-05-19 12:21:50 | INFO | Slot: time=03:18 pm status=BOOK GROUP available=True
2026-05-19 12:21:50 | INFO | Slot: time=04:46 pm status=BOOK GROUP available=True
2026-05-19 12:21:50 | INFO | Slot: time=04:54 pm status=BOOK GROUP available=True
2026-05-19 12:21:50 | INFO | Slot: time=05:02 pm status=BOOK GROUP available=True
2026-05-19 12:21:50 | INFO | Slot: time=05:10 pm status=BOOK GROUP available=True
2026-05-19 12:21:50 | INFO | Slot: time=05:18 pm status=BOOK GROUP available=True
2026-05-19 12:21:50 | INFO | Slot: time=05:26 pm status=BOOK GROUP available=True
2026-05-19 12:21:50 | INFO | Slot: time=05:34 pm status=BOOK GROUP available=True
2026-05-19 12:21:50 | INFO | Slot: time=05:42 pm status=BOOK GROUP available=True
2026-05-19 12:21:50 | INFO | STATE => SELECT_SLOT
2026-05-19 12:21:58 | INFO | Selected slot: 08:06 am (BOOK GROUP)
2026-05-19 12:22:01 | INFO | STATE => CONFIRM_BOOKING
2026-05-19 12:22:01 | INFO | Confirmation modal detected
2026-05-19 12:22:01 | INFO | Saved screenshot: screenshots/20260519_072201_721540_confirm_modal.png
2026-05-19 12:22:12 | WARNING | Exception during attempt 1: Message: no such element: Unable to locate element: {"method":"xpath","selector":".//button[normalize-space()='Yes' or normalize-space()='YES']"}
  (Session info: chrome=147.0.7727.55); For documentation on this error, please visit: https://www.selenium.dev/documentation/webdriver/troubleshooting/errors#nosuchelementexception
Stacktrace:
#0 0x63fada7bb79a <unknown>
#1 0x63fada1b7215 <unknown>
#2 0x63fada209f06 <unknown>
#3 0x63fada20a141 <unknown>
#4 0x63fada1feeb6 <unknown>
#5 0x63fada1fed97 <unknown>
#6 0x63fada2527d0 <unknown>
#7 0x63fada1fd55f <unknown>
#8 0x63fada1fe321 <unknown>
#9 0x63fada77f06b <unknown>
#10 0x63fada78201d <unknown>
#11 0x63fada76b718 <unknown>
#12 0x63fada782bb0 <unknown>
#13 0x63fada752150 <unknown>
#14 0x63fada7a85e8 <unknown>
#15 0x63fada7a87b8 <unknown>
#16 0x63fada7ba1de <unknown>
#17 0x7cfad4e9caa4 <unknown>
#18 0x7cfad4f29c6c <unknown>

2026-05-19 12:22:12 | INFO | Saved screenshot: screenshots/20260519_072212_167870_attempt_1_error.png
2026-05-19 12:22:12 | INFO | Retrying in 1.02s (attempt 1/4)
2026-05-19 12:22:13 | INFO | STATE => DISCOVER_SLOTS
2026-05-19 12:22:13 | INFO | No candidate slots found on page
2026-05-19 12:22:13 | INFO | STATE => SELECT_SLOT
2026-05-19 12:22:13 | INFO | Retrying in 1.82s (attempt 2/4)
2026-05-19 12:22:15 | INFO | STATE => DISCOVER_SLOTS
2026-05-19 12:22:15 | INFO | No candidate slots found on page
2026-05-19 12:22:15 | INFO | STATE => SELECT_SLOT
2026-05-19 12:22:15 | INFO | Retrying in 3.06s (attempt 3/4)
2026-05-19 12:22:18 | INFO | STATE => DISCOVER_SLOTS
2026-05-19 12:22:18 | INFO | No candidate slots found on page
2026-05-19 12:22:18 | INFO | STATE => SELECT_SLOT
2026-05-19 12:22:18 | ERROR | BOOKING FAILED | error=No slots detected
2026-05-19 12:26:53 | INFO | STATE => LOGIN
2026-05-19 12:27:26 | INFO | Login successful
2026-05-19 12:27:26 | INFO | STATE => OPEN_BOOKINGS
2026-05-19 12:27:26 | INFO | Found Bookings link (attempt 1)
2026-05-19 12:27:40 | INFO | Navigating into open event: OPEN
2026-05-19 12:27:48 | INFO | Event tee sheet opened
2026-05-19 12:27:48 | INFO | STATE => DISCOVER_SLOTS
2026-05-19 12:27:56 | INFO | Discovered 88 candidate slots
2026-05-19 12:27:56 | INFO | Slot: time=07:18 am status=BOOK GROUP available=True
2026-05-19 12:27:56 | INFO | Slot: time=07:18 am status=07:18 AM 1ST TEE - COMP OR SOCIAL 9 /18 GALEA, MARTIN 5 DAY GAZZOLA, MARCO 7 DAY CRISCIONE, JOHN 5 DAY CAPECI, VINCE 7 D available=False
2026-05-19 12:27:56 | INFO | Slot: time=07:18 am status=07:18 AM 1ST TEE - COMP OR SOCIAL 9 /18 available=False
2026-05-19 12:27:56 | INFO | Slot: time=07:26 am status=07:26 AM 1ST TEE - COMP OR SOCIAL 9 /18 CHRISTIAN, IAN 7 DAY VOCALE, BEN 7 DAY SINGH, NAVEEN 5 DAY JORDAN, DALE VISITOR  available=False
2026-05-19 12:27:56 | INFO | Slot: time=07:26 am status=07:26 AM 1ST TEE - COMP OR SOCIAL 9 /18 available=False
2026-05-19 12:27:56 | INFO | Slot: time=07:34 am status=07:34 AM 1ST TEE - COMP OR SOCIAL 9 /18 TORTORELLA, ANDREW 7 DAY BORRELLI, LOU 5 DAY RHODES, JOHN 6 DAY BAILEY, WAYNE ME available=False
2026-05-19 12:27:56 | INFO | Slot: time=07:34 am status=07:34 AM 1ST TEE - COMP OR SOCIAL 9 /18 available=False
2026-05-19 12:27:56 | INFO | Slot: time=07:42 am status=BOOK GROUP available=True
2026-05-19 12:27:56 | INFO | Slot: time=UNKNOWN status=BOOK GROUP available=True
2026-05-19 12:27:56 | INFO | Slot: time=07:50 am status=07:50 AM 1ST TEE - COMP OR SOCIAL 9 /18 CRISAPULLI, VINCE 5 DAY CARLISLE, JOHN 5 DAY GALTIERI, VINCE 6 DAY PARBHOO, KHAN available=False
2026-05-19 12:27:56 | INFO | Slot: time=07:50 am status=07:50 AM 1ST TEE - COMP OR SOCIAL 9 /18 available=False
2026-05-19 12:27:56 | INFO | Slot: time=07:58 am status=07:58 AM 1ST TEE - COMP OR SOCIAL 9 /18 JHOTY, JOE 7 DAY KNIGHT, TREVOR 5 DAY HUSSEY, MARK 6 DAY HILL, JENNIE 6 DAY available=False
2026-05-19 12:27:56 | INFO | Slot: time=07:58 am status=07:58 AM 1ST TEE - COMP OR SOCIAL 9 /18 available=False
2026-05-19 12:27:56 | INFO | Slot: time=08:06 am status=BOOK GROUP available=True
2026-05-19 12:27:56 | INFO | Slot: time=08:14 am status=BOOK GROUP available=True
2026-05-19 12:27:56 | INFO | Slot: time=08:22 am status=08:22 AM 1ST TEE - COMP OR SOCIAL 9 /18 RYAN, STEPHEN 5 DAY MOLONEY, HELEN 5 DAY NIGHTINGALE, ALLISON 5 DAY PORTER, RAGN available=False
2026-05-19 12:27:56 | INFO | Slot: time=08:22 am status=08:22 AM 1ST TEE - COMP OR SOCIAL 9 /18 available=False
2026-05-19 12:27:56 | INFO | Slot: time=08:30 am status=08:30 AM 1ST TEE - COMP OR SOCIAL 9 /18 JONES, ANNIE 5 DAY HUGHES, DIANNE 5 DAY LIU, RONG 6 DAY DAVIES, DEIDRE 5 DAY available=False
2026-05-19 12:27:56 | INFO | Slot: time=08:30 am status=08:30 AM 1ST TEE - COMP OR SOCIAL 9 /18 available=False
2026-05-19 12:27:56 | INFO | Slot: time=08:38 am status=08:38 AM 1ST TEE - COMP OR SOCIAL 9 /18 WALKER, MARY 5 DAY LEYDEN, BEVERLEY 5 DAY HOEY, JANINE 5 DAY BERNHARDT, SARAH VI available=False
2026-05-19 12:27:56 | INFO | Slot: time=08:38 am status=08:38 AM 1ST TEE - COMP OR SOCIAL 9 /18 available=False
2026-05-19 12:27:56 | INFO | Slot: time=08:46 am status=BOOK GROUP available=True
2026-05-19 12:27:56 | INFO | Slot: time=08:54 am status=BOOK GROUP available=True
2026-05-19 12:27:56 | INFO | Slot: time=09:02 am status=BOOK GROUP available=True
2026-05-19 12:27:56 | INFO | Slot: time=09:10 am status=BOOK GROUP available=True
2026-05-19 12:27:56 | INFO | Slot: time=09:18 am status=09:18 AM 1ST TEE - COMP OR SOCIAL 9 /18 BRUGALETTA, MANNY SPECIAL 5.12 CRIVELLI, BRUNO SPECIAL 5.12 SCHIRATO, ROBERT SPE available=False
2026-05-19 12:27:56 | INFO | Slot: time=09:18 am status=09:18 AM 1ST TEE - COMP OR SOCIAL 9 /18 available=False
2026-05-19 12:27:56 | INFO | Slot: time=09:26 am status=09:26 AM 1ST TEE - COMP OR SOCIAL 9 /18 VINCITORIO, MATT SPECIAL 5.12 TANCREDI, FRANK SPECIAL 5.12 DALSANTO, JOHN SPECIA available=False
2026-05-19 12:27:56 | INFO | Slot: time=09:26 am status=09:26 AM 1ST TEE - COMP OR SOCIAL 9 /18 available=False
2026-05-19 12:27:56 | INFO | Slot: time=09:34 am status=09:34 AM 1ST TEE - COMP OR SOCIAL 9 /18 RAMALINGAM, SHEKILA NINE HOLE RAMALINGAM, SHAMALA NINE HOLE RITCHIE, ELISE NINE  available=False
2026-05-19 12:27:56 | INFO | Slot: time=09:34 am status=09:34 AM 1ST TEE - COMP OR SOCIAL 9 /18 available=False
2026-05-19 12:27:56 | INFO | Slot: time=09:42 am status=09:42 AM 1ST TEE - COMP OR SOCIAL 9 /18 WILKINSON, JAN SPECIAL 5.12 GIBSON, FRANCES SPECIAL 5.12 HILL, KAY 5 DAY KEATING available=False
2026-05-19 12:27:56 | INFO | Slot: time=09:42 am status=09:42 AM 1ST TEE - COMP OR SOCIAL 9 /18 available=False
2026-05-19 12:27:56 | INFO | Slot: time=09:50 am status=09:50 AM 1ST TEE - COMP OR SOCIAL 9 /18 YEOH, DANIEL 5 DAY LITTLE, KELVIN 7 DAY CHIERA, ANTHONY VISITOR - FUTURE GOLF ED available=False
2026-05-19 12:27:56 | INFO | Slot: time=09:50 am status=09:50 AM 1ST TEE - COMP OR SOCIAL 9 /18 available=False
2026-05-19 12:27:56 | INFO | Slot: time=09:58 am status=BOOK GROUP available=True
2026-05-19 12:27:56 | INFO | Slot: time=10:06 am status=BOOK GROUP available=True
2026-05-19 12:27:56 | INFO | Slot: time=10:14 am status=10:14 AM 1ST TEE - COMP OR SOCIAL 9 /18 CHURCH, GLENIS 5 DAY BULT, SHIRLEY 5 DAY MITCHELL, PAULA 5 DAY CHIN, ANNA NINE H available=False
2026-05-19 12:27:56 | INFO | Slot: time=10:14 am status=10:14 AM 1ST TEE - COMP OR SOCIAL 9 /18 available=False
2026-05-19 12:27:56 | INFO | Slot: time=10:22 am status=BOOK GROUP available=True
2026-05-19 12:27:56 | INFO | Slot: time=10:30 am status=10:30 AM 1ST TEE - COMP OR SOCIAL 9 /18 SIMPSON, CHRISTINE 5 DAY CONLAN, JUDI 5 DAY CARROLL, PHILLIP 7 DAY WHITE, CAROL  available=False
2026-05-19 12:27:56 | INFO | Slot: time=10:30 am status=10:30 AM 1ST TEE - COMP OR SOCIAL 9 /18 available=False
2026-05-19 12:27:56 | INFO | Slot: time=10:38 am status=BOOK GROUP available=True
2026-05-19 12:27:56 | INFO | Slot: time=10:46 am status=BOOK GROUP available=True
2026-05-19 12:27:56 | INFO | Slot: time=10:54 am status=BOOK GROUP available=True
2026-05-19 12:27:56 | INFO | Slot: time=11:02 am status=11:02 AM 1ST TEE - COMP OR SOCIAL 9 /18 LOCCISANO, STEPHEN 6 DAY LOCCISANO, VINCENT 6 DAY MONTESANO, BRUNO 6 DAY YOUNG,  available=False
2026-05-19 12:27:56 | INFO | Slot: time=11:02 am status=11:02 AM 1ST TEE - COMP OR SOCIAL 9 /18 available=False
2026-05-19 12:27:56 | INFO | Slot: time=11:10 am status=BOOK GROUP available=True
2026-05-19 12:27:56 | INFO | Slot: time=11:18 am status=BOOK GROUP available=True
2026-05-19 12:27:56 | INFO | Slot: time=11:26 am status=BOOK GROUP available=True
2026-05-19 12:27:56 | INFO | Slot: time=11:34 am status=BOOK GROUP available=True
2026-05-19 12:27:56 | INFO | Slot: time=11:42 am status=BOOK GROUP available=True
2026-05-19 12:27:56 | INFO | Slot: time=11:50 am status=BOOK GROUP available=True
2026-05-19 12:27:56 | INFO | Slot: time=11:58 am status=BOOK GROUP available=True
2026-05-19 12:27:56 | INFO | Slot: time=12:06 pm status=BOOK GROUP available=True
2026-05-19 12:27:56 | INFO | Slot: time=12:14 pm status=BOOK GROUP available=True
2026-05-19 12:27:56 | INFO | Slot: time=12:22 pm status=BOOK GROUP available=True
2026-05-19 12:27:56 | INFO | Slot: time=12:30 pm status=BOOK GROUP available=True
2026-05-19 12:27:56 | INFO | Slot: time=12:38 pm status=12:38 PM 1ST TEE - COMP OR SOCIAL 9 /18 SULLIVAN, ANTHONY 6 DAY WHITE, PHIL VISITOR GRAHAM, KENNETH 6 DAY LEARD, TONY VI available=False
2026-05-19 12:27:56 | INFO | Slot: time=12:38 pm status=12:38 PM 1ST TEE - COMP OR SOCIAL 9 /18 available=False
2026-05-19 12:27:56 | INFO | Slot: time=12:46 pm status=BOOK GROUP available=True
2026-05-19 12:27:56 | INFO | Slot: time=12:54 pm status=BOOK GROUP available=True
2026-05-19 12:27:56 | INFO | Slot: time=01:02 pm status=BOOK GROUP available=True
2026-05-19 12:27:56 | INFO | Slot: time=01:10 pm status=BOOK GROUP available=True
2026-05-19 12:27:56 | INFO | Slot: time=01:18 pm status=BOOK GROUP available=True
2026-05-19 12:27:56 | INFO | Slot: time=01:26 pm status=BOOK GROUP available=True
2026-05-19 12:27:56 | INFO | Slot: time=01:34 pm status=BOOK GROUP available=True
2026-05-19 12:27:56 | INFO | Slot: time=01:42 pm status=BOOK GROUP available=True
2026-05-19 12:27:56 | INFO | Slot: time=01:50 pm status=BOOK GROUP available=True
2026-05-19 12:27:56 | INFO | Slot: time=01:58 pm status=BOOK GROUP available=True
2026-05-19 12:27:56 | INFO | Slot: time=02:06 pm status=BOOK GROUP available=True
2026-05-19 12:27:56 | INFO | Slot: time=02:14 pm status=BOOK GROUP available=True
2026-05-19 12:27:56 | INFO | Slot: time=02:22 pm status=BOOK GROUP available=True
2026-05-19 12:27:56 | INFO | Slot: time=02:30 pm status=BOOK GROUP available=True
2026-05-19 12:27:56 | INFO | Slot: time=02:38 pm status=BOOK GROUP available=True
2026-05-19 12:27:56 | INFO | Slot: time=02:46 pm status=BOOK GROUP available=True
2026-05-19 12:27:56 | INFO | Slot: time=02:54 pm status=BOOK GROUP available=True
2026-05-19 12:27:56 | INFO | Slot: time=03:02 pm status=BOOK GROUP available=True
2026-05-19 12:27:56 | INFO | Slot: time=03:10 pm status=BOOK GROUP available=True
2026-05-19 12:27:56 | INFO | Slot: time=03:18 pm status=BOOK GROUP available=True
2026-05-19 12:27:56 | INFO | Slot: time=04:46 pm status=BOOK GROUP available=True
2026-05-19 12:27:56 | INFO | Slot: time=04:54 pm status=BOOK GROUP available=True
2026-05-19 12:27:56 | INFO | Slot: time=05:02 pm status=BOOK GROUP available=True
2026-05-19 12:27:56 | INFO | Slot: time=05:10 pm status=BOOK GROUP available=True
2026-05-19 12:27:56 | INFO | Slot: time=05:18 pm status=BOOK GROUP available=True
2026-05-19 12:27:56 | INFO | Slot: time=05:26 pm status=BOOK GROUP available=True
2026-05-19 12:27:56 | INFO | Slot: time=05:34 pm status=BOOK GROUP available=True
2026-05-19 12:27:56 | INFO | Slot: time=05:42 pm status=BOOK GROUP available=True
2026-05-19 12:27:56 | INFO | STATE => SELECT_SLOT
2026-05-19 12:28:04 | INFO | Selected slot: 08:06 am (BOOK GROUP)
2026-05-19 12:28:08 | INFO | STATE => CONFIRM_BOOKING
2026-05-19 12:28:08 | INFO | Confirm Booking button detected
2026-05-19 12:28:08 | INFO | Saved screenshot: screenshots/20260519_072808_160327_confirm_booking_page.png
2026-05-19 12:28:08 | INFO | STATE => VERIFY_SUCCESS
2026-05-19 12:28:12 | INFO | Success banner detected: HOME MEMBERS HOME LOGOUT BACK TO FIXTURES WAITING LIST Stableford Tue May 19 Show: All AM PM 9 Holes Available 160 Confirmed Bookings 07:18 am 1st Tee - Comp or Social 9 /18 Galea, Martin 5 Day Gazzola, Marco 7 Day Criscione, John 5 Day Capeci, Vince 7 Day 07:26 am 1st Tee - Comp or Social 9 /18 Christian, Ian 7 Day Vocale, Ben 7 Day Singh, Naveen 5 Day Jordan, Dale Visitor - Rosanna Golf Club 07:34 am 1st Tee - Comp or Social 9 /18 Tortorella, Andrew 7 Day Borrelli, Lou 5 Day Rhodes, John 6 Day Bailey, Wayne Member Guest - Future Golf 07:42 am 1st Tee - Comp or Social BOOK GROUP 9 /18 Bezzina, Leigh 5 Day Friedman, Daniel 5 Day Iacono, Jim 7 Day 07:50 am 1st Tee - Comp or Social 9 /18 Crisapulli, Vince 5 Day Carlisle, John 5 Day Galtieri, Vince 6 Day Parbhoo, Khandoo 5 Day 07:58 am 1st Tee - Comp or Social 9 /18 Jhoty, Joe 7 Day Knight, Trevor 5 Day Hussey, Mark 6 Day Hill, Jennie 6 Day 08:06 am 1st Tee - Comp or Social BOOK GROUP 9 /18 Forster, Jen 5 Day Lee, Margaret 5 Day Cuthbertson, Aaron 7 Day 08:14 am 1st Tee - Comp or Social BOOK GROUP 9 /18 Tamburrino, Gail 5 Day Shaw, Lesley 5 Day Randles, Margaret 5 Day 08:22 am 1st Tee - Comp or Social 9 /18 Ryan, Stephen 5 Day Moloney, Helen 5 Day Nightingale, Allison 5 Day Porter, Ragna 5 Day 08:30 am 1st Tee - Comp or Social 9 /18 Jones, Annie 5 Day Hughes, Dianne 5 Day Liu, Rong 6 Day Davies, Deidre 5 Day 08:38 am 1st Tee - Comp or Social 9 /18 Walker, Mary 5 Day Leyden, Beverley 5 Day Hoey, Janine 5 Day Bernhardt, Sarah Visitor - Commonwealth Golf Club 08:46 am 1st Tee - Comp or Social BOOK GROUP 9 /18 Reardon, Dianne 5 Day Hewat, Norma 5 Day Righton, Jill 5 Day 08:54 am 1st Tee - Comp or Social BOOK GROUP 9 /18 Moore, Ian 7 Day Pezzimenti, Chris 7 Day 09:02 am 1st Tee - Comp or Social BOOK GROUP 9 /18 Spain, Leanne 5 Day Kirkham, Lyn 5 Day Templar, Heather 5 Day 09:10 am 1st Tee - Comp or Social BOOK GROUP 9 /18 Brown, Michael 5 Day Sullivan, Maurice 5 Day Nguyen, Minh 5 Day 09:18 am 1st Tee - Comp or Social 9 /18 Brugaletta, Manny Special 5.12 Crivelli, Bruno Special 5.12 Schirato, Robert Special 5.12 Tarallo, Guido 5 Day 09:26 am 1st Tee - Comp or Social 9 /18 Vincitorio, Matt Special 5.12 Tancredi, Frank Special 5.12 Dalsanto, John Special 5.12 Licciardi, Sam Special 5.12 09:34 am 1st Tee - Comp or Social 9 /18 Ramalingam, Shekila Nine Hole Ramalingam, Shamala Nine Hole Ritchie, Elise Nine Hole Murtagh, Kerri Nine Hole 09:42 am 1st Tee - Comp or Social 9 /18 Wilkinson, Jan Special 5.12 Gibson, Frances Special 5.12 Hill, Kay 5 Day Keating, Elaine 5 Day 09:50 am 1st Tee - Comp or Social 9 /18 Yeoh, Daniel 5 Day Little, Kelvin 7 Day Chiera, Anthony Visitor - Future Golf Edwards, Trent Visitor - Future Golf 09:58 am 1st Tee - Comp or Social BOOK GROUP 9 /18 Veale, Sharon 5 Day Tabone, Donna 5 Day Byrnes, Noelene 5 Day 10:06 am 1st Tee - Comp or Social BOOK GROUP 9 /18 10:14 am 1st Tee - Comp or Social 9 /18 Church, Glenis 5 Day Bult, Shirley 5 Day Mitchell, Paula 5 Day Chin, Anna Nine Hole 10:22 am 1st Tee - Comp or Social BOOK GROUP 9 /18 Mcilroy, John 5 Day Herbert, Trevor Visitor - Green Acres Golf Club 10:30 am 1st Tee - Comp or Social 9 /18 Simpson, Christine 5 Day Conlan, Judi 5 Day Carroll, Phillip 7 Day White, Carol 5 Day 10:38 am 1st Tee - Comp or Social BOOK GROUP 9 /18 Bakker, Jeanette 5 Day Bakker, Gerry 5 Day Mcqueen, Don 5 Day 10:46 am 1st Tee - Comp or Social BOOK GROUP 9 /18 Harry Mcalpin 10:54 am 1st Tee - Comp or Social BOOK GROUP 9 /18 11:02 am 1st Tee - Comp or Social 9 /18 Loccisano, Stephen 6 Day Loccisano, Vincent 6 Day Montesano, Bruno 6 Day Young, Noah Juniors 12-14 11:10 am 1st Tee - Comp or Social BOOK GROUP 9 /18 11:18 am 1st Tee - Comp or Social BOOK GROUP 9 /18 11:26 am 1st Tee - Comp or Social BOOK GROUP 9 /18 11:34 am 1st Tee - Comp or Social BOOK GROUP 9 /18 11:42 am 1st Tee - Comp or Social BOOK GROUP 9 /18 11:50 am 1st Tee - Comp or Social BOOK GROUP 9 /18 Wood, Sarah 5 Day Villani, Raffaela Special 5.12 11:58 am 1st Tee - Comp or Social BOOK GROUP 9 /18 12:06 pm 1st Tee - Comp or Social BOOK GROUP 9 /18 Malcolm, Kylie 5 Day Paul, Graham Visitor - Brisbane Golf Club 12:14 pm 1st Tee - Comp or Social BOOK GROUP 9 /18 12:22 pm 1st Tee - Comp or Social BOOK GROUP 9 /18 12:30 pm 1st Tee - Comp or Social BOOK GROUP 9 /18 12:38 pm 1st Tee - Comp or Social 9 /18 Sullivan, Anthony 6 Day White, Phil Visitor Graham, Kenneth 6 Day Leard, Tony Visitor - Woodlands Golf Club 12:46 pm 1st Tee - Comp or Social BOOK GROUP 9 /18 12:54 pm 1st Tee - Comp or Social BOOK GROUP 9 /18 01:02 pm 1st Tee - Comp or Social BOOK GROUP 9 /18 Hoyle, David 7 Day 01:10 pm 1st Tee - Comp or Social BOOK GROUP 9 /18 01:18 pm 1st Tee - Comp or Social BOOK GROUP 9 /18 01:26 pm 1st Tee - Comp or Social BOOK GROUP 9 /18 Boyle, Deborah Nine Hole 01:34 pm 1st Tee - Comp or Social BOOK GROUP 9 /18 Byrnes, Noelene 5 Day Byrnes, Michael Visitor Bates, Chris Visitor 01:42 pm 1st Tee - Comp or Social BOOK GROUP 9 /18 Abbouchi, Nazih 7 Day 01:50 pm 1st Tee - Comp or Social BOOK GROUP 9 /18 Ryder, Laurence 6 Day Smrdel, Marta 6 Day 01:58 pm 1st Tee - Comp or Social BOOK GROUP 9 /18 02:06 pm 1st Tee - Comp or Social BOOK GROUP 9 /18 02:14 pm 1st Tee - Comp or Social BOOK GROUP 9 /18 02:22 pm 1st Tee - Comp or Social BOOK GROUP 9 /18 Cate, David Nine Hole 02:30 pm 1st Tee - Comp or Social BOOK GROUP 9 /18 02:38 pm 1st Tee - Comp or Social BOOK GROUP 9 /18 Doolan, Leigh Nine Hole 02:46 pm 1st Tee - Comp or Social BOOK GROUP 9 /18 Tran, Julie Nine Hole Nguyen, Tung Nine Hole 02:54 pm 1st Tee - Comp or Social BOOK GROUP 9 /18 03:02 pm 1st Tee - Comp or Social BOOK GROUP 9 /18 Malkoun, Lebe 7 Day Eid, Joseph 7 Day 03:10 pm 1st Tee - Comp or Social BOOK GROUP 9 /18 Cerra, Mario 5 Day Bozikas, David Lifestyle 03:18 pm 1st Tee - Comp or Social BOOK GROUP 9 /18 Peate, Tony 7 Day Mcilroy, Sam Visitor Peate, Leo Visitor 04:46 pm 1st Tee - Comp or Social BOOK GROUP 9 /18 04:54 pm 1st Tee - Comp or Social BOOK GROUP 9 /18 05:02 pm 1st Tee - Comp or Social BOOK GROUP 9 /18 05:10 pm 1st Tee - Comp or Social BOOK GROUP 9 /18 05:18 pm 1st Tee - Comp or Social BOOK GROUP 9 /18 05:26 pm 1st Tee - Comp or Social BOOK GROUP 9 /18 05:34 pm 1st Tee - Comp or Social BOOK GROUP 9 /18 05:42 pm 1st Tee - Comp or Social BOOK GROUP 9 /18 Stableford - Tuesday May 19 © 2026 Copyright Northern Golf Club Terms & Conditions Bookings by MiClub
2026-05-19 12:28:12 | INFO | BOOKING SUCCESS | slot=08:06 am | confirmation=HOME MEMBERS HOME LOGOUT BACK TO FIXTURES WAITING LIST Stableford Tue May 19 Show: All AM PM 9 Holes Available 160 Confirmed Bookings 07:18 am 1st Tee - Comp or Social 9 /18 Galea, Martin 5 Day Gazzola, Marco 7 Day Criscione, John 5 Day Capeci, Vince 7 Day 07:26 am 1st Tee - Comp or Social 9 /18 Christian, Ian 7 Day Vocale, Ben 7 Day Singh, Naveen 5 Day Jordan, Dale Visitor - Rosanna Golf Club 07:34 am 1st Tee - Comp or Social 9 /18 Tortorella, Andrew 7 Day Borrelli, Lou 5 Day Rhodes, John 6 Day Bailey, Wayne Member Guest - Future Golf 07:42 am 1st Tee - Comp or Social BOOK GROUP 9 /18 Bezzina, Leigh 5 Day Friedman, Daniel 5 Day Iacono, Jim 7 Day 07:50 am 1st Tee - Comp or Social 9 /18 Crisapulli, Vince 5 Day Carlisle, John 5 Day Galtieri, Vince 6 Day Parbhoo, Khandoo 5 Day 07:58 am 1st Tee - Comp or Social 9 /18 Jhoty, Joe 7 Day Knight, Trevor 5 Day Hussey, Mark 6 Day Hill, Jennie 6 Day 08:06 am 1st Tee - Comp or Social BOOK GROUP 9 /18 Forster, Jen 5 Day Lee, Margaret 5 Day Cuthbertson, Aaron 7 Day 08:14 am 1st Tee - Comp or Social BOOK GROUP 9 /18 Tamburrino, Gail 5 Day Shaw, Lesley 5 Day Randles, Margaret 5 Day 08:22 am 1st Tee - Comp or Social 9 /18 Ryan, Stephen 5 Day Moloney, Helen 5 Day Nightingale, Allison 5 Day Porter, Ragna 5 Day 08:30 am 1st Tee - Comp or Social 9 /18 Jones, Annie 5 Day Hughes, Dianne 5 Day Liu, Rong 6 Day Davies, Deidre 5 Day 08:38 am 1st Tee - Comp or Social 9 /18 Walker, Mary 5 Day Leyden, Beverley 5 Day Hoey, Janine 5 Day Bernhardt, Sarah Visitor - Commonwealth Golf Club 08:46 am 1st Tee - Comp or Social BOOK GROUP 9 /18 Reardon, Dianne 5 Day Hewat, Norma 5 Day Righton, Jill 5 Day 08:54 am 1st Tee - Comp or Social BOOK GROUP 9 /18 Moore, Ian 7 Day Pezzimenti, Chris 7 Day 09:02 am 1st Tee - Comp or Social BOOK GROUP 9 /18 Spain, Leanne 5 Day Kirkham, Lyn 5 Day Templar, Heather 5 Day 09:10 am 1st Tee - Comp or Social BOOK GROUP 9 /18 Brown, Michael 5 Day Sullivan, Maurice 5 Day Nguyen, Minh 5 Day 09:18 am 1st Tee - Comp or Social 9 /18 Brugaletta, Manny Special 5.12 Crivelli, Bruno Special 5.12 Schirato, Robert Special 5.12 Tarallo, Guido 5 Day 09:26 am 1st Tee - Comp or Social 9 /18 Vincitorio, Matt Special 5.12 Tancredi, Frank Special 5.12 Dalsanto, John Special 5.12 Licciardi, Sam Special 5.12 09:34 am 1st Tee - Comp or Social 9 /18 Ramalingam, Shekila Nine Hole Ramalingam, Shamala Nine Hole Ritchie, Elise Nine Hole Murtagh, Kerri Nine Hole 09:42 am 1st Tee - Comp or Social 9 /18 Wilkinson, Jan Special 5.12 Gibson, Frances Special 5.12 Hill, Kay 5 Day Keating, Elaine 5 Day 09:50 am 1st Tee - Comp or Social 9 /18 Yeoh, Daniel 5 Day Little, Kelvin 7 Day Chiera, Anthony Visitor - Future Golf Edwards, Trent Visitor - Future Golf 09:58 am 1st Tee - Comp or Social BOOK GROUP 9 /18 Veale, Sharon 5 Day Tabone, Donna 5 Day Byrnes, Noelene 5 Day 10:06 am 1st Tee - Comp or Social BOOK GROUP 9 /18 10:14 am 1st Tee - Comp or Social 9 /18 Church, Glenis 5 Day Bult, Shirley 5 Day Mitchell, Paula 5 Day Chin, Anna Nine Hole 10:22 am 1st Tee - Comp or Social BOOK GROUP 9 /18 Mcilroy, John 5 Day Herbert, Trevor Visitor - Green Acres Golf Club 10:30 am 1st Tee - Comp or Social 9 /18 Simpson, Christine 5 Day Conlan, Judi 5 Day Carroll, Phillip 7 Day White, Carol 5 Day 10:38 am 1st Tee - Comp or Social BOOK GROUP 9 /18 Bakker, Jeanette 5 Day Bakker, Gerry 5 Day Mcqueen, Don 5 Day 10:46 am 1st Tee - Comp or Social BOOK GROUP 9 /18 Harry Mcalpin 10:54 am 1st Tee - Comp or Social BOOK GROUP 9 /18 11:02 am 1st Tee - Comp or Social 9 /18 Loccisano, Stephen 6 Day Loccisano, Vincent 6 Day Montesano, Bruno 6 Day Young, Noah Juniors 12-14 11:10 am 1st Tee - Comp or Social BOOK GROUP 9 /18 11:18 am 1st Tee - Comp or Social BOOK GROUP 9 /18 11:26 am 1st Tee - Comp or Social BOOK GROUP 9 /18 11:34 am 1st Tee - Comp or Social BOOK GROUP 9 /18 11:42 am 1st Tee - Comp or Social BOOK GROUP 9 /18 11:50 am 1st Tee - Comp or Social BOOK GROUP 9 /18 Wood, Sarah 5 Day Villani, Raffaela Special 5.12 11:58 am 1st Tee - Comp or Social BOOK GROUP 9 /18 12:06 pm 1st Tee - Comp or Social BOOK GROUP 9 /18 Malcolm, Kylie 5 Day Paul, Graham Visitor - Brisbane Golf Club 12:14 pm 1st Tee - Comp or Social BOOK GROUP 9 /18 12:22 pm 1st Tee - Comp or Social BOOK GROUP 9 /18 12:30 pm 1st Tee - Comp or Social BOOK GROUP 9 /18 12:38 pm 1st Tee - Comp or Social 9 /18 Sullivan, Anthony 6 Day White, Phil Visitor Graham, Kenneth 6 Day Leard, Tony Visitor - Woodlands Golf Club 12:46 pm 1st Tee - Comp or Social BOOK GROUP 9 /18 12:54 pm 1st Tee - Comp or Social BOOK GROUP 9 /18 01:02 pm 1st Tee - Comp or Social BOOK GROUP 9 /18 Hoyle, David 7 Day 01:10 pm 1st Tee - Comp or Social BOOK GROUP 9 /18 01:18 pm 1st Tee - Comp or Social BOOK GROUP 9 /18 01:26 pm 1st Tee - Comp or Social BOOK GROUP 9 /18 Boyle, Deborah Nine Hole 01:34 pm 1st Tee - Comp or Social BOOK GROUP 9 /18 Byrnes, Noelene 5 Day Byrnes, Michael Visitor Bates, Chris Visitor 01:42 pm 1st Tee - Comp or Social BOOK GROUP 9 /18 Abbouchi, Nazih 7 Day 01:50 pm 1st Tee - Comp or Social BOOK GROUP 9 /18 Ryder, Laurence 6 Day Smrdel, Marta 6 Day 01:58 pm 1st Tee - Comp or Social BOOK GROUP 9 /18 02:06 pm 1st Tee - Comp or Social BOOK GROUP 9 /18 02:14 pm 1st Tee - Comp or Social BOOK GROUP 9 /18 02:22 pm 1st Tee - Comp or Social BOOK GROUP 9 /18 Cate, David Nine Hole 02:30 pm 1st Tee - Comp or Social BOOK GROUP 9 /18 02:38 pm 1st Tee - Comp or Social BOOK GROUP 9 /18 Doolan, Leigh Nine Hole 02:46 pm 1st Tee - Comp or Social BOOK GROUP 9 /18 Tran, Julie Nine Hole Nguyen, Tung Nine Hole 02:54 pm 1st Tee - Comp or Social BOOK GROUP 9 /18 03:02 pm 1st Tee - Comp or Social BOOK GROUP 9 /18 Malkoun, Lebe 7 Day Eid, Joseph 7 Day 03:10 pm 1st Tee - Comp or Social BOOK GROUP 9 /18 Cerra, Mario 5 Day Bozikas, David Lifestyle 03:18 pm 1st Tee - Comp or Social BOOK GROUP 9 /18 Peate, Tony 7 Day Mcilroy, Sam Visitor Peate, Leo Visitor 04:46 pm 1st Tee - Comp or Social BOOK GROUP 9 /18 04:54 pm 1st Tee - Comp or Social BOOK GROUP 9 /18 05:02 pm 1st Tee - Comp or Social BOOK GROUP 9 /18 05:10 pm 1st Tee - Comp or Social BOOK GROUP 9 /18 05:18 pm 1st Tee - Comp or Social BOOK GROUP 9 /18 05:26 pm 1st Tee - Comp or Social BOOK GROUP 9 /18 05:34 pm 1st Tee - Comp or Social BOOK GROUP 9 /18 05:42 pm 1st Tee - Comp or Social BOOK GROUP 9 /18 Stableford - Tuesday May 19 © 2026 Copyright Northern Golf Club Terms & Conditions Bookings by MiClub
2026-05-19 12:32:28 | INFO | STATE => LOGIN
2026-05-19 12:33:02 | INFO | Login successful
2026-05-19 12:33:02 | INFO | STATE => OPEN_BOOKINGS
2026-05-19 12:33:02 | INFO | Found Bookings link (attempt 1)
2026-05-19 12:33:10 | INFO | Navigating into open event: OPEN
2026-05-19 12:33:18 | INFO | Event tee sheet opened
2026-05-19 12:33:18 | INFO | STATE => DISCOVER_SLOTS
2026-05-19 12:33:25 | INFO | Discovered 88 candidate slots
2026-05-19 12:33:25 | INFO | Slot: time=07:18 am status=BOOK GROUP available=True
2026-05-19 12:33:25 | INFO | Slot: time=07:18 am status=07:18 AM 1ST TEE - COMP OR SOCIAL 9 /18 GALEA, MARTIN 5 DAY GAZZOLA, MARCO 7 DAY CRISCIONE, JOHN 5 DAY CAPECI, VINCE 7 D available=False
2026-05-19 12:33:25 | INFO | Slot: time=07:18 am status=07:18 AM 1ST TEE - COMP OR SOCIAL 9 /18 available=False
2026-05-19 12:33:25 | INFO | Slot: time=07:26 am status=07:26 AM 1ST TEE - COMP OR SOCIAL 9 /18 CHRISTIAN, IAN 7 DAY VOCALE, BEN 7 DAY SINGH, NAVEEN 5 DAY JORDAN, DALE VISITOR  available=False
2026-05-19 12:33:25 | INFO | Slot: time=07:26 am status=07:26 AM 1ST TEE - COMP OR SOCIAL 9 /18 available=False
2026-05-19 12:33:25 | INFO | Slot: time=07:34 am status=07:34 AM 1ST TEE - COMP OR SOCIAL 9 /18 TORTORELLA, ANDREW 7 DAY BORRELLI, LOU 5 DAY RHODES, JOHN 6 DAY BAILEY, WAYNE ME available=False
2026-05-19 12:33:25 | INFO | Slot: time=07:34 am status=07:34 AM 1ST TEE - COMP OR SOCIAL 9 /18 available=False
2026-05-19 12:33:25 | INFO | Slot: time=07:42 am status=BOOK GROUP available=True
2026-05-19 12:33:25 | INFO | Slot: time=UNKNOWN status=BOOK GROUP available=True
2026-05-19 12:33:25 | INFO | Slot: time=07:50 am status=07:50 AM 1ST TEE - COMP OR SOCIAL 9 /18 CRISAPULLI, VINCE 5 DAY CARLISLE, JOHN 5 DAY GALTIERI, VINCE 6 DAY PARBHOO, KHAN available=False
2026-05-19 12:33:25 | INFO | Slot: time=07:50 am status=07:50 AM 1ST TEE - COMP OR SOCIAL 9 /18 available=False
2026-05-19 12:33:25 | INFO | Slot: time=07:58 am status=07:58 AM 1ST TEE - COMP OR SOCIAL 9 /18 JHOTY, JOE 7 DAY KNIGHT, TREVOR 5 DAY HUSSEY, MARK 6 DAY HILL, JENNIE 6 DAY available=False
2026-05-19 12:33:25 | INFO | Slot: time=07:58 am status=07:58 AM 1ST TEE - COMP OR SOCIAL 9 /18 available=False
2026-05-19 12:33:25 | INFO | Slot: time=08:06 am status=BOOK GROUP available=True
2026-05-19 12:33:25 | INFO | Slot: time=08:14 am status=BOOK GROUP available=True
2026-05-19 12:33:25 | INFO | Slot: time=08:22 am status=08:22 AM 1ST TEE - COMP OR SOCIAL 9 /18 RYAN, STEPHEN 5 DAY MOLONEY, HELEN 5 DAY NIGHTINGALE, ALLISON 5 DAY PORTER, RAGN available=False
2026-05-19 12:33:25 | INFO | Slot: time=08:22 am status=08:22 AM 1ST TEE - COMP OR SOCIAL 9 /18 available=False
2026-05-19 12:33:25 | INFO | Slot: time=08:30 am status=08:30 AM 1ST TEE - COMP OR SOCIAL 9 /18 JONES, ANNIE 5 DAY HUGHES, DIANNE 5 DAY LIU, RONG 6 DAY DAVIES, DEIDRE 5 DAY available=False
2026-05-19 12:33:25 | INFO | Slot: time=08:30 am status=08:30 AM 1ST TEE - COMP OR SOCIAL 9 /18 available=False
2026-05-19 12:33:25 | INFO | Slot: time=08:38 am status=08:38 AM 1ST TEE - COMP OR SOCIAL 9 /18 WALKER, MARY 5 DAY LEYDEN, BEVERLEY 5 DAY HOEY, JANINE 5 DAY BERNHARDT, SARAH VI available=False
2026-05-19 12:33:25 | INFO | Slot: time=08:38 am status=08:38 AM 1ST TEE - COMP OR SOCIAL 9 /18 available=False
2026-05-19 12:33:25 | INFO | Slot: time=08:46 am status=BOOK GROUP available=True
2026-05-19 12:33:25 | INFO | Slot: time=08:54 am status=BOOK GROUP available=True
2026-05-19 12:33:25 | INFO | Slot: time=09:02 am status=BOOK GROUP available=True
2026-05-19 12:33:25 | INFO | Slot: time=09:10 am status=BOOK GROUP available=True
2026-05-19 12:33:25 | INFO | Slot: time=09:18 am status=09:18 AM 1ST TEE - COMP OR SOCIAL 9 /18 BRUGALETTA, MANNY SPECIAL 5.12 CRIVELLI, BRUNO SPECIAL 5.12 SCHIRATO, ROBERT SPE available=False
2026-05-19 12:33:25 | INFO | Slot: time=09:18 am status=09:18 AM 1ST TEE - COMP OR SOCIAL 9 /18 available=False
2026-05-19 12:33:25 | INFO | Slot: time=09:26 am status=09:26 AM 1ST TEE - COMP OR SOCIAL 9 /18 VINCITORIO, MATT SPECIAL 5.12 TANCREDI, FRANK SPECIAL 5.12 DALSANTO, JOHN SPECIA available=False
2026-05-19 12:33:25 | INFO | Slot: time=09:26 am status=09:26 AM 1ST TEE - COMP OR SOCIAL 9 /18 available=False
2026-05-19 12:33:25 | INFO | Slot: time=09:34 am status=09:34 AM 1ST TEE - COMP OR SOCIAL 9 /18 RAMALINGAM, SHEKILA NINE HOLE RAMALINGAM, SHAMALA NINE HOLE RITCHIE, ELISE NINE  available=False
2026-05-19 12:33:25 | INFO | Slot: time=09:34 am status=09:34 AM 1ST TEE - COMP OR SOCIAL 9 /18 available=False
2026-05-19 12:33:25 | INFO | Slot: time=09:42 am status=09:42 AM 1ST TEE - COMP OR SOCIAL 9 /18 WILKINSON, JAN SPECIAL 5.12 GIBSON, FRANCES SPECIAL 5.12 HILL, KAY 5 DAY KEATING available=False
2026-05-19 12:33:25 | INFO | Slot: time=09:42 am status=09:42 AM 1ST TEE - COMP OR SOCIAL 9 /18 available=False
2026-05-19 12:33:25 | INFO | Slot: time=09:50 am status=09:50 AM 1ST TEE - COMP OR SOCIAL 9 /18 YEOH, DANIEL 5 DAY LITTLE, KELVIN 7 DAY CHIERA, ANTHONY VISITOR - FUTURE GOLF ED available=False
2026-05-19 12:33:25 | INFO | Slot: time=09:50 am status=09:50 AM 1ST TEE - COMP OR SOCIAL 9 /18 available=False
2026-05-19 12:33:25 | INFO | Slot: time=09:58 am status=BOOK GROUP available=True
2026-05-19 12:33:25 | INFO | Slot: time=10:06 am status=BOOK GROUP available=True
2026-05-19 12:33:25 | INFO | Slot: time=10:14 am status=10:14 AM 1ST TEE - COMP OR SOCIAL 9 /18 CHURCH, GLENIS 5 DAY BULT, SHIRLEY 5 DAY MITCHELL, PAULA 5 DAY CHIN, ANNA NINE H available=False
2026-05-19 12:33:25 | INFO | Slot: time=10:14 am status=10:14 AM 1ST TEE - COMP OR SOCIAL 9 /18 available=False
2026-05-19 12:33:25 | INFO | Slot: time=10:22 am status=BOOK GROUP available=True
2026-05-19 12:33:25 | INFO | Slot: time=10:30 am status=10:30 AM 1ST TEE - COMP OR SOCIAL 9 /18 SIMPSON, CHRISTINE 5 DAY CONLAN, JUDI 5 DAY CARROLL, PHILLIP 7 DAY WHITE, CAROL  available=False
2026-05-19 12:33:25 | INFO | Slot: time=10:30 am status=10:30 AM 1ST TEE - COMP OR SOCIAL 9 /18 available=False
2026-05-19 12:33:25 | INFO | Slot: time=10:38 am status=BOOK GROUP available=True
2026-05-19 12:33:25 | INFO | Slot: time=10:46 am status=BOOK GROUP available=True
2026-05-19 12:33:25 | INFO | Slot: time=10:54 am status=BOOK GROUP available=True
2026-05-19 12:33:25 | INFO | Slot: time=11:02 am status=11:02 AM 1ST TEE - COMP OR SOCIAL 9 /18 LOCCISANO, STEPHEN 6 DAY LOCCISANO, VINCENT 6 DAY MONTESANO, BRUNO 6 DAY YOUNG,  available=False
2026-05-19 12:33:25 | INFO | Slot: time=11:02 am status=11:02 AM 1ST TEE - COMP OR SOCIAL 9 /18 available=False
2026-05-19 12:33:25 | INFO | Slot: time=11:10 am status=BOOK GROUP available=True
2026-05-19 12:33:25 | INFO | Slot: time=11:18 am status=BOOK GROUP available=True
2026-05-19 12:33:25 | INFO | Slot: time=11:26 am status=BOOK GROUP available=True
2026-05-19 12:33:25 | INFO | Slot: time=11:34 am status=BOOK GROUP available=True
2026-05-19 12:33:25 | INFO | Slot: time=11:42 am status=BOOK GROUP available=True
2026-05-19 12:33:25 | INFO | Slot: time=11:50 am status=BOOK GROUP available=True
2026-05-19 12:33:25 | INFO | Slot: time=11:58 am status=BOOK GROUP available=True
2026-05-19 12:33:25 | INFO | Slot: time=12:06 pm status=BOOK GROUP available=True
2026-05-19 12:33:25 | INFO | Slot: time=12:14 pm status=BOOK GROUP available=True
2026-05-19 12:33:25 | INFO | Slot: time=12:22 pm status=BOOK GROUP available=True
2026-05-19 12:33:25 | INFO | Slot: time=12:30 pm status=BOOK GROUP available=True
2026-05-19 12:33:25 | INFO | Slot: time=12:38 pm status=12:38 PM 1ST TEE - COMP OR SOCIAL 9 /18 SULLIVAN, ANTHONY 6 DAY WHITE, PHIL VISITOR GRAHAM, KENNETH 6 DAY LEARD, TONY VI available=False
2026-05-19 12:33:25 | INFO | Slot: time=12:38 pm status=12:38 PM 1ST TEE - COMP OR SOCIAL 9 /18 available=False
2026-05-19 12:33:25 | INFO | Slot: time=12:46 pm status=BOOK GROUP available=True
2026-05-19 12:33:25 | INFO | Slot: time=12:54 pm status=BOOK GROUP available=True
2026-05-19 12:33:25 | INFO | Slot: time=01:02 pm status=BOOK GROUP available=True
2026-05-19 12:33:25 | INFO | Slot: time=01:10 pm status=BOOK GROUP available=True
2026-05-19 12:33:25 | INFO | Slot: time=01:18 pm status=BOOK GROUP available=True
2026-05-19 12:33:25 | INFO | Slot: time=01:26 pm status=BOOK GROUP available=True
2026-05-19 12:33:25 | INFO | Slot: time=01:34 pm status=BOOK GROUP available=True
2026-05-19 12:33:25 | INFO | Slot: time=01:42 pm status=BOOK GROUP available=True
2026-05-19 12:33:25 | INFO | Slot: time=01:50 pm status=BOOK GROUP available=True
2026-05-19 12:33:25 | INFO | Slot: time=01:58 pm status=BOOK GROUP available=True
2026-05-19 12:33:25 | INFO | Slot: time=02:06 pm status=BOOK GROUP available=True
2026-05-19 12:33:25 | INFO | Slot: time=02:14 pm status=BOOK GROUP available=True
2026-05-19 12:33:25 | INFO | Slot: time=02:22 pm status=BOOK GROUP available=True
2026-05-19 12:33:25 | INFO | Slot: time=02:30 pm status=BOOK GROUP available=True
2026-05-19 12:33:25 | INFO | Slot: time=02:38 pm status=BOOK GROUP available=True
2026-05-19 12:33:25 | INFO | Slot: time=02:46 pm status=BOOK GROUP available=True
2026-05-19 12:33:25 | INFO | Slot: time=02:54 pm status=BOOK GROUP available=True
2026-05-19 12:33:25 | INFO | Slot: time=03:02 pm status=BOOK GROUP available=True
2026-05-19 12:33:25 | INFO | Slot: time=03:10 pm status=BOOK GROUP available=True
2026-05-19 12:33:25 | INFO | Slot: time=03:18 pm status=BOOK GROUP available=True
2026-05-19 12:33:25 | INFO | Slot: time=04:46 pm status=BOOK GROUP available=True
2026-05-19 12:33:25 | INFO | Slot: time=04:54 pm status=BOOK GROUP available=True
2026-05-19 12:33:25 | INFO | Slot: time=05:02 pm status=BOOK GROUP available=True
2026-05-19 12:33:25 | INFO | Slot: time=05:10 pm status=BOOK GROUP available=True
2026-05-19 12:33:25 | INFO | Slot: time=05:18 pm status=BOOK GROUP available=True
2026-05-19 12:33:25 | INFO | Slot: time=05:26 pm status=BOOK GROUP available=True
2026-05-19 12:33:25 | INFO | Slot: time=05:34 pm status=BOOK GROUP available=True
2026-05-19 12:33:25 | INFO | Slot: time=05:42 pm status=BOOK GROUP available=True
2026-05-19 12:33:25 | INFO | STATE => SELECT_SLOT
2026-05-19 12:33:33 | INFO | Selected slot: 08:06 am (BOOK GROUP)
2026-05-19 12:33:36 | INFO | STATE => CONFIRM_BOOKING
2026-05-19 12:33:46 | INFO | Confirmation modal detected
2026-05-19 12:33:46 | INFO | Saved screenshot: screenshots/20260519_073346_957008_confirm_modal.png
2026-05-19 12:33:57 | WARNING | Exception during attempt 1: Message: no such element: Unable to locate element: {"method":"xpath","selector":".//button[normalize-space()='Yes' or normalize-space()='YES']"}
  (Session info: chrome=147.0.7727.55); For documentation on this error, please visit: https://www.selenium.dev/documentation/webdriver/troubleshooting/errors#nosuchelementexception
Stacktrace:
#0 0x596bf5fc479a <unknown>
#1 0x596bf59c0215 <unknown>
#2 0x596bf5a12f06 <unknown>
#3 0x596bf5a13141 <unknown>
#4 0x596bf5a07eb6 <unknown>
#5 0x596bf5a07d97 <unknown>
#6 0x596bf5a5b7d0 <unknown>
#7 0x596bf5a0655f <unknown>
#8 0x596bf5a07321 <unknown>
#9 0x596bf5f8806b <unknown>
#10 0x596bf5f8b01d <unknown>
#11 0x596bf5f74718 <unknown>
#12 0x596bf5f8bbb0 <unknown>
#13 0x596bf5f5b150 <unknown>
#14 0x596bf5fb15e8 <unknown>
#15 0x596bf5fb17b8 <unknown>
#16 0x596bf5fc31de <unknown>
#17 0x71d693c9caa4 <unknown>
#18 0x71d693d29c6c <unknown>

2026-05-19 12:33:57 | INFO | Saved screenshot: screenshots/20260519_073357_338708_attempt_1_error.png
2026-05-19 12:33:57 | INFO | Retrying in 0.92s (attempt 1/4)
2026-05-19 12:33:58 | INFO | STATE => DISCOVER_SLOTS
2026-05-19 12:33:58 | INFO | No candidate slots found on page
2026-05-19 12:33:58 | INFO | STATE => SELECT_SLOT
2026-05-19 12:33:58 | INFO | Retrying in 1.79s (attempt 2/4)
2026-05-19 12:34:00 | INFO | STATE => DISCOVER_SLOTS
2026-05-19 12:34:00 | INFO | No candidate slots found on page
2026-05-19 12:34:00 | INFO | STATE => SELECT_SLOT
2026-05-19 12:34:00 | INFO | Retrying in 3.24s (attempt 3/4)
2026-05-19 12:34:03 | INFO | STATE => DISCOVER_SLOTS
2026-05-19 12:34:03 | INFO | No candidate slots found on page
2026-05-19 12:34:03 | INFO | STATE => SELECT_SLOT
2026-05-19 12:34:03 | ERROR | BOOKING FAILED | error=No slots detected
2026-05-19 13:05:05 | INFO | STATE => LOGIN
2026-05-19 13:05:38 | INFO | Login successful
2026-05-19 13:05:38 | INFO | STATE => OPEN_BOOKINGS
2026-05-19 13:05:38 | INFO | Found Bookings link (attempt 1)
2026-05-19 13:05:45 | INFO | Navigating into open event: OPEN
2026-05-19 13:05:52 | INFO | Event tee sheet opened
2026-05-19 13:05:52 | INFO | STATE => DISCOVER_SLOTS
2026-05-19 13:06:00 | INFO | Discovered 88 candidate slots
2026-05-19 13:06:00 | INFO | Slot: time=07:18 am status=BOOK GROUP available=True
2026-05-19 13:06:00 | INFO | Slot: time=07:18 am status=07:18 AM 1ST TEE - COMP OR SOCIAL 9 /18 GALEA, MARTIN 5 DAY GAZZOLA, MARCO 7 DAY CRISCIONE, JOHN 5 DAY CAPECI, VINCE 7 D available=False
2026-05-19 13:06:00 | INFO | Slot: time=07:18 am status=07:18 AM 1ST TEE - COMP OR SOCIAL 9 /18 available=False
2026-05-19 13:06:00 | INFO | Slot: time=07:26 am status=07:26 AM 1ST TEE - COMP OR SOCIAL 9 /18 CHRISTIAN, IAN 7 DAY VOCALE, BEN 7 DAY SINGH, NAVEEN 5 DAY JORDAN, DALE VISITOR  available=False
2026-05-19 13:06:00 | INFO | Slot: time=07:26 am status=07:26 AM 1ST TEE - COMP OR SOCIAL 9 /18 available=False
2026-05-19 13:06:00 | INFO | Slot: time=07:34 am status=07:34 AM 1ST TEE - COMP OR SOCIAL 9 /18 TORTORELLA, ANDREW 7 DAY BORRELLI, LOU 5 DAY RHODES, JOHN 6 DAY BAILEY, WAYNE ME available=False
2026-05-19 13:06:00 | INFO | Slot: time=07:34 am status=07:34 AM 1ST TEE - COMP OR SOCIAL 9 /18 available=False
2026-05-19 13:06:00 | INFO | Slot: time=07:42 am status=BOOK GROUP available=True
2026-05-19 13:06:00 | INFO | Slot: time=UNKNOWN status=BOOK GROUP available=True
2026-05-19 13:06:00 | INFO | Slot: time=07:50 am status=07:50 AM 1ST TEE - COMP OR SOCIAL 9 /18 CRISAPULLI, VINCE 5 DAY CARLISLE, JOHN 5 DAY GALTIERI, VINCE 6 DAY PARBHOO, KHAN available=False
2026-05-19 13:06:00 | INFO | Slot: time=07:50 am status=07:50 AM 1ST TEE - COMP OR SOCIAL 9 /18 available=False
2026-05-19 13:06:00 | INFO | Slot: time=07:58 am status=07:58 AM 1ST TEE - COMP OR SOCIAL 9 /18 JHOTY, JOE 7 DAY KNIGHT, TREVOR 5 DAY HUSSEY, MARK 6 DAY HILL, JENNIE 6 DAY available=False
2026-05-19 13:06:00 | INFO | Slot: time=07:58 am status=07:58 AM 1ST TEE - COMP OR SOCIAL 9 /18 available=False
2026-05-19 13:06:00 | INFO | Slot: time=08:06 am status=BOOK GROUP available=True
2026-05-19 13:06:00 | INFO | Slot: time=08:14 am status=BOOK GROUP available=True
2026-05-19 13:06:00 | INFO | Slot: time=08:22 am status=08:22 AM 1ST TEE - COMP OR SOCIAL 9 /18 RYAN, STEPHEN 5 DAY MOLONEY, HELEN 5 DAY NIGHTINGALE, ALLISON 5 DAY PORTER, RAGN available=False
2026-05-19 13:06:00 | INFO | Slot: time=08:22 am status=08:22 AM 1ST TEE - COMP OR SOCIAL 9 /18 available=False
2026-05-19 13:06:00 | INFO | Slot: time=08:30 am status=08:30 AM 1ST TEE - COMP OR SOCIAL 9 /18 JONES, ANNIE 5 DAY HUGHES, DIANNE 5 DAY LIU, RONG 6 DAY DAVIES, DEIDRE 5 DAY available=False
2026-05-19 13:06:00 | INFO | Slot: time=08:30 am status=08:30 AM 1ST TEE - COMP OR SOCIAL 9 /18 available=False
2026-05-19 13:06:00 | INFO | Slot: time=08:38 am status=08:38 AM 1ST TEE - COMP OR SOCIAL 9 /18 WALKER, MARY 5 DAY LEYDEN, BEVERLEY 5 DAY HOEY, JANINE 5 DAY BERNHARDT, SARAH VI available=False
2026-05-19 13:06:00 | INFO | Slot: time=08:38 am status=08:38 AM 1ST TEE - COMP OR SOCIAL 9 /18 available=False
2026-05-19 13:06:00 | INFO | Slot: time=08:46 am status=BOOK GROUP available=True
2026-05-19 13:06:00 | INFO | Slot: time=08:54 am status=BOOK GROUP available=True
2026-05-19 13:06:00 | INFO | Slot: time=09:02 am status=BOOK GROUP available=True
2026-05-19 13:06:00 | INFO | Slot: time=09:10 am status=BOOK GROUP available=True
2026-05-19 13:06:00 | INFO | Slot: time=09:18 am status=09:18 AM 1ST TEE - COMP OR SOCIAL 9 /18 BRUGALETTA, MANNY SPECIAL 5.12 CRIVELLI, BRUNO SPECIAL 5.12 SCHIRATO, ROBERT SPE available=False
2026-05-19 13:06:00 | INFO | Slot: time=09:18 am status=09:18 AM 1ST TEE - COMP OR SOCIAL 9 /18 available=False
2026-05-19 13:06:00 | INFO | Slot: time=09:26 am status=09:26 AM 1ST TEE - COMP OR SOCIAL 9 /18 VINCITORIO, MATT SPECIAL 5.12 TANCREDI, FRANK SPECIAL 5.12 DALSANTO, JOHN SPECIA available=False
2026-05-19 13:06:00 | INFO | Slot: time=09:26 am status=09:26 AM 1ST TEE - COMP OR SOCIAL 9 /18 available=False
2026-05-19 13:06:00 | INFO | Slot: time=09:34 am status=09:34 AM 1ST TEE - COMP OR SOCIAL 9 /18 RAMALINGAM, SHEKILA NINE HOLE RAMALINGAM, SHAMALA NINE HOLE RITCHIE, ELISE NINE  available=False
2026-05-19 13:06:00 | INFO | Slot: time=09:34 am status=09:34 AM 1ST TEE - COMP OR SOCIAL 9 /18 available=False
2026-05-19 13:06:00 | INFO | Slot: time=09:42 am status=09:42 AM 1ST TEE - COMP OR SOCIAL 9 /18 WILKINSON, JAN SPECIAL 5.12 GIBSON, FRANCES SPECIAL 5.12 HILL, KAY 5 DAY KEATING available=False
2026-05-19 13:06:00 | INFO | Slot: time=09:42 am status=09:42 AM 1ST TEE - COMP OR SOCIAL 9 /18 available=False
2026-05-19 13:06:00 | INFO | Slot: time=09:50 am status=09:50 AM 1ST TEE - COMP OR SOCIAL 9 /18 YEOH, DANIEL 5 DAY LITTLE, KELVIN 7 DAY CHIERA, ANTHONY VISITOR - FUTURE GOLF ED available=False
2026-05-19 13:06:00 | INFO | Slot: time=09:50 am status=09:50 AM 1ST TEE - COMP OR SOCIAL 9 /18 available=False
2026-05-19 13:06:00 | INFO | Slot: time=09:58 am status=BOOK GROUP available=True
2026-05-19 13:06:00 | INFO | Slot: time=10:06 am status=BOOK GROUP available=True
2026-05-19 13:06:00 | INFO | Slot: time=10:14 am status=10:14 AM 1ST TEE - COMP OR SOCIAL 9 /18 CHURCH, GLENIS 5 DAY BULT, SHIRLEY 5 DAY MITCHELL, PAULA 5 DAY CHIN, ANNA NINE H available=False
2026-05-19 13:06:00 | INFO | Slot: time=10:14 am status=10:14 AM 1ST TEE - COMP OR SOCIAL 9 /18 available=False
2026-05-19 13:06:00 | INFO | Slot: time=10:22 am status=BOOK GROUP available=True
2026-05-19 13:06:00 | INFO | Slot: time=10:30 am status=10:30 AM 1ST TEE - COMP OR SOCIAL 9 /18 SIMPSON, CHRISTINE 5 DAY CONLAN, JUDI 5 DAY CARROLL, PHILLIP 7 DAY WHITE, CAROL  available=False
2026-05-19 13:06:00 | INFO | Slot: time=10:30 am status=10:30 AM 1ST TEE - COMP OR SOCIAL 9 /18 available=False
2026-05-19 13:06:00 | INFO | Slot: time=10:38 am status=BOOK GROUP available=True
2026-05-19 13:06:00 | INFO | Slot: time=10:46 am status=BOOK GROUP available=True
2026-05-19 13:06:00 | INFO | Slot: time=10:54 am status=BOOK GROUP available=True
2026-05-19 13:06:00 | INFO | Slot: time=11:02 am status=11:02 AM 1ST TEE - COMP OR SOCIAL 9 /18 LOCCISANO, STEPHEN 6 DAY LOCCISANO, VINCENT 6 DAY MONTESANO, BRUNO 6 DAY YOUNG,  available=False
2026-05-19 13:06:00 | INFO | Slot: time=11:02 am status=11:02 AM 1ST TEE - COMP OR SOCIAL 9 /18 available=False
2026-05-19 13:06:00 | INFO | Slot: time=11:10 am status=BOOK GROUP available=True
2026-05-19 13:06:00 | INFO | Slot: time=11:18 am status=BOOK GROUP available=True
2026-05-19 13:06:00 | INFO | Slot: time=11:26 am status=BOOK GROUP available=True
2026-05-19 13:06:00 | INFO | Slot: time=11:34 am status=BOOK GROUP available=True
2026-05-19 13:06:00 | INFO | Slot: time=11:42 am status=BOOK GROUP available=True
2026-05-19 13:06:00 | INFO | Slot: time=11:50 am status=BOOK GROUP available=True
2026-05-19 13:06:00 | INFO | Slot: time=11:58 am status=BOOK GROUP available=True
2026-05-19 13:06:00 | INFO | Slot: time=12:06 pm status=BOOK GROUP available=True
2026-05-19 13:06:00 | INFO | Slot: time=12:14 pm status=BOOK GROUP available=True
2026-05-19 13:06:00 | INFO | Slot: time=12:22 pm status=BOOK GROUP available=True
2026-05-19 13:06:00 | INFO | Slot: time=12:30 pm status=BOOK GROUP available=True
2026-05-19 13:06:00 | INFO | Slot: time=12:38 pm status=12:38 PM 1ST TEE - COMP OR SOCIAL 9 /18 SULLIVAN, ANTHONY 6 DAY WHITE, PHIL VISITOR GRAHAM, KENNETH 6 DAY LEARD, TONY VI available=False
2026-05-19 13:06:00 | INFO | Slot: time=12:38 pm status=12:38 PM 1ST TEE - COMP OR SOCIAL 9 /18 available=False
2026-05-19 13:06:00 | INFO | Slot: time=12:46 pm status=BOOK GROUP available=True
2026-05-19 13:06:00 | INFO | Slot: time=12:54 pm status=BOOK GROUP available=True
2026-05-19 13:06:00 | INFO | Slot: time=01:02 pm status=BOOK GROUP available=True
2026-05-19 13:06:00 | INFO | Slot: time=01:10 pm status=BOOK GROUP available=True
2026-05-19 13:06:00 | INFO | Slot: time=01:18 pm status=BOOK GROUP available=True
2026-05-19 13:06:00 | INFO | Slot: time=01:26 pm status=BOOK GROUP available=True
2026-05-19 13:06:00 | INFO | Slot: time=01:34 pm status=BOOK GROUP available=True
2026-05-19 13:06:00 | INFO | Slot: time=01:42 pm status=BOOK GROUP available=True
2026-05-19 13:06:00 | INFO | Slot: time=01:50 pm status=BOOK GROUP available=True
2026-05-19 13:06:00 | INFO | Slot: time=01:58 pm status=BOOK GROUP available=True
2026-05-19 13:06:00 | INFO | Slot: time=02:06 pm status=BOOK GROUP available=True
2026-05-19 13:06:00 | INFO | Slot: time=02:14 pm status=BOOK GROUP available=True
2026-05-19 13:06:00 | INFO | Slot: time=02:22 pm status=BOOK GROUP available=True
2026-05-19 13:06:00 | INFO | Slot: time=02:30 pm status=BOOK GROUP available=True
2026-05-19 13:06:00 | INFO | Slot: time=02:38 pm status=BOOK GROUP available=True
2026-05-19 13:06:00 | INFO | Slot: time=02:46 pm status=BOOK GROUP available=True
2026-05-19 13:06:00 | INFO | Slot: time=02:54 pm status=BOOK GROUP available=True
2026-05-19 13:06:00 | INFO | Slot: time=03:02 pm status=BOOK GROUP available=True
2026-05-19 13:06:00 | INFO | Slot: time=03:10 pm status=BOOK GROUP available=True
2026-05-19 13:06:00 | INFO | Slot: time=03:18 pm status=BOOK GROUP available=True
2026-05-19 13:06:00 | INFO | Slot: time=04:46 pm status=BOOK GROUP available=True
2026-05-19 13:06:00 | INFO | Slot: time=04:54 pm status=BOOK GROUP available=True
2026-05-19 13:06:00 | INFO | Slot: time=05:02 pm status=BOOK GROUP available=True
2026-05-19 13:06:00 | INFO | Slot: time=05:10 pm status=BOOK GROUP available=True
2026-05-19 13:06:00 | INFO | Slot: time=05:18 pm status=BOOK GROUP available=True
2026-05-19 13:06:00 | INFO | Slot: time=05:26 pm status=BOOK GROUP available=True
2026-05-19 13:06:00 | INFO | Slot: time=05:34 pm status=BOOK GROUP available=True
2026-05-19 13:06:00 | INFO | Slot: time=05:42 pm status=BOOK GROUP available=True
2026-05-19 13:06:00 | INFO | STATE => SELECT_SLOT
2026-05-19 13:06:08 | INFO | Selected slot: 08:06 am (BOOK GROUP)
2026-05-19 13:06:12 | INFO | STATE => CONFIRM_BOOKING
2026-05-19 13:06:14 | INFO | Saved screenshot: screenshots/20260519_080614_305863_pre_confirm_page.png
2026-05-19 13:06:14 | INFO | Confirm Booking button found: tag=button
2026-05-19 13:06:15 | INFO | Clicked Confirm Booking
2026-05-19 13:06:15 | INFO | STATE => VERIFY_SUCCESS
2026-05-19 13:06:19 | INFO | Success banner detected: HOME MEMBERS HOME LOGOUT BACK TO FIXTURES WAITING LIST Stableford Tue May 19 Show: All AM PM 9 Holes Available 160 Confirmed Bookings 07:18 am 1st Tee - Comp or Social 9 /18 Galea, Martin 5 Day Gazzola, Marco 7 Day Criscione, John 5 Day Capeci, Vince 7 Day 07:26 am 1st Tee - Comp or Social 9 /18 Christian, Ian 7 Day Vocale, Ben 7 Day Singh, Naveen 5 Day Jordan, Dale Visitor - Rosanna Golf Club 07:34 am 1st Tee - Comp or Social 9 /18 Tortorella, Andrew 7 Day Borrelli, Lou 5 Day Rhodes, John 6 Day Bailey, Wayne Member Guest - Future Golf 07:42 am 1st Tee - Comp or Social BOOK GROUP 9 /18 Bezzina, Leigh 5 Day Friedman, Daniel 5 Day Iacono, Jim 7 Day 07:50 am 1st Tee - Comp or Social 9 /18 Crisapulli, Vince 5 Day Carlisle, John 5 Day Galtieri, Vince 6 Day Parbhoo, Khandoo 5 Day 07:58 am 1st Tee - Comp or Social 9 /18 Jhoty, Joe 7 Day Knight, Trevor 5 Day Hussey, Mark 6 Day Hill, Jennie 6 Day 08:06 am 1st Tee - Comp or Social BOOK GROUP 9 /18 Forster, Jen 5 Day Lee, Margaret 5 Day Cuthbertson, Aaron 7 Day 08:14 am 1st Tee - Comp or Social BOOK GROUP 9 /18 Tamburrino, Gail 5 Day Shaw, Lesley 5 Day Randles, Margaret 5 Day 08:22 am 1st Tee - Comp or Social 9 /18 Ryan, Stephen 5 Day Moloney, Helen 5 Day Nightingale, Allison 5 Day Porter, Ragna 5 Day 08:30 am 1st Tee - Comp or Social 9 /18 Jones, Annie 5 Day Hughes, Dianne 5 Day Liu, Rong 6 Day Davies, Deidre 5 Day 08:38 am 1st Tee - Comp or Social 9 /18 Walker, Mary 5 Day Leyden, Beverley 5 Day Hoey, Janine 5 Day Bernhardt, Sarah Visitor - Commonwealth Golf Club 08:46 am 1st Tee - Comp or Social BOOK GROUP 9 /18 Reardon, Dianne 5 Day Hewat, Norma 5 Day Righton, Jill 5 Day 08:54 am 1st Tee - Comp or Social BOOK GROUP 9 /18 Moore, Ian 7 Day Pezzimenti, Chris 7 Day 09:02 am 1st Tee - Comp or Social BOOK GROUP 9 /18 Spain, Leanne 5 Day Kirkham, Lyn 5 Day Templar, Heather 5 Day 09:10 am 1st Tee - Comp or Social BOOK GROUP 9 /18 Brown, Michael 5 Day Sullivan, Maurice 5 Day Nguyen, Minh 5 Day 09:18 am 1st Tee - Comp or Social 9 /18 Brugaletta, Manny Special 5.12 Crivelli, Bruno Special 5.12 Schirato, Robert Special 5.12 Tarallo, Guido 5 Day 09:26 am 1st Tee - Comp or Social 9 /18 Vincitorio, Matt Special 5.12 Tancredi, Frank Special 5.12 Dalsanto, John Special 5.12 Licciardi, Sam Special 5.12 09:34 am 1st Tee - Comp or Social 9 /18 Ramalingam, Shekila Nine Hole Ramalingam, Shamala Nine Hole Ritchie, Elise Nine Hole Murtagh, Kerri Nine Hole 09:42 am 1st Tee - Comp or Social 9 /18 Wilkinson, Jan Special 5.12 Gibson, Frances Special 5.12 Hill, Kay 5 Day Keating, Elaine 5 Day 09:50 am 1st Tee - Comp or Social 9 /18 Yeoh, Daniel 5 Day Little, Kelvin 7 Day Chiera, Anthony Visitor - Future Golf Edwards, Trent Visitor - Future Golf 09:58 am 1st Tee - Comp or Social BOOK GROUP 9 /18 Veale, Sharon 5 Day Tabone, Donna 5 Day Byrnes, Noelene 5 Day 10:06 am 1st Tee - Comp or Social BOOK GROUP 9 /18 10:14 am 1st Tee - Comp or Social 9 /18 Church, Glenis 5 Day Bult, Shirley 5 Day Mitchell, Paula 5 Day Chin, Anna Nine Hole 10:22 am 1st Tee - Comp or Social BOOK GROUP 9 /18 Mcilroy, John 5 Day Herbert, Trevor Visitor - Green Acres Golf Club 10:30 am 1st Tee - Comp or Social 9 /18 Simpson, Christine 5 Day Conlan, Judi 5 Day Carroll, Phillip 7 Day White, Carol 5 Day 10:38 am 1st Tee - Comp or Social BOOK GROUP 9 /18 Bakker, Jeanette 5 Day Bakker, Gerry 5 Day Mcqueen, Don 5 Day 10:46 am 1st Tee - Comp or Social BOOK GROUP 9 /18 Harry Mcalpin 10:54 am 1st Tee - Comp or Social BOOK GROUP 9 /18 11:02 am 1st Tee - Comp or Social 9 /18 Loccisano, Stephen 6 Day Loccisano, Vincent 6 Day Montesano, Bruno 6 Day Young, Noah Juniors 12-14 11:10 am 1st Tee - Comp or Social BOOK GROUP 9 /18 11:18 am 1st Tee - Comp or Social BOOK GROUP 9 /18 11:26 am 1st Tee - Comp or Social BOOK GROUP 9 /18 11:34 am 1st Tee - Comp or Social BOOK GROUP 9 /18 11:42 am 1st Tee - Comp or Social BOOK GROUP 9 /18 11:50 am 1st Tee - Comp or Social BOOK GROUP 9 /18 Wood, Sarah 5 Day Villani, Raffaela Special 5.12 11:58 am 1st Tee - Comp or Social BOOK GROUP 9 /18 12:06 pm 1st Tee - Comp or Social BOOK GROUP 9 /18 Malcolm, Kylie 5 Day Paul, Graham Visitor - Brisbane Golf Club 12:14 pm 1st Tee - Comp or Social BOOK GROUP 9 /18 12:22 pm 1st Tee - Comp or Social BOOK GROUP 9 /18 12:30 pm 1st Tee - Comp or Social BOOK GROUP 9 /18 12:38 pm 1st Tee - Comp or Social 9 /18 Sullivan, Anthony 6 Day White, Phil Visitor Graham, Kenneth 6 Day Leard, Tony Visitor - Woodlands Golf Club 12:46 pm 1st Tee - Comp or Social BOOK GROUP 9 /18 12:54 pm 1st Tee - Comp or Social BOOK GROUP 9 /18 01:02 pm 1st Tee - Comp or Social BOOK GROUP 9 /18 Hoyle, David 7 Day 01:10 pm 1st Tee - Comp or Social BOOK GROUP 9 /18 01:18 pm 1st Tee - Comp or Social BOOK GROUP 9 /18 01:26 pm 1st Tee - Comp or Social BOOK GROUP 9 /18 Boyle, Deborah Nine Hole 01:34 pm 1st Tee - Comp or Social BOOK GROUP 9 /18 Byrnes, Noelene 5 Day Byrnes, Michael Visitor Bates, Chris Visitor 01:42 pm 1st Tee - Comp or Social BOOK GROUP 9 /18 Abbouchi, Nazih 7 Day 01:50 pm 1st Tee - Comp or Social BOOK GROUP 9 /18 Ryder, Laurence 6 Day Smrdel, Marta 6 Day 01:58 pm 1st Tee - Comp or Social BOOK GROUP 9 /18 02:06 pm 1st Tee - Comp or Social BOOK GROUP 9 /18 02:14 pm 1st Tee - Comp or Social BOOK GROUP 9 /18 02:22 pm 1st Tee - Comp or Social BOOK GROUP 9 /18 Cate, David Nine Hole 02:30 pm 1st Tee - Comp or Social BOOK GROUP 9 /18 02:38 pm 1st Tee - Comp or Social BOOK GROUP 9 /18 Doolan, Leigh Nine Hole 02:46 pm 1st Tee - Comp or Social BOOK GROUP 9 /18 Tran, Julie Nine Hole Nguyen, Tung Nine Hole 02:54 pm 1st Tee - Comp or Social BOOK GROUP 9 /18 03:02 pm 1st Tee - Comp or Social BOOK GROUP 9 /18 Malkoun, Lebe 7 Day Eid, Joseph 7 Day 03:10 pm 1st Tee - Comp or Social BOOK GROUP 9 /18 Cerra, Mario 5 Day Bozikas, David Lifestyle 03:18 pm 1st Tee - Comp or Social BOOK GROUP 9 /18 Peate, Tony 7 Day Mcilroy, Sam Visitor Peate, Leo Visitor 04:46 pm 1st Tee - Comp or Social BOOK GROUP 9 /18 04:54 pm 1st Tee - Comp or Social BOOK GROUP 9 /18 05:02 pm 1st Tee - Comp or Social BOOK GROUP 9 /18 05:10 pm 1st Tee - Comp or Social BOOK GROUP 9 /18 05:18 pm 1st Tee - Comp or Social BOOK GROUP 9 /18 05:26 pm 1st Tee - Comp or Social BOOK GROUP 9 /18 05:34 pm 1st Tee - Comp or Social BOOK GROUP 9 /18 05:42 pm 1st Tee - Comp or Social BOOK GROUP 9 /18 Stableford - Tuesday May 19 © 2026 Copyright Northern Golf Club Terms & Conditions Bookings by MiClub
2026-05-19 13:06:19 | INFO | BOOKING SUCCESS | slot=08:06 am | confirmation=HOME MEMBERS HOME LOGOUT BACK TO FIXTURES WAITING LIST Stableford Tue May 19 Show: All AM PM 9 Holes Available 160 Confirmed Bookings 07:18 am 1st Tee - Comp or Social 9 /18 Galea, Martin 5 Day Gazzola, Marco 7 Day Criscione, John 5 Day Capeci, Vince 7 Day 07:26 am 1st Tee - Comp or Social 9 /18 Christian, Ian 7 Day Vocale, Ben 7 Day Singh, Naveen 5 Day Jordan, Dale Visitor - Rosanna Golf Club 07:34 am 1st Tee - Comp or Social 9 /18 Tortorella, Andrew 7 Day Borrelli, Lou 5 Day Rhodes, John 6 Day Bailey, Wayne Member Guest - Future Golf 07:42 am 1st Tee - Comp or Social BOOK GROUP 9 /18 Bezzina, Leigh 5 Day Friedman, Daniel 5 Day Iacono, Jim 7 Day 07:50 am 1st Tee - Comp or Social 9 /18 Crisapulli, Vince 5 Day Carlisle, John 5 Day Galtieri, Vince 6 Day Parbhoo, Khandoo 5 Day 07:58 am 1st Tee - Comp or Social 9 /18 Jhoty, Joe 7 Day Knight, Trevor 5 Day Hussey, Mark 6 Day Hill, Jennie 6 Day 08:06 am 1st Tee - Comp or Social BOOK GROUP 9 /18 Forster, Jen 5 Day Lee, Margaret 5 Day Cuthbertson, Aaron 7 Day 08:14 am 1st Tee - Comp or Social BOOK GROUP 9 /18 Tamburrino, Gail 5 Day Shaw, Lesley 5 Day Randles, Margaret 5 Day 08:22 am 1st Tee - Comp or Social 9 /18 Ryan, Stephen 5 Day Moloney, Helen 5 Day Nightingale, Allison 5 Day Porter, Ragna 5 Day 08:30 am 1st Tee - Comp or Social 9 /18 Jones, Annie 5 Day Hughes, Dianne 5 Day Liu, Rong 6 Day Davies, Deidre 5 Day 08:38 am 1st Tee - Comp or Social 9 /18 Walker, Mary 5 Day Leyden, Beverley 5 Day Hoey, Janine 5 Day Bernhardt, Sarah Visitor - Commonwealth Golf Club 08:46 am 1st Tee - Comp or Social BOOK GROUP 9 /18 Reardon, Dianne 5 Day Hewat, Norma 5 Day Righton, Jill 5 Day 08:54 am 1st Tee - Comp or Social BOOK GROUP 9 /18 Moore, Ian 7 Day Pezzimenti, Chris 7 Day 09:02 am 1st Tee - Comp or Social BOOK GROUP 9 /18 Spain, Leanne 5 Day Kirkham, Lyn 5 Day Templar, Heather 5 Day 09:10 am 1st Tee - Comp or Social BOOK GROUP 9 /18 Brown, Michael 5 Day Sullivan, Maurice 5 Day Nguyen, Minh 5 Day 09:18 am 1st Tee - Comp or Social 9 /18 Brugaletta, Manny Special 5.12 Crivelli, Bruno Special 5.12 Schirato, Robert Special 5.12 Tarallo, Guido 5 Day 09:26 am 1st Tee - Comp or Social 9 /18 Vincitorio, Matt Special 5.12 Tancredi, Frank Special 5.12 Dalsanto, John Special 5.12 Licciardi, Sam Special 5.12 09:34 am 1st Tee - Comp or Social 9 /18 Ramalingam, Shekila Nine Hole Ramalingam, Shamala Nine Hole Ritchie, Elise Nine Hole Murtagh, Kerri Nine Hole 09:42 am 1st Tee - Comp or Social 9 /18 Wilkinson, Jan Special 5.12 Gibson, Frances Special 5.12 Hill, Kay 5 Day Keating, Elaine 5 Day 09:50 am 1st Tee - Comp or Social 9 /18 Yeoh, Daniel 5 Day Little, Kelvin 7 Day Chiera, Anthony Visitor - Future Golf Edwards, Trent Visitor - Future Golf 09:58 am 1st Tee - Comp or Social BOOK GROUP 9 /18 Veale, Sharon 5 Day Tabone, Donna 5 Day Byrnes, Noelene 5 Day 10:06 am 1st Tee - Comp or Social BOOK GROUP 9 /18 10:14 am 1st Tee - Comp or Social 9 /18 Church, Glenis 5 Day Bult, Shirley 5 Day Mitchell, Paula 5 Day Chin, Anna Nine Hole 10:22 am 1st Tee - Comp or Social BOOK GROUP 9 /18 Mcilroy, John 5 Day Herbert, Trevor Visitor - Green Acres Golf Club 10:30 am 1st Tee - Comp or Social 9 /18 Simpson, Christine 5 Day Conlan, Judi 5 Day Carroll, Phillip 7 Day White, Carol 5 Day 10:38 am 1st Tee - Comp or Social BOOK GROUP 9 /18 Bakker, Jeanette 5 Day Bakker, Gerry 5 Day Mcqueen, Don 5 Day 10:46 am 1st Tee - Comp or Social BOOK GROUP 9 /18 Harry Mcalpin 10:54 am 1st Tee - Comp or Social BOOK GROUP 9 /18 11:02 am 1st Tee - Comp or Social 9 /18 Loccisano, Stephen 6 Day Loccisano, Vincent 6 Day Montesano, Bruno 6 Day Young, Noah Juniors 12-14 11:10 am 1st Tee - Comp or Social BOOK GROUP 9 /18 11:18 am 1st Tee - Comp or Social BOOK GROUP 9 /18 11:26 am 1st Tee - Comp or Social BOOK GROUP 9 /18 11:34 am 1st Tee - Comp or Social BOOK GROUP 9 /18 11:42 am 1st Tee - Comp or Social BOOK GROUP 9 /18 11:50 am 1st Tee - Comp or Social BOOK GROUP 9 /18 Wood, Sarah 5 Day Villani, Raffaela Special 5.12 11:58 am 1st Tee - Comp or Social BOOK GROUP 9 /18 12:06 pm 1st Tee - Comp or Social BOOK GROUP 9 /18 Malcolm, Kylie 5 Day Paul, Graham Visitor - Brisbane Golf Club 12:14 pm 1st Tee - Comp or Social BOOK GROUP 9 /18 12:22 pm 1st Tee - Comp or Social BOOK GROUP 9 /18 12:30 pm 1st Tee - Comp or Social BOOK GROUP 9 /18 12:38 pm 1st Tee - Comp or Social 9 /18 Sullivan, Anthony 6 Day White, Phil Visitor Graham, Kenneth 6 Day Leard, Tony Visitor - Woodlands Golf Club 12:46 pm 1st Tee - Comp or Social BOOK GROUP 9 /18 12:54 pm 1st Tee - Comp or Social BOOK GROUP 9 /18 01:02 pm 1st Tee - Comp or Social BOOK GROUP 9 /18 Hoyle, David 7 Day 01:10 pm 1st Tee - Comp or Social BOOK GROUP 9 /18 01:18 pm 1st Tee - Comp or Social BOOK GROUP 9 /18 01:26 pm 1st Tee - Comp or Social BOOK GROUP 9 /18 Boyle, Deborah Nine Hole 01:34 pm 1st Tee - Comp or Social BOOK GROUP 9 /18 Byrnes, Noelene 5 Day Byrnes, Michael Visitor Bates, Chris Visitor 01:42 pm 1st Tee - Comp or Social BOOK GROUP 9 /18 Abbouchi, Nazih 7 Day 01:50 pm 1st Tee - Comp or Social BOOK GROUP 9 /18 Ryder, Laurence 6 Day Smrdel, Marta 6 Day 01:58 pm 1st Tee - Comp or Social BOOK GROUP 9 /18 02:06 pm 1st Tee - Comp or Social BOOK GROUP 9 /18 02:14 pm 1st Tee - Comp or Social BOOK GROUP 9 /18 02:22 pm 1st Tee - Comp or Social BOOK GROUP 9 /18 Cate, David Nine Hole 02:30 pm 1st Tee - Comp or Social BOOK GROUP 9 /18 02:38 pm 1st Tee - Comp or Social BOOK GROUP 9 /18 Doolan, Leigh Nine Hole 02:46 pm 1st Tee - Comp or Social BOOK GROUP 9 /18 Tran, Julie Nine Hole Nguyen, Tung Nine Hole 02:54 pm 1st Tee - Comp or Social BOOK GROUP 9 /18 03:02 pm 1st Tee - Comp or Social BOOK GROUP 9 /18 Malkoun, Lebe 7 Day Eid, Joseph 7 Day 03:10 pm 1st Tee - Comp or Social BOOK GROUP 9 /18 Cerra, Mario 5 Day Bozikas, David Lifestyle 03:18 pm 1st Tee - Comp or Social BOOK GROUP 9 /18 Peate, Tony 7 Day Mcilroy, Sam Visitor Peate, Leo Visitor 04:46 pm 1st Tee - Comp or Social BOOK GROUP 9 /18 04:54 pm 1st Tee - Comp or Social BOOK GROUP 9 /18 05:02 pm 1st Tee - Comp or Social BOOK GROUP 9 /18 05:10 pm 1st Tee - Comp or Social BOOK GROUP 9 /18 05:18 pm 1st Tee - Comp or Social BOOK GROUP 9 /18 05:26 pm 1st Tee - Comp or Social BOOK GROUP 9 /18 05:34 pm 1st Tee - Comp or Social BOOK GROUP 9 /18 05:42 pm 1st Tee - Comp or Social BOOK GROUP 9 /18 Stableford - Tuesday May 19 © 2026 Copyright Northern Golf Club Terms & Conditions Bookings by MiClub
2026-05-19 14:12:51 | INFO | STATE => LOGIN
2026-05-19 14:13:23 | INFO | Login successful
2026-05-19 14:13:23 | INFO | STATE => OPEN_BOOKINGS
2026-05-19 14:13:23 | INFO | Found Bookings link (attempt 1)
2026-05-19 14:13:30 | INFO | Navigating into open event: OPEN
2026-05-19 14:13:38 | INFO | Event tee sheet opened
2026-05-19 14:13:38 | INFO | STATE => DISCOVER_SLOTS
2026-05-19 14:13:45 | INFO | Discovered 88 candidate slots
2026-05-19 14:13:45 | INFO | Slot: time=07:18 am status=BOOK GROUP available=True
2026-05-19 14:13:45 | INFO | Slot: time=07:18 am status=07:18 AM 1ST TEE - COMP OR SOCIAL 9 /18 GALEA, MARTIN 5 DAY GAZZOLA, MARCO 7 DAY CRISCIONE, JOHN 5 DAY CAPECI, VINCE 7 D available=False
2026-05-19 14:13:45 | INFO | Slot: time=07:18 am status=07:18 AM 1ST TEE - COMP OR SOCIAL 9 /18 available=False
2026-05-19 14:13:45 | INFO | Slot: time=07:26 am status=07:26 AM 1ST TEE - COMP OR SOCIAL 9 /18 CHRISTIAN, IAN 7 DAY VOCALE, BEN 7 DAY SINGH, NAVEEN 5 DAY JORDAN, DALE VISITOR  available=False
2026-05-19 14:13:45 | INFO | Slot: time=07:26 am status=07:26 AM 1ST TEE - COMP OR SOCIAL 9 /18 available=False
2026-05-19 14:13:45 | INFO | Slot: time=07:34 am status=07:34 AM 1ST TEE - COMP OR SOCIAL 9 /18 TORTORELLA, ANDREW 7 DAY BORRELLI, LOU 5 DAY RHODES, JOHN 6 DAY BAILEY, WAYNE ME available=False
2026-05-19 14:13:45 | INFO | Slot: time=07:34 am status=07:34 AM 1ST TEE - COMP OR SOCIAL 9 /18 available=False
2026-05-19 14:13:45 | INFO | Slot: time=07:42 am status=BOOK GROUP available=True
2026-05-19 14:13:45 | INFO | Slot: time=UNKNOWN status=BOOK GROUP available=True
2026-05-19 14:13:45 | INFO | Slot: time=07:50 am status=07:50 AM 1ST TEE - COMP OR SOCIAL 9 /18 CRISAPULLI, VINCE 5 DAY CARLISLE, JOHN 5 DAY GALTIERI, VINCE 6 DAY PARBHOO, KHAN available=False
2026-05-19 14:13:45 | INFO | Slot: time=07:50 am status=07:50 AM 1ST TEE - COMP OR SOCIAL 9 /18 available=False
2026-05-19 14:13:45 | INFO | Slot: time=07:58 am status=07:58 AM 1ST TEE - COMP OR SOCIAL 9 /18 JHOTY, JOE 7 DAY KNIGHT, TREVOR 5 DAY HUSSEY, MARK 6 DAY HILL, JENNIE 6 DAY available=False
2026-05-19 14:13:45 | INFO | Slot: time=07:58 am status=07:58 AM 1ST TEE - COMP OR SOCIAL 9 /18 available=False
2026-05-19 14:13:45 | INFO | Slot: time=08:06 am status=BOOK GROUP available=True
2026-05-19 14:13:45 | INFO | Slot: time=08:14 am status=BOOK GROUP available=True
2026-05-19 14:13:45 | INFO | Slot: time=08:22 am status=08:22 AM 1ST TEE - COMP OR SOCIAL 9 /18 RYAN, STEPHEN 5 DAY MOLONEY, HELEN 5 DAY NIGHTINGALE, ALLISON 5 DAY PORTER, RAGN available=False
2026-05-19 14:13:45 | INFO | Slot: time=08:22 am status=08:22 AM 1ST TEE - COMP OR SOCIAL 9 /18 available=False
2026-05-19 14:13:45 | INFO | Slot: time=08:30 am status=08:30 AM 1ST TEE - COMP OR SOCIAL 9 /18 JONES, ANNIE 5 DAY HUGHES, DIANNE 5 DAY LIU, RONG 6 DAY DAVIES, DEIDRE 5 DAY available=False
2026-05-19 14:13:45 | INFO | Slot: time=08:30 am status=08:30 AM 1ST TEE - COMP OR SOCIAL 9 /18 available=False
2026-05-19 14:13:45 | INFO | Slot: time=08:38 am status=08:38 AM 1ST TEE - COMP OR SOCIAL 9 /18 WALKER, MARY 5 DAY LEYDEN, BEVERLEY 5 DAY HOEY, JANINE 5 DAY BERNHARDT, SARAH VI available=False
2026-05-19 14:13:45 | INFO | Slot: time=08:38 am status=08:38 AM 1ST TEE - COMP OR SOCIAL 9 /18 available=False
2026-05-19 14:13:45 | INFO | Slot: time=08:46 am status=BOOK GROUP available=True
2026-05-19 14:13:45 | INFO | Slot: time=08:54 am status=BOOK GROUP available=True
2026-05-19 14:13:45 | INFO | Slot: time=09:02 am status=BOOK GROUP available=True
2026-05-19 14:13:45 | INFO | Slot: time=09:10 am status=BOOK GROUP available=True
2026-05-19 14:13:45 | INFO | Slot: time=09:18 am status=09:18 AM 1ST TEE - COMP OR SOCIAL 9 /18 BRUGALETTA, MANNY SPECIAL 5.12 CRIVELLI, BRUNO SPECIAL 5.12 SCHIRATO, ROBERT SPE available=False
2026-05-19 14:13:45 | INFO | Slot: time=09:18 am status=09:18 AM 1ST TEE - COMP OR SOCIAL 9 /18 available=False
2026-05-19 14:13:45 | INFO | Slot: time=09:26 am status=09:26 AM 1ST TEE - COMP OR SOCIAL 9 /18 VINCITORIO, MATT SPECIAL 5.12 TANCREDI, FRANK SPECIAL 5.12 DALSANTO, JOHN SPECIA available=False
2026-05-19 14:13:45 | INFO | Slot: time=09:26 am status=09:26 AM 1ST TEE - COMP OR SOCIAL 9 /18 available=False
2026-05-19 14:13:45 | INFO | Slot: time=09:34 am status=09:34 AM 1ST TEE - COMP OR SOCIAL 9 /18 RAMALINGAM, SHEKILA NINE HOLE RAMALINGAM, SHAMALA NINE HOLE RITCHIE, ELISE NINE  available=False
2026-05-19 14:13:45 | INFO | Slot: time=09:34 am status=09:34 AM 1ST TEE - COMP OR SOCIAL 9 /18 available=False
2026-05-19 14:13:45 | INFO | Slot: time=09:42 am status=09:42 AM 1ST TEE - COMP OR SOCIAL 9 /18 WILKINSON, JAN SPECIAL 5.12 GIBSON, FRANCES SPECIAL 5.12 HILL, KAY 5 DAY KEATING available=False
2026-05-19 14:13:45 | INFO | Slot: time=09:42 am status=09:42 AM 1ST TEE - COMP OR SOCIAL 9 /18 available=False
2026-05-19 14:13:45 | INFO | Slot: time=09:50 am status=09:50 AM 1ST TEE - COMP OR SOCIAL 9 /18 YEOH, DANIEL 5 DAY LITTLE, KELVIN 7 DAY CHIERA, ANTHONY VISITOR - FUTURE GOLF ED available=False
2026-05-19 14:13:45 | INFO | Slot: time=09:50 am status=09:50 AM 1ST TEE - COMP OR SOCIAL 9 /18 available=False
2026-05-19 14:13:45 | INFO | Slot: time=09:58 am status=BOOK GROUP available=True
2026-05-19 14:13:45 | INFO | Slot: time=10:06 am status=BOOK GROUP available=True
2026-05-19 14:13:45 | INFO | Slot: time=10:14 am status=10:14 AM 1ST TEE - COMP OR SOCIAL 9 /18 CHURCH, GLENIS 5 DAY BULT, SHIRLEY 5 DAY MITCHELL, PAULA 5 DAY CHIN, ANNA NINE H available=False
2026-05-19 14:13:45 | INFO | Slot: time=10:14 am status=10:14 AM 1ST TEE - COMP OR SOCIAL 9 /18 available=False
2026-05-19 14:13:45 | INFO | Slot: time=10:22 am status=BOOK GROUP available=True
2026-05-19 14:13:45 | INFO | Slot: time=10:30 am status=10:30 AM 1ST TEE - COMP OR SOCIAL 9 /18 SIMPSON, CHRISTINE 5 DAY CONLAN, JUDI 5 DAY CARROLL, PHILLIP 7 DAY WHITE, CAROL  available=False
2026-05-19 14:13:45 | INFO | Slot: time=10:30 am status=10:30 AM 1ST TEE - COMP OR SOCIAL 9 /18 available=False
2026-05-19 14:13:45 | INFO | Slot: time=10:38 am status=BOOK GROUP available=True
2026-05-19 14:13:45 | INFO | Slot: time=10:46 am status=BOOK GROUP available=True
2026-05-19 14:13:45 | INFO | Slot: time=10:54 am status=BOOK GROUP available=True
2026-05-19 14:13:45 | INFO | Slot: time=11:02 am status=11:02 AM 1ST TEE - COMP OR SOCIAL 9 /18 LOCCISANO, STEPHEN 6 DAY LOCCISANO, VINCENT 6 DAY MONTESANO, BRUNO 6 DAY YOUNG,  available=False
2026-05-19 14:13:45 | INFO | Slot: time=11:02 am status=11:02 AM 1ST TEE - COMP OR SOCIAL 9 /18 available=False
2026-05-19 14:13:45 | INFO | Slot: time=11:10 am status=BOOK GROUP available=True
2026-05-19 14:13:45 | INFO | Slot: time=11:18 am status=BOOK GROUP available=True
2026-05-19 14:13:45 | INFO | Slot: time=11:26 am status=BOOK GROUP available=True
2026-05-19 14:13:45 | INFO | Slot: time=11:34 am status=BOOK GROUP available=True
2026-05-19 14:13:45 | INFO | Slot: time=11:42 am status=BOOK GROUP available=True
2026-05-19 14:13:45 | INFO | Slot: time=11:50 am status=BOOK GROUP available=True
2026-05-19 14:13:45 | INFO | Slot: time=11:58 am status=BOOK GROUP available=True
2026-05-19 14:13:45 | INFO | Slot: time=12:06 pm status=BOOK GROUP available=True
2026-05-19 14:13:45 | INFO | Slot: time=12:14 pm status=BOOK GROUP available=True
2026-05-19 14:13:45 | INFO | Slot: time=12:22 pm status=BOOK GROUP available=True
2026-05-19 14:13:45 | INFO | Slot: time=12:30 pm status=BOOK GROUP available=True
2026-05-19 14:13:45 | INFO | Slot: time=12:38 pm status=12:38 PM 1ST TEE - COMP OR SOCIAL 9 /18 SULLIVAN, ANTHONY 6 DAY WHITE, PHIL VISITOR GRAHAM, KENNETH 6 DAY LEARD, TONY VI available=False
2026-05-19 14:13:45 | INFO | Slot: time=12:38 pm status=12:38 PM 1ST TEE - COMP OR SOCIAL 9 /18 available=False
2026-05-19 14:13:45 | INFO | Slot: time=12:46 pm status=BOOK GROUP available=True
2026-05-19 14:13:45 | INFO | Slot: time=12:54 pm status=BOOK GROUP available=True
2026-05-19 14:13:45 | INFO | Slot: time=01:02 pm status=BOOK GROUP available=True
2026-05-19 14:13:45 | INFO | Slot: time=01:10 pm status=BOOK GROUP available=True
2026-05-19 14:13:45 | INFO | Slot: time=01:18 pm status=BOOK GROUP available=True
2026-05-19 14:13:45 | INFO | Slot: time=01:26 pm status=BOOK GROUP available=True
2026-05-19 14:13:45 | INFO | Slot: time=01:34 pm status=BOOK GROUP available=True
2026-05-19 14:13:45 | INFO | Slot: time=01:42 pm status=BOOK GROUP available=True
2026-05-19 14:13:45 | INFO | Slot: time=01:50 pm status=BOOK GROUP available=True
2026-05-19 14:13:45 | INFO | Slot: time=01:58 pm status=BOOK GROUP available=True
2026-05-19 14:13:45 | INFO | Slot: time=02:06 pm status=BOOK GROUP available=True
2026-05-19 14:13:45 | INFO | Slot: time=02:14 pm status=BOOK GROUP available=True
2026-05-19 14:13:45 | INFO | Slot: time=02:22 pm status=BOOK GROUP available=True
2026-05-19 14:13:45 | INFO | Slot: time=02:30 pm status=BOOK GROUP available=True
2026-05-19 14:13:45 | INFO | Slot: time=02:38 pm status=BOOK GROUP available=True
2026-05-19 14:13:45 | INFO | Slot: time=02:46 pm status=BOOK GROUP available=True
2026-05-19 14:13:45 | INFO | Slot: time=02:54 pm status=BOOK GROUP available=True
2026-05-19 14:13:45 | INFO | Slot: time=03:02 pm status=BOOK GROUP available=True
2026-05-19 14:13:45 | INFO | Slot: time=03:10 pm status=BOOK GROUP available=True
2026-05-19 14:13:45 | INFO | Slot: time=03:18 pm status=BOOK GROUP available=True
2026-05-19 14:13:45 | INFO | Slot: time=04:46 pm status=BOOK GROUP available=True
2026-05-19 14:13:45 | INFO | Slot: time=04:54 pm status=BOOK GROUP available=True
2026-05-19 14:13:45 | INFO | Slot: time=05:02 pm status=BOOK GROUP available=True
2026-05-19 14:13:45 | INFO | Slot: time=05:10 pm status=BOOK GROUP available=True
2026-05-19 14:13:45 | INFO | Slot: time=05:18 pm status=BOOK GROUP available=True
2026-05-19 14:13:45 | INFO | Slot: time=05:26 pm status=BOOK GROUP available=True
2026-05-19 14:13:45 | INFO | Slot: time=05:34 pm status=BOOK GROUP available=True
2026-05-19 14:13:45 | INFO | Slot: time=05:42 pm status=BOOK GROUP available=True
2026-05-19 14:13:45 | INFO | STATE => SELECT_SLOT
2026-05-19 14:13:53 | INFO | Selected slot: 08:06 am (BOOK GROUP)
2026-05-19 14:13:56 | INFO | STATE => CONFIRM_BOOKING
2026-05-19 14:13:59 | INFO | Saved screenshot: screenshots/20260519_091358_918954_pre_confirm_page.png
2026-05-19 14:14:09 | WARNING | Confirm Booking button not found via primary selector
2026-05-19 14:14:09 | INFO | Fallback confirm element found: tag=button
2026-05-19 14:14:09 | INFO | Clicked fallback Confirm element via JS
2026-05-19 14:14:09 | INFO | STATE => VERIFY_SUCCESS
2026-05-19 14:14:19 | INFO | Success banner detected: HOME MEMBERS HOME LOGOUT BACK TO FIXTURES WAITING LIST Stableford Tue May 19 Show: All AM PM 9 Holes Available 159 Confirmed Bookings 07:18 am 1st Tee - Comp or Social 9 /18 Galea, Martin 5 Day Gazzola, Marco 7 Day Criscione, John 5 Day Capeci, Vince 7 Day 07:26 am 1st Tee - Comp or Social 9 /18 Christian, Ian 7 Day Vocale, Ben 7 Day Singh, Naveen 5 Day Jordan, Dale Visitor - Rosanna Golf Club 07:34 am 1st Tee - Comp or Social 9 /18 Tortorella, Andrew 7 Day Borrelli, Lou 5 Day Rhodes, John 6 Day Bailey, Wayne Member Guest - Future Golf 07:42 am 1st Tee - Comp or Social BOOK GROUP 9 /18 Bezzina, Leigh 5 Day Friedman, Daniel 5 Day Iacono, Jim 7 Day BOOK ME 07:50 am 1st Tee - Comp or Social 9 /18 Crisapulli, Vince 5 Day Carlisle, John 5 Day Galtieri, Vince 6 Day Parbhoo, Khandoo 5 Day 07:58 am 1st Tee - Comp or Social 9 /18 Jhoty, Joe 7 Day Knight, Trevor 5 Day Hussey, Mark 6 Day Hill, Jennie 6 Day 08:06 am 1st Tee - Comp or Social BOOK GROUP 9 /18 Forster, Jen 5 Day Lee, Margaret 5 Day BOOK ME BOOK ME 08:14 am 1st Tee - Comp or Social BOOK GROUP 9 /18 Tamburrino, Gail 5 Day Shaw, Lesley 5 Day Randles, Margaret 5 Day BOOK ME 08:22 am 1st Tee - Comp or Social 9 /18 Ryan, Stephen 5 Day Moloney, Helen 5 Day Nightingale, Allison 5 Day Porter, Ragna 5 Day 08:30 am 1st Tee - Comp or Social 9 /18 Jones, Annie 5 Day Hughes, Dianne 5 Day Liu, Rong 6 Day Davies, Deidre 5 Day 08:38 am 1st Tee - Comp or Social 9 /18 Walker, Mary 5 Day Leyden, Beverley 5 Day Hoey, Janine 5 Day Bernhardt, Sarah Visitor - Commonwealth Golf Club 08:46 am 1st Tee - Comp or Social BOOK GROUP 9 /18 Reardon, Dianne 5 Day Hewat, Norma 5 Day Righton, Jill 5 Day BOOK ME 08:54 am 1st Tee - Comp or Social BOOK GROUP 9 /18 Moore, Ian 7 Day Pezzimenti, Chris 7 Day BOOK ME BOOK ME 09:02 am 1st Tee - Comp or Social BOOK GROUP 9 /18 Spain, Leanne 5 Day Kirkham, Lyn 5 Day Templar, Heather 5 Day BOOK ME 09:10 am 1st Tee - Comp or Social BOOK GROUP 9 /18 Brown, Michael 5 Day Sullivan, Maurice 5 Day Nguyen, Minh 5 Day BOOK ME 09:18 am 1st Tee - Comp or Social 9 /18 Brugaletta, Manny Special 5.12 Crivelli, Bruno Special 5.12 Schirato, Robert Special 5.12 Tarallo, Guido 5 Day 09:26 am 1st Tee - Comp or Social 9 /18 Vincitorio, Matt Special 5.12 Tancredi, Frank Special 5.12 Dalsanto, John Special 5.12 Licciardi, Sam Special 5.12 09:34 am 1st Tee - Comp or Social 9 /18 Ramalingam, Shekila Nine Hole Ramalingam, Shamala Nine Hole Ritchie, Elise Nine Hole Murtagh, Kerri Nine Hole 09:42 am 1st Tee - Comp or Social 9 /18 Wilkinson, Jan Special 5.12 Gibson, Frances Special 5.12 Hill, Kay 5 Day Keating, Elaine 5 Day 09:50 am 1st Tee - Comp or Social 9 /18 Yeoh, Daniel 5 Day Little, Kelvin 7 Day Chiera, Anthony Visitor - Future Golf Edwards, Trent Visitor - Future Golf 09:58 am 1st Tee - Comp or Social BOOK GROUP 9 /18 Veale, Sharon 5 Day BOOK ME Tabone, Donna 5 Day Byrnes, Noelene 5 Day 10:06 am 1st Tee - Comp or Social BOOK GROUP 9 /18 BOOK ME BOOK ME BOOK ME BOOK ME 10:14 am 1st Tee - Comp or Social 9 /18 Church, Glenis 5 Day Bult, Shirley 5 Day Mitchell, Paula 5 Day Chin, Anna Nine Hole 10:22 am 1st Tee - Comp or Social BOOK GROUP 9 /18 Mcilroy, John 5 Day Herbert, Trevor Visitor - Green Acres Golf Club BOOK ME BOOK ME 10:30 am 1st Tee - Comp or Social 9 /18 Simpson, Christine 5 Day Conlan, Judi 5 Day Carroll, Phillip 7 Day White, Carol 5 Day 10:38 am 1st Tee - Comp or Social BOOK GROUP 9 /18 Bakker, Jeanette 5 Day Bakker, Gerry 5 Day Mcqueen, Don 5 Day BOOK ME 10:46 am 1st Tee - Comp or Social BOOK GROUP 9 /18 Harry Mcalpin BOOK ME BOOK ME BOOK ME 10:54 am 1st Tee - Comp or Social BOOK GROUP 9 /18 BOOK ME BOOK ME BOOK ME BOOK ME 11:02 am 1st Tee - Comp or Social 9 /18 Loccisano, Stephen 6 Day Loccisano, Vincent 6 Day Montesano, Bruno 6 Day Young, Noah Juniors 12-14 11:10 am 1st Tee - Comp or Social BOOK GROUP 9 /18 BOOK ME BOOK ME BOOK ME BOOK ME 11:18 am 1st Tee - Comp or Social BOOK GROUP 9 /18 BOOK ME BOOK ME BOOK ME BOOK ME 11:26 am 1st Tee - Comp or Social BOOK GROUP 9 /18 BOOK ME BOOK ME BOOK ME BOOK ME 11:34 am 1st Tee - Comp or Social BOOK GROUP 9 /18 BOOK ME BOOK ME BOOK ME BOOK ME 11:42 am 1st Tee - Comp or Social BOOK GROUP 9 /18 BOOK ME BOOK ME BOOK ME BOOK ME 11:50 am 1st Tee - Comp or Social BOOK GROUP 9 /18 Wood, Sarah 5 Day Villani, Raffaela Special 5.12 BOOK ME BOOK ME 11:58 am 1st Tee - Comp or Social BOOK GROUP 9 /18 BOOK ME BOOK ME BOOK ME BOOK ME 12:06 pm 1st Tee - Comp or Social BOOK GROUP 9 /18 Malcolm, Kylie 5 Day Paul, Graham Visitor - Brisbane Golf Club BOOK ME BOOK ME 12:14 pm 1st Tee - Comp or Social BOOK GROUP 9 /18 BOOK ME BOOK ME BOOK ME BOOK ME 12:22 pm 1st Tee - Comp or Social BOOK GROUP 9 /18 BOOK ME BOOK ME BOOK ME BOOK ME 12:30 pm 1st Tee - Comp or Social BOOK GROUP 9 /18 BOOK ME BOOK ME BOOK ME BOOK ME 12:38 pm 1st Tee - Comp or Social 9 /18 Sullivan, Anthony 6 Day White, Phil Visitor Graham, Kenneth 6 Day Leard, Tony Visitor - Woodlands Golf Club 12:46 pm 1st Tee - Comp or Social BOOK GROUP 9 /18 BOOK ME BOOK ME BOOK ME BOOK ME 12:54 pm 1st Tee - Comp or Social BOOK GROUP 9 /18 BOOK ME BOOK ME BOOK ME BOOK ME 01:02 pm 1st Tee - Comp or Social BOOK GROUP 9 /18 Hoyle, David 7 Day BOOK ME BOOK ME BOOK ME 01:10 pm 1st Tee - Comp or Social BOOK GROUP 9 /18 BOOK ME BOOK ME BOOK ME BOOK ME 01:18 pm 1st Tee - Comp or Social BOOK GROUP 9 /18 BOOK ME BOOK ME BOOK ME BOOK ME 01:26 pm 1st Tee - Comp or Social BOOK GROUP 9 /18 Boyle, Deborah Nine Hole BOOK ME BOOK ME BOOK ME 01:34 pm 1st Tee - Comp or Social BOOK GROUP 9 /18 Byrnes, Noelene 5 Day Byrnes, Michael Visitor Bates, Chris Visitor BOOK ME 01:42 pm 1st Tee - Comp or Social BOOK GROUP 9 /18 Abbouchi, Nazih 7 Day BOOK ME BOOK ME BOOK ME 01:50 pm 1st Tee - Comp or Social BOOK GROUP 9 /18 Ryder, Laurence 6 Day Smrdel, Marta 6 Day BOOK ME BOOK ME 01:58 pm 1st Tee - Comp or Social BOOK GROUP 9 /18 BOOK ME BOOK ME BOOK ME BOOK ME 02:06 pm 1st Tee - Comp or Social BOOK GROUP 9 /18 BOOK ME BOOK ME BOOK ME BOOK ME 02:14 pm 1st Tee - Comp or Social BOOK GROUP 9 /18 BOOK ME BOOK ME BOOK ME BOOK ME 02:22 pm 1st Tee - Comp or Social BOOK GROUP 9 /18 Cate, David Nine Hole BOOK ME BOOK ME BOOK ME 02:30 pm 1st Tee - Comp or Social BOOK GROUP 9 /18 BOOK ME BOOK ME BOOK ME BOOK ME 02:38 pm 1st Tee - Comp or Social BOOK GROUP 9 /18 Doolan, Leigh Nine Hole BOOK ME BOOK ME BOOK ME 02:46 pm 1st Tee - Comp or Social BOOK GROUP 9 /18 Tran, Julie Nine Hole Nguyen, Tung Nine Hole BOOK ME BOOK ME 02:54 pm 1st Tee - Comp or Social BOOK GROUP 9 /18 BOOK ME BOOK ME BOOK ME BOOK ME 03:02 pm 1st Tee - Comp or Social BOOK GROUP 9 /18 Malkoun, Lebe 7 Day Eid, Joseph 7 Day BOOK ME BOOK ME 03:10 pm 1st Tee - Comp or Social BOOK GROUP 9 /18 Cerra, Mario 5 Day Bozikas, David Lifestyle BOOK ME BOOK ME 03:18 pm 1st Tee - Comp or Social BOOK GROUP 9 /18 Peate, Tony 7 Day Mcilroy, Sam Visitor Peate, Leo Visitor BOOK ME 04:46 pm 1st Tee - Comp or Social BOOK GROUP 9 /18 BOOK ME BOOK ME BOOK ME BOOK ME 04:54 pm 1st Tee - Comp or Social BOOK GROUP 9 /18 BOOK ME BOOK ME BOOK ME BOOK ME 05:02 pm 1st Tee - Comp or Social BOOK GROUP 9 /18 BOOK ME BOOK ME BOOK ME BOOK ME 05:10 pm 1st Tee - Comp or Social BOOK GROUP 9 /18 BOOK ME BOOK ME BOOK ME BOOK ME 05:18 pm 1st Tee - Comp or Social BOOK GROUP 9 /18 BOOK ME BOOK ME BOOK ME BOOK ME 05:26 pm 1st Tee - Comp or Social BOOK GROUP 9 /18 BOOK ME BOOK ME BOOK ME BOOK ME 05:34 pm 1st Tee - Comp or Social BOOK GROUP 9 /18 BOOK ME BOOK ME BOOK ME BOOK ME 05:42 pm 1st Tee - Comp or Social BOOK GROUP 9 /18 BOOK ME BOOK ME BOOK ME BOOK ME Stableford - Tuesday May 19 © 2026 Copyright Northern Golf Club Terms & Conditions Bookings by MiClub
2026-05-19 14:14:19 | INFO | BOOKING SUCCESS | slot=08:06 am | confirmation=HOME MEMBERS HOME LOGOUT BACK TO FIXTURES WAITING LIST Stableford Tue May 19 Show: All AM PM 9 Holes Available 159 Confirmed Bookings 07:18 am 1st Tee - Comp or Social 9 /18 Galea, Martin 5 Day Gazzola, Marco 7 Day Criscione, John 5 Day Capeci, Vince 7 Day 07:26 am 1st Tee - Comp or Social 9 /18 Christian, Ian 7 Day Vocale, Ben 7 Day Singh, Naveen 5 Day Jordan, Dale Visitor - Rosanna Golf Club 07:34 am 1st Tee - Comp or Social 9 /18 Tortorella, Andrew 7 Day Borrelli, Lou 5 Day Rhodes, John 6 Day Bailey, Wayne Member Guest - Future Golf 07:42 am 1st Tee - Comp or Social BOOK GROUP 9 /18 Bezzina, Leigh 5 Day Friedman, Daniel 5 Day Iacono, Jim 7 Day BOOK ME 07:50 am 1st Tee - Comp or Social 9 /18 Crisapulli, Vince 5 Day Carlisle, John 5 Day Galtieri, Vince 6 Day Parbhoo, Khandoo 5 Day 07:58 am 1st Tee - Comp or Social 9 /18 Jhoty, Joe 7 Day Knight, Trevor 5 Day Hussey, Mark 6 Day Hill, Jennie 6 Day 08:06 am 1st Tee - Comp or Social BOOK GROUP 9 /18 Forster, Jen 5 Day Lee, Margaret 5 Day BOOK ME BOOK ME 08:14 am 1st Tee - Comp or Social BOOK GROUP 9 /18 Tamburrino, Gail 5 Day Shaw, Lesley 5 Day Randles, Margaret 5 Day BOOK ME 08:22 am 1st Tee - Comp or Social 9 /18 Ryan, Stephen 5 Day Moloney, Helen 5 Day Nightingale, Allison 5 Day Porter, Ragna 5 Day 08:30 am 1st Tee - Comp or Social 9 /18 Jones, Annie 5 Day Hughes, Dianne 5 Day Liu, Rong 6 Day Davies, Deidre 5 Day 08:38 am 1st Tee - Comp or Social 9 /18 Walker, Mary 5 Day Leyden, Beverley 5 Day Hoey, Janine 5 Day Bernhardt, Sarah Visitor - Commonwealth Golf Club 08:46 am 1st Tee - Comp or Social BOOK GROUP 9 /18 Reardon, Dianne 5 Day Hewat, Norma 5 Day Righton, Jill 5 Day BOOK ME 08:54 am 1st Tee - Comp or Social BOOK GROUP 9 /18 Moore, Ian 7 Day Pezzimenti, Chris 7 Day BOOK ME BOOK ME 09:02 am 1st Tee - Comp or Social BOOK GROUP 9 /18 Spain, Leanne 5 Day Kirkham, Lyn 5 Day Templar, Heather 5 Day BOOK ME 09:10 am 1st Tee - Comp or Social BOOK GROUP 9 /18 Brown, Michael 5 Day Sullivan, Maurice 5 Day Nguyen, Minh 5 Day BOOK ME 09:18 am 1st Tee - Comp or Social 9 /18 Brugaletta, Manny Special 5.12 Crivelli, Bruno Special 5.12 Schirato, Robert Special 5.12 Tarallo, Guido 5 Day 09:26 am 1st Tee - Comp or Social 9 /18 Vincitorio, Matt Special 5.12 Tancredi, Frank Special 5.12 Dalsanto, John Special 5.12 Licciardi, Sam Special 5.12 09:34 am 1st Tee - Comp or Social 9 /18 Ramalingam, Shekila Nine Hole Ramalingam, Shamala Nine Hole Ritchie, Elise Nine Hole Murtagh, Kerri Nine Hole 09:42 am 1st Tee - Comp or Social 9 /18 Wilkinson, Jan Special 5.12 Gibson, Frances Special 5.12 Hill, Kay 5 Day Keating, Elaine 5 Day 09:50 am 1st Tee - Comp or Social 9 /18 Yeoh, Daniel 5 Day Little, Kelvin 7 Day Chiera, Anthony Visitor - Future Golf Edwards, Trent Visitor - Future Golf 09:58 am 1st Tee - Comp or Social BOOK GROUP 9 /18 Veale, Sharon 5 Day BOOK ME Tabone, Donna 5 Day Byrnes, Noelene 5 Day 10:06 am 1st Tee - Comp or Social BOOK GROUP 9 /18 BOOK ME BOOK ME BOOK ME BOOK ME 10:14 am 1st Tee - Comp or Social 9 /18 Church, Glenis 5 Day Bult, Shirley 5 Day Mitchell, Paula 5 Day Chin, Anna Nine Hole 10:22 am 1st Tee - Comp or Social BOOK GROUP 9 /18 Mcilroy, John 5 Day Herbert, Trevor Visitor - Green Acres Golf Club BOOK ME BOOK ME 10:30 am 1st Tee - Comp or Social 9 /18 Simpson, Christine 5 Day Conlan, Judi 5 Day Carroll, Phillip 7 Day White, Carol 5 Day 10:38 am 1st Tee - Comp or Social BOOK GROUP 9 /18 Bakker, Jeanette 5 Day Bakker, Gerry 5 Day Mcqueen, Don 5 Day BOOK ME 10:46 am 1st Tee - Comp or Social BOOK GROUP 9 /18 Harry Mcalpin BOOK ME BOOK ME BOOK ME 10:54 am 1st Tee - Comp or Social BOOK GROUP 9 /18 BOOK ME BOOK ME BOOK ME BOOK ME 11:02 am 1st Tee - Comp or Social 9 /18 Loccisano, Stephen 6 Day Loccisano, Vincent 6 Day Montesano, Bruno 6 Day Young, Noah Juniors 12-14 11:10 am 1st Tee - Comp or Social BOOK GROUP 9 /18 BOOK ME BOOK ME BOOK ME BOOK ME 11:18 am 1st Tee - Comp or Social BOOK GROUP 9 /18 BOOK ME BOOK ME BOOK ME BOOK ME 11:26 am 1st Tee - Comp or Social BOOK GROUP 9 /18 BOOK ME BOOK ME BOOK ME BOOK ME 11:34 am 1st Tee - Comp or Social BOOK GROUP 9 /18 BOOK ME BOOK ME BOOK ME BOOK ME 11:42 am 1st Tee - Comp or Social BOOK GROUP 9 /18 BOOK ME BOOK ME BOOK ME BOOK ME 11:50 am 1st Tee - Comp or Social BOOK GROUP 9 /18 Wood, Sarah 5 Day Villani, Raffaela Special 5.12 BOOK ME BOOK ME 11:58 am 1st Tee - Comp or Social BOOK GROUP 9 /18 BOOK ME BOOK ME BOOK ME BOOK ME 12:06 pm 1st Tee - Comp or Social BOOK GROUP 9 /18 Malcolm, Kylie 5 Day Paul, Graham Visitor - Brisbane Golf Club BOOK ME BOOK ME 12:14 pm 1st Tee - Comp or Social BOOK GROUP 9 /18 BOOK ME BOOK ME BOOK ME BOOK ME 12:22 pm 1st Tee - Comp or Social BOOK GROUP 9 /18 BOOK ME BOOK ME BOOK ME BOOK ME 12:30 pm 1st Tee - Comp or Social BOOK GROUP 9 /18 BOOK ME BOOK ME BOOK ME BOOK ME 12:38 pm 1st Tee - Comp or Social 9 /18 Sullivan, Anthony 6 Day White, Phil Visitor Graham, Kenneth 6 Day Leard, Tony Visitor - Woodlands Golf Club 12:46 pm 1st Tee - Comp or Social BOOK GROUP 9 /18 BOOK ME BOOK ME BOOK ME BOOK ME 12:54 pm 1st Tee - Comp or Social BOOK GROUP 9 /18 BOOK ME BOOK ME BOOK ME BOOK ME 01:02 pm 1st Tee - Comp or Social BOOK GROUP 9 /18 Hoyle, David 7 Day BOOK ME BOOK ME BOOK ME 01:10 pm 1st Tee - Comp or Social BOOK GROUP 9 /18 BOOK ME BOOK ME BOOK ME BOOK ME 01:18 pm 1st Tee - Comp or Social BOOK GROUP 9 /18 BOOK ME BOOK ME BOOK ME BOOK ME 01:26 pm 1st Tee - Comp or Social BOOK GROUP 9 /18 Boyle, Deborah Nine Hole BOOK ME BOOK ME BOOK ME 01:34 pm 1st Tee - Comp or Social BOOK GROUP 9 /18 Byrnes, Noelene 5 Day Byrnes, Michael Visitor Bates, Chris Visitor BOOK ME 01:42 pm 1st Tee - Comp or Social BOOK GROUP 9 /18 Abbouchi, Nazih 7 Day BOOK ME BOOK ME BOOK ME 01:50 pm 1st Tee - Comp or Social BOOK GROUP 9 /18 Ryder, Laurence 6 Day Smrdel, Marta 6 Day BOOK ME BOOK ME 01:58 pm 1st Tee - Comp or Social BOOK GROUP 9 /18 BOOK ME BOOK ME BOOK ME BOOK ME 02:06 pm 1st Tee - Comp or Social BOOK GROUP 9 /18 BOOK ME BOOK ME BOOK ME BOOK ME 02:14 pm 1st Tee - Comp or Social BOOK GROUP 9 /18 BOOK ME BOOK ME BOOK ME BOOK ME 02:22 pm 1st Tee - Comp or Social BOOK GROUP 9 /18 Cate, David Nine Hole BOOK ME BOOK ME BOOK ME 02:30 pm 1st Tee - Comp or Social BOOK GROUP 9 /18 BOOK ME BOOK ME BOOK ME BOOK ME 02:38 pm 1st Tee - Comp or Social BOOK GROUP 9 /18 Doolan, Leigh Nine Hole BOOK ME BOOK ME BOOK ME 02:46 pm 1st Tee - Comp or Social BOOK GROUP 9 /18 Tran, Julie Nine Hole Nguyen, Tung Nine Hole BOOK ME BOOK ME 02:54 pm 1st Tee - Comp or Social BOOK GROUP 9 /18 BOOK ME BOOK ME BOOK ME BOOK ME 03:02 pm 1st Tee - Comp or Social BOOK GROUP 9 /18 Malkoun, Lebe 7 Day Eid, Joseph 7 Day BOOK ME BOOK ME 03:10 pm 1st Tee - Comp or Social BOOK GROUP 9 /18 Cerra, Mario 5 Day Bozikas, David Lifestyle BOOK ME BOOK ME 03:18 pm 1st Tee - Comp or Social BOOK GROUP 9 /18 Peate, Tony 7 Day Mcilroy, Sam Visitor Peate, Leo Visitor BOOK ME 04:46 pm 1st Tee - Comp or Social BOOK GROUP 9 /18 BOOK ME BOOK ME BOOK ME BOOK ME 04:54 pm 1st Tee - Comp or Social BOOK GROUP 9 /18 BOOK ME BOOK ME BOOK ME BOOK ME 05:02 pm 1st Tee - Comp or Social BOOK GROUP 9 /18 BOOK ME BOOK ME BOOK ME BOOK ME 05:10 pm 1st Tee - Comp or Social BOOK GROUP 9 /18 BOOK ME BOOK ME BOOK ME BOOK ME 05:18 pm 1st Tee - Comp or Social BOOK GROUP 9 /18 BOOK ME BOOK ME BOOK ME BOOK ME 05:26 pm 1st Tee - Comp or Social BOOK GROUP 9 /18 BOOK ME BOOK ME BOOK ME BOOK ME 05:34 pm 1st Tee - Comp or Social BOOK GROUP 9 /18 BOOK ME BOOK ME BOOK ME BOOK ME 05:42 pm 1st Tee - Comp or Social BOOK GROUP 9 /18 BOOK ME BOOK ME BOOK ME BOOK ME Stableford - Tuesday May 19 © 2026 Copyright Northern Golf Club Terms & Conditions Bookings by MiClub
2026-05-19 15:08:19 | INFO | STATE => LOGIN
2026-05-19 15:08:57 | INFO | Login successful
2026-05-19 15:08:57 | INFO | STATE => OPEN_EVENT_LIST
2026-05-19 15:08:57 | INFO | Found Bookings link (attempt 1)
2026-05-19 15:09:05 | INFO | Opened bookings event list page. Saved URL: https://northern.miclub.com.au/views/members/booking/eventList.xhtml
2026-05-19 15:09:05 | INFO | STATE => COLLECT_EVENTS
2026-05-19 15:09:05 | INFO | Discovered 8 OPEN events
2026-05-19 15:09:05 | INFO | Processing OPEN event 1 of 8
2026-05-19 15:09:05 | INFO | STATE => OPEN_EVENT
2026-05-19 15:09:05 | INFO | Navigating into open event index 0: OPEN
2026-05-19 15:09:13 | INFO | Event tee sheet opened
2026-05-19 15:09:13 | INFO | STATE => COLLECT_TEE_ROWS
2026-05-19 15:09:21 | INFO | Discovered 88 candidate slots
2026-05-19 15:09:21 | INFO | Slot: time=07:18 am status=BOOK GROUP available=True
2026-05-19 15:09:21 | INFO | Slot: time=07:18 am status=07:18 AM 1ST TEE - COMP OR SOCIAL 9 /18 GALEA, MARTIN 5 DAY GAZZOLA, MARCO 7 DAY CRISCIONE, JOHN 5 DAY CAPECI, VINCE 7 D available=False
2026-05-19 15:09:21 | INFO | Slot: time=07:18 am status=07:18 AM 1ST TEE - COMP OR SOCIAL 9 /18 available=False
2026-05-19 15:09:21 | INFO | Slot: time=07:26 am status=07:26 AM 1ST TEE - COMP OR SOCIAL 9 /18 CHRISTIAN, IAN 7 DAY VOCALE, BEN 7 DAY SINGH, NAVEEN 5 DAY JORDAN, DALE VISITOR  available=False
2026-05-19 15:09:21 | INFO | Slot: time=07:26 am status=07:26 AM 1ST TEE - COMP OR SOCIAL 9 /18 available=False
2026-05-19 15:09:21 | INFO | Slot: time=07:34 am status=07:34 AM 1ST TEE - COMP OR SOCIAL 9 /18 TORTORELLA, ANDREW 7 DAY BORRELLI, LOU 5 DAY RHODES, JOHN 6 DAY BAILEY, WAYNE ME available=False
2026-05-19 15:09:21 | INFO | Slot: time=07:34 am status=07:34 AM 1ST TEE - COMP OR SOCIAL 9 /18 available=False
2026-05-19 15:09:21 | INFO | Slot: time=07:42 am status=BOOK GROUP available=True
2026-05-19 15:09:21 | INFO | Slot: time=UNKNOWN status=BOOK GROUP available=True
2026-05-19 15:09:21 | INFO | Slot: time=07:50 am status=07:50 AM 1ST TEE - COMP OR SOCIAL 9 /18 CRISAPULLI, VINCE 5 DAY CARLISLE, JOHN 5 DAY GALTIERI, VINCE 6 DAY PARBHOO, KHAN available=False
2026-05-19 15:09:21 | INFO | Slot: time=07:50 am status=07:50 AM 1ST TEE - COMP OR SOCIAL 9 /18 available=False
2026-05-19 15:09:21 | INFO | Slot: time=07:58 am status=07:58 AM 1ST TEE - COMP OR SOCIAL 9 /18 JHOTY, JOE 7 DAY KNIGHT, TREVOR 5 DAY HUSSEY, MARK 6 DAY HILL, JENNIE 6 DAY available=False
2026-05-19 15:09:21 | INFO | Slot: time=07:58 am status=07:58 AM 1ST TEE - COMP OR SOCIAL 9 /18 available=False
2026-05-19 15:09:21 | INFO | Slot: time=08:06 am status=BOOK GROUP available=True
2026-05-19 15:09:21 | INFO | Slot: time=08:14 am status=BOOK GROUP available=True
2026-05-19 15:09:21 | INFO | Slot: time=08:22 am status=08:22 AM 1ST TEE - COMP OR SOCIAL 9 /18 RYAN, STEPHEN 5 DAY MOLONEY, HELEN 5 DAY NIGHTINGALE, ALLISON 5 DAY PORTER, RAGN available=False
2026-05-19 15:09:21 | INFO | Slot: time=08:22 am status=08:22 AM 1ST TEE - COMP OR SOCIAL 9 /18 available=False
2026-05-19 15:09:21 | INFO | Slot: time=08:30 am status=08:30 AM 1ST TEE - COMP OR SOCIAL 9 /18 JONES, ANNIE 5 DAY HUGHES, DIANNE 5 DAY LIU, RONG 6 DAY DAVIES, DEIDRE 5 DAY available=False
2026-05-19 15:09:21 | INFO | Slot: time=08:30 am status=08:30 AM 1ST TEE - COMP OR SOCIAL 9 /18 available=False
2026-05-19 15:09:21 | INFO | Slot: time=08:38 am status=08:38 AM 1ST TEE - COMP OR SOCIAL 9 /18 WALKER, MARY 5 DAY LEYDEN, BEVERLEY 5 DAY HOEY, JANINE 5 DAY BERNHARDT, SARAH VI available=False
2026-05-19 15:09:21 | INFO | Slot: time=08:38 am status=08:38 AM 1ST TEE - COMP OR SOCIAL 9 /18 available=False
2026-05-19 15:09:21 | INFO | Slot: time=08:46 am status=BOOK GROUP available=True
2026-05-19 15:09:21 | INFO | Slot: time=08:54 am status=BOOK GROUP available=True
2026-05-19 15:09:21 | INFO | Slot: time=09:02 am status=BOOK GROUP available=True
2026-05-19 15:09:21 | INFO | Slot: time=09:10 am status=BOOK GROUP available=True
2026-05-19 15:09:21 | INFO | Slot: time=09:18 am status=09:18 AM 1ST TEE - COMP OR SOCIAL 9 /18 BRUGALETTA, MANNY SPECIAL 5.12 CRIVELLI, BRUNO SPECIAL 5.12 SCHIRATO, ROBERT SPE available=False
2026-05-19 15:09:21 | INFO | Slot: time=09:18 am status=09:18 AM 1ST TEE - COMP OR SOCIAL 9 /18 available=False
2026-05-19 15:09:21 | INFO | Slot: time=09:26 am status=09:26 AM 1ST TEE - COMP OR SOCIAL 9 /18 VINCITORIO, MATT SPECIAL 5.12 TANCREDI, FRANK SPECIAL 5.12 DALSANTO, JOHN SPECIA available=False
2026-05-19 15:09:21 | INFO | Slot: time=09:26 am status=09:26 AM 1ST TEE - COMP OR SOCIAL 9 /18 available=False
2026-05-19 15:09:21 | INFO | Slot: time=09:34 am status=09:34 AM 1ST TEE - COMP OR SOCIAL 9 /18 RAMALINGAM, SHEKILA NINE HOLE RAMALINGAM, SHAMALA NINE HOLE RITCHIE, ELISE NINE  available=False
2026-05-19 15:09:21 | INFO | Slot: time=09:34 am status=09:34 AM 1ST TEE - COMP OR SOCIAL 9 /18 available=False
2026-05-19 15:09:21 | INFO | Slot: time=09:42 am status=09:42 AM 1ST TEE - COMP OR SOCIAL 9 /18 WILKINSON, JAN SPECIAL 5.12 GIBSON, FRANCES SPECIAL 5.12 HILL, KAY 5 DAY KEATING available=False
2026-05-19 15:09:21 | INFO | Slot: time=09:42 am status=09:42 AM 1ST TEE - COMP OR SOCIAL 9 /18 available=False
2026-05-19 15:09:21 | INFO | Slot: time=09:50 am status=09:50 AM 1ST TEE - COMP OR SOCIAL 9 /18 YEOH, DANIEL 5 DAY LITTLE, KELVIN 7 DAY CHIERA, ANTHONY VISITOR - FUTURE GOLF ED available=False
2026-05-19 15:09:21 | INFO | Slot: time=09:50 am status=09:50 AM 1ST TEE - COMP OR SOCIAL 9 /18 available=False
2026-05-19 15:09:21 | INFO | Slot: time=09:58 am status=BOOK GROUP available=True
2026-05-19 15:09:21 | INFO | Slot: time=10:06 am status=BOOK GROUP available=True
2026-05-19 15:09:21 | INFO | Slot: time=10:14 am status=10:14 AM 1ST TEE - COMP OR SOCIAL 9 /18 CHURCH, GLENIS 5 DAY BULT, SHIRLEY 5 DAY MITCHELL, PAULA 5 DAY CHIN, ANNA NINE H available=False
2026-05-19 15:09:21 | INFO | Slot: time=10:14 am status=10:14 AM 1ST TEE - COMP OR SOCIAL 9 /18 available=False
2026-05-19 15:09:21 | INFO | Slot: time=10:22 am status=BOOK GROUP available=True
2026-05-19 15:09:21 | INFO | Slot: time=10:30 am status=10:30 AM 1ST TEE - COMP OR SOCIAL 9 /18 SIMPSON, CHRISTINE 5 DAY CONLAN, JUDI 5 DAY CARROLL, PHILLIP 7 DAY WHITE, CAROL  available=False
2026-05-19 15:09:21 | INFO | Slot: time=10:30 am status=10:30 AM 1ST TEE - COMP OR SOCIAL 9 /18 available=False
2026-05-19 15:09:21 | INFO | Slot: time=10:38 am status=BOOK GROUP available=True
2026-05-19 15:09:21 | INFO | Slot: time=10:46 am status=BOOK GROUP available=True
2026-05-19 15:09:21 | INFO | Slot: time=10:54 am status=BOOK GROUP available=True
2026-05-19 15:09:21 | INFO | Slot: time=11:02 am status=11:02 AM 1ST TEE - COMP OR SOCIAL 9 /18 LOCCISANO, STEPHEN 6 DAY LOCCISANO, VINCENT 6 DAY MONTESANO, BRUNO 6 DAY YOUNG,  available=False
2026-05-19 15:09:21 | INFO | Slot: time=11:02 am status=11:02 AM 1ST TEE - COMP OR SOCIAL 9 /18 available=False
2026-05-19 15:09:21 | INFO | Slot: time=11:10 am status=BOOK GROUP available=True
2026-05-19 15:09:21 | INFO | Slot: time=11:18 am status=BOOK GROUP available=True
2026-05-19 15:09:21 | INFO | Slot: time=11:26 am status=BOOK GROUP available=True
2026-05-19 15:09:21 | INFO | Slot: time=11:34 am status=BOOK GROUP available=True
2026-05-19 15:09:21 | INFO | Slot: time=11:42 am status=BOOK GROUP available=True
2026-05-19 15:09:21 | INFO | Slot: time=11:50 am status=BOOK GROUP available=True
2026-05-19 15:09:21 | INFO | Slot: time=11:58 am status=BOOK GROUP available=True
2026-05-19 15:09:21 | INFO | Slot: time=12:06 pm status=BOOK GROUP available=True
2026-05-19 15:09:21 | INFO | Slot: time=12:14 pm status=BOOK GROUP available=True
2026-05-19 15:09:21 | INFO | Slot: time=12:22 pm status=BOOK GROUP available=True
2026-05-19 15:09:21 | INFO | Slot: time=12:30 pm status=BOOK GROUP available=True
2026-05-19 15:09:21 | INFO | Slot: time=12:38 pm status=12:38 PM 1ST TEE - COMP OR SOCIAL 9 /18 SULLIVAN, ANTHONY 6 DAY WHITE, PHIL VISITOR GRAHAM, KENNETH 6 DAY LEARD, TONY VI available=False
2026-05-19 15:09:21 | INFO | Slot: time=12:38 pm status=12:38 PM 1ST TEE - COMP OR SOCIAL 9 /18 available=False
2026-05-19 15:09:21 | INFO | Slot: time=12:46 pm status=BOOK GROUP available=True
2026-05-19 15:09:21 | INFO | Slot: time=12:54 pm status=BOOK GROUP available=True
2026-05-19 15:09:21 | INFO | Slot: time=01:02 pm status=BOOK GROUP available=True
2026-05-19 15:09:21 | INFO | Slot: time=01:10 pm status=BOOK GROUP available=True
2026-05-19 15:09:21 | INFO | Slot: time=01:18 pm status=BOOK GROUP available=True
2026-05-19 15:09:21 | INFO | Slot: time=01:26 pm status=BOOK GROUP available=True
2026-05-19 15:09:21 | INFO | Slot: time=01:34 pm status=BOOK GROUP available=True
2026-05-19 15:09:21 | INFO | Slot: time=01:42 pm status=BOOK GROUP available=True
2026-05-19 15:09:21 | INFO | Slot: time=01:50 pm status=BOOK GROUP available=True
2026-05-19 15:09:21 | INFO | Slot: time=01:58 pm status=BOOK GROUP available=True
2026-05-19 15:09:21 | INFO | Slot: time=02:06 pm status=BOOK GROUP available=True
2026-05-19 15:09:21 | INFO | Slot: time=02:14 pm status=BOOK GROUP available=True
2026-05-19 15:09:21 | INFO | Slot: time=02:22 pm status=BOOK GROUP available=True
2026-05-19 15:09:21 | INFO | Slot: time=02:30 pm status=BOOK GROUP available=True
2026-05-19 15:09:21 | INFO | Slot: time=02:38 pm status=BOOK GROUP available=True
2026-05-19 15:09:21 | INFO | Slot: time=02:46 pm status=BOOK GROUP available=True
2026-05-19 15:09:21 | INFO | Slot: time=02:54 pm status=BOOK GROUP available=True
2026-05-19 15:09:21 | INFO | Slot: time=03:02 pm status=BOOK GROUP available=True
2026-05-19 15:09:21 | INFO | Slot: time=03:10 pm status=BOOK GROUP available=True
2026-05-19 15:09:21 | INFO | Slot: time=03:18 pm status=BOOK GROUP available=True
2026-05-19 15:09:21 | INFO | Slot: time=04:46 pm status=BOOK GROUP available=True
2026-05-19 15:09:21 | INFO | Slot: time=04:54 pm status=BOOK GROUP available=True
2026-05-19 15:09:21 | INFO | Slot: time=05:02 pm status=BOOK GROUP available=True
2026-05-19 15:09:21 | INFO | Slot: time=05:10 pm status=BOOK GROUP available=True
2026-05-19 15:09:21 | INFO | Slot: time=05:18 pm status=BOOK GROUP available=True
2026-05-19 15:09:21 | INFO | Slot: time=05:26 pm status=BOOK GROUP available=True
2026-05-19 15:09:21 | INFO | Slot: time=05:34 pm status=BOOK GROUP available=True
2026-05-19 15:09:21 | INFO | Slot: time=05:42 pm status=BOOK GROUP available=True
2026-05-19 15:09:21 | INFO | STATE => BOOK_FIRST_AVAILABLE
2026-05-19 15:09:21 | INFO | Selected slot: 07:18 am (BOOK GROUP)
2026-05-19 15:09:22 | INFO | STATE => CONFIRM_BOOKING
2026-05-19 15:09:24 | WARNING | Error processing event 1: Alert Text: This booking time has already been booked.  The bookings will be shown the next time this page is refreshed.
Message: unexpected alert open: {Alert text : This booking time has already been booked.  The bookings will be shown the next time this page is refreshed.}
  (Session info: chrome=147.0.7727.55)
Stacktrace:
#0 0x62cdb7cb379a <unknown>
#1 0x62cdb76af215 <unknown>
#2 0x62cdb774b214 <unknown>
#3 0x62cdb76f555f <unknown>
#4 0x62cdb76f6321 <unknown>
#5 0x62cdb7c7706b <unknown>
#6 0x62cdb7c7a01d <unknown>
#7 0x62cdb7c63718 <unknown>
#8 0x62cdb7c7abb0 <unknown>
#9 0x62cdb7c4a150 <unknown>
#10 0x62cdb7ca05e8 <unknown>
#11 0x62cdb7ca07b8 <unknown>
#12 0x62cdb7cb21de <unknown>
#13 0x7b307349caa4 <unknown>
#14 0x7b3073529c6c <unknown>

2026-05-19 15:09:24 | INFO | Saved screenshot: screenshots/20260519_100924_655899_event_0_error.png
2026-05-19 15:09:24 | INFO | STATE => RETURN_TO_EVENT_LIST
2026-05-19 15:09:24 | INFO | Returning to event list URL: https://northern.miclub.com.au/views/members/booking/eventList.xhtml
2026-05-19 15:09:32 | INFO | Processing OPEN event 2 of 8
2026-05-19 15:09:32 | INFO | STATE => OPEN_EVENT
2026-05-19 15:09:32 | INFO | Navigating into open event index 1: OPEN
2026-05-19 15:09:43 | INFO | Event tee sheet opened
2026-05-19 15:09:43 | INFO | STATE => COLLECT_TEE_ROWS
2026-05-19 15:09:50 | INFO | Discovered 119 candidate slots
2026-05-19 15:09:50 | INFO | Slot: time=07:15 am status=BOOK GROUP available=True
2026-05-19 15:09:50 | INFO | Slot: time=07:15 am status=07:15 AM 1ST TEE - COMPETITION THOMPSON, CRAIG 7 DAY O'CONNOR, BARRY 7 DAY GRAY, JOSHUA YOUNG ADULT 26-30 HUNT, IAN 7 DA available=False
2026-05-19 15:09:50 | INFO | Slot: time=07:15 am status=07:15 AM 1ST TEE - COMPETITION available=False
2026-05-19 15:09:50 | INFO | Slot: time=07:23 am status=BOOK GROUP available=True
2026-05-19 15:09:50 | INFO | Slot: time=UNKNOWN status=BOOK GROUP available=True
2026-05-19 15:09:50 | INFO | Slot: time=07:31 am status=07:31 AM 1ST TEE - COMPETITION ABOU EID, ALI 7 DAY BROOKER, JOEL 6 DAY GLADMAN, WAYNE 6 DAY COSTOGLOU, PAUL 7 DAY available=False
2026-05-19 15:09:50 | INFO | Slot: time=07:31 am status=07:31 AM 1ST TEE - COMPETITION available=False
2026-05-19 15:09:50 | INFO | Slot: time=07:39 am status=07:39 AM 1ST TEE - COMPETITION PENGELLY, KEN 7 DAY BOWLER, GREG 7 DAY HOWARTH, TOM HONORARY NV TURNER, BLAIR YOUNG ADULT available=False
2026-05-19 15:09:50 | INFO | Slot: time=07:39 am status=07:39 AM 1ST TEE - COMPETITION available=False
2026-05-19 15:09:50 | INFO | Slot: time=07:47 am status=07:47 AM 1ST TEE - COMPETITION WOTHERSPOON, IAN 6 DAY BANAVALI, GIRISH 6 DAY FERRIS, COLIN 6 DAY BELCHER, JANE 6 DAY available=False
2026-05-19 15:09:50 | INFO | Slot: time=07:47 am status=07:47 AM 1ST TEE - COMPETITION available=False
2026-05-19 15:09:50 | INFO | Slot: time=07:55 am status=BOOK GROUP available=True
2026-05-19 15:09:50 | INFO | Slot: time=08:03 am status=08:03 AM 1ST TEE - COMPETITION THOMPSON, BRUCE 7 DAY BAJORAS, TONY 6 DAY KELLY, ANDREW 6 DAY HARRIS, JOHN 6 DAY available=False
2026-05-19 15:09:50 | INFO | Slot: time=08:03 am status=08:03 AM 1ST TEE - COMPETITION available=False
2026-05-19 15:09:50 | INFO | Slot: time=08:11 am status=08:11 AM 1ST TEE - COMPETITION MCDONALD, LEIGH 6 DAY MCGRAW, PAUL 6 DAY SIDEBOTTOM, PAUL 6 DAY RODDA, MARK 7 DAY available=False
2026-05-19 15:09:50 | INFO | Slot: time=08:11 am status=08:11 AM 1ST TEE - COMPETITION available=False
2026-05-19 15:09:50 | INFO | Slot: time=08:19 am status=BOOK GROUP available=True
2026-05-19 15:09:50 | INFO | Slot: time=08:27 am status=08:27 AM 1ST TEE - COMPETITION GARDINER, GREG 7 DAY RYAN, ROBERT 7 DAY STEPHENS, DAN 7 DAY ABBENANTE, TONY 6 DAY available=False
2026-05-19 15:09:50 | INFO | Slot: time=08:27 am status=08:27 AM 1ST TEE - COMPETITION available=False
2026-05-19 15:09:50 | INFO | Slot: time=08:35 am status=08:35 AM 1ST TEE - COMPETITION PASHAKIS, PERRY 7 DAY ADAMS, PETER 7 DAY GAZZOLA, MARCO 7 DAY RHODES, JOHN 6 DAY available=False
2026-05-19 15:09:50 | INFO | Slot: time=08:35 am status=08:35 AM 1ST TEE - COMPETITION available=False
2026-05-19 15:09:50 | INFO | Slot: time=08:43 am status=08:43 AM 1ST TEE - COMPETITION CAVEN, TONY 6 DAY MADDEN, PAUL 6 DAY SUTCLIFFE, LEWIS 6 DAY LAWSON, JOHN 6 DAY available=False
2026-05-19 15:09:50 | INFO | Slot: time=08:43 am status=08:43 AM 1ST TEE - COMPETITION available=False
2026-05-19 15:09:50 | INFO | Slot: time=08:51 am status=08:51 AM 1ST TEE - COMPETITION QUINTON, ALAN 6 DAY HYNES, JIM 6 DAY TUTTLE, PHILIP 6 DAY MCCOLL, RICK 7 DAY available=False
2026-05-19 15:09:50 | INFO | Slot: time=08:51 am status=08:51 AM 1ST TEE - COMPETITION available=False
2026-05-19 15:09:50 | INFO | Slot: time=08:59 am status=08:59 AM 1ST TEE - COMPETITION LOCCISANO, STEPHEN 6 DAY ALOI, CHRISTOPHER 6 DAY LOCCISANO, VINCENT 6 DAY MONTESANO, BRUN available=False
2026-05-19 15:09:50 | INFO | Slot: time=08:59 am status=08:59 AM 1ST TEE - COMPETITION available=False
2026-05-19 15:09:50 | INFO | Slot: time=09:07 am status=BOOK GROUP available=True
2026-05-19 15:09:50 | INFO | Slot: time=07:15 am status=07:15 AM 10TH TEE - COMPETITION HOWITT, CHRIS 7 DAY SWEBBS, MICK 7 DAY KLEINIG, MICHAEL 7 DAY LAMBERT, COLIN 6 DAY available=False
2026-05-19 15:09:50 | INFO | Slot: time=07:15 am status=07:15 AM 10TH TEE - COMPETITION available=False
2026-05-19 15:09:50 | INFO | Slot: time=07:23 am status=07:23 AM 10TH TEE - COMPETITION GABRIELE, SAM 7 DAY HILL, GARY 7 DAY VUROVECZ, CAMERON 7 DAY CULAKOVSKI, SASHA 7 DAY available=False
2026-05-19 15:09:50 | INFO | Slot: time=07:23 am status=07:23 AM 10TH TEE - COMPETITION available=False
2026-05-19 15:09:50 | INFO | Slot: time=07:31 am status=07:31 AM 10TH TEE - COMPETITION DE CICCO, VINCE 7 DAY LORENZI, ANDREW 6 DAY HODDER, MATT 7 DAY HICKS, WAYNE 7 DAY available=False
2026-05-19 15:09:50 | INFO | Slot: time=07:31 am status=07:31 AM 10TH TEE - COMPETITION available=False
2026-05-19 15:09:50 | INFO | Slot: time=07:39 am status=07:39 AM 10TH TEE - COMPETITION MCCANN, STEPHEN N 6 DAY GREALY, MAURIE 7 DAY VULIN, MILO 7 DAY TENNI, JEFFREY 7 DAY available=False
2026-05-19 15:09:50 | INFO | Slot: time=07:39 am status=07:39 AM 10TH TEE - COMPETITION available=False
2026-05-19 15:09:50 | INFO | Slot: time=07:47 am status=07:47 AM 10TH TEE - COMPETITION COLLINS, DALE 7 DAY STEWART, SHANE 7 DAY AUSTIN, ALEXANDER 7 DAY WISE, PAUL 7 DAY available=False
2026-05-19 15:09:50 | INFO | Slot: time=07:47 am status=07:47 AM 10TH TEE - COMPETITION available=False
2026-05-19 15:09:50 | INFO | Slot: time=07:55 am status=07:55 AM 10TH TEE - COMPETITION MCMAHON, ANDREW 7 DAY TAN, GWI 7 DAY TORR, JOHN 7 DAY MOLONEY, MARK 6 DAY available=False
2026-05-19 15:09:50 | INFO | Slot: time=07:55 am status=07:55 AM 10TH TEE - COMPETITION available=False
2026-05-19 15:09:50 | INFO | Slot: time=08:03 am status=08:03 AM 10TH TEE - COMPETITION TOBIN, GEOFF 6 DAY CONROY, BILL 6 DAY HUNT, RAYMOND 6 DAY MOLONEY, BRENDAN 6 DAY available=False
2026-05-19 15:09:50 | INFO | Slot: time=08:03 am status=08:03 AM 10TH TEE - COMPETITION available=False
2026-05-19 15:09:50 | INFO | Slot: time=08:11 am status=08:11 AM 10TH TEE - COMPETITION ARMSTRONG, JOHN 7 DAY MULGREW, SIMON 6 DAY QUINLAN, ANTHONY 7 DAY JHOTY, JOE 7 DAY available=False
2026-05-19 15:09:50 | INFO | Slot: time=08:11 am status=08:11 AM 10TH TEE - COMPETITION available=False
2026-05-19 15:09:50 | INFO | Slot: time=08:19 am status=08:19 AM 10TH TEE - COMPETITION MCCARTHY, LEO 6 DAY SMITH, BRIAN 7 DAY GROOM, CHRIS 6 DAY HARRINGTON, BRETT 6 DAY available=False
2026-05-19 15:09:50 | INFO | Slot: time=08:19 am status=08:19 AM 10TH TEE - COMPETITION available=False
2026-05-19 15:09:50 | INFO | Slot: time=08:27 am status=08:27 AM 10TH TEE - COMPETITION ISHERWOOD, CHRIS 7 DAY PETRYSHYN, ARTUR YOUNG ADULT 26-30 VRSELJA, DANIEL 7 DAY MCINTYRE available=False
2026-05-19 15:09:50 | INFO | Slot: time=08:27 am status=08:27 AM 10TH TEE - COMPETITION available=False
2026-05-19 15:09:50 | INFO | Slot: time=08:35 am status=BOOK GROUP available=True
2026-05-19 15:09:50 | INFO | Slot: time=08:43 am status=BOOK GROUP available=True
2026-05-19 15:09:50 | INFO | Slot: time=08:51 am status=08:51 AM 10TH TEE - COMPETITION VOCALE, BEN 7 DAY MUNTONI, PIERO 7 DAY NORTON, JOCK 6 DAY CHOW, OLIVER 7 DAY available=False
2026-05-19 15:09:50 | INFO | Slot: time=08:51 am status=08:51 AM 10TH TEE - COMPETITION available=False
2026-05-19 15:09:50 | INFO | Slot: time=08:59 am status=08:59 AM 10TH TEE - COMPETITION OLOFSSON, CHRISTER 6 DAY PRESLAND, MICHAEL 7 DAY RYDER, LAURENCE 6 DAY ANTEQUERA, DAVID  available=False
2026-05-19 15:09:50 | INFO | Slot: time=08:59 am status=08:59 AM 10TH TEE - COMPETITION available=False
2026-05-19 15:09:50 | INFO | Slot: time=11:33 am status=11:33 AM 1ST TEE - COMPETITION CARROLL, PHILLIP 7 DAY GRIGGS, MICHAEL 7 DAY CAPECI, VINCE 7 DAY MEREDITH, BRIAN 7 DAY 11 available=False
2026-05-19 15:09:50 | INFO | Slot: time=11:33 am status=11:33 AM 1ST TEE - COMPETITION CARROLL, PHILLIP 7 DAY GRIGGS, MICHAEL 7 DAY CAPECI, VINCE 7 DAY MEREDITH, BRIAN 7 DAY available=False
2026-05-19 15:09:50 | INFO | Slot: time=11:33 am status=11:33 AM 1ST TEE - COMPETITION available=False
2026-05-19 15:09:50 | INFO | Slot: time=11:41 am status=11:41 AM 1ST TEE - COMPETITION BROCCHI, GLENN 7 DAY ITALIA, J P 7 DAY PARKER, CRAIG 6 DAY EMERY, MICHAEL 7 DAY available=False
2026-05-19 15:09:50 | INFO | Slot: time=11:41 am status=11:41 AM 1ST TEE - COMPETITION available=False
2026-05-19 15:09:50 | INFO | Slot: time=11:49 am status=11:49 AM 1ST TEE - COMPETITION MOTT, FRANCIS 7 DAY BLACK, PETER 7 DAY MCCARTIN, LEO 7 DAY SCARPA, SIMON 6 DAY available=False
2026-05-19 15:09:50 | INFO | Slot: time=11:49 am status=11:49 AM 1ST TEE - COMPETITION available=False
2026-05-19 15:09:50 | INFO | Slot: time=11:57 am status=11:57 AM 1ST TEE - COMPETITION RIEMER, HELMUT 6 DAY DRUMMOND, GRAEME 7 DAY MOSS, IAN 6 DAY MCSPEERIN, JASON 6 DAY available=False
2026-05-19 15:09:50 | INFO | Slot: time=11:57 am status=11:57 AM 1ST TEE - COMPETITION available=False
2026-05-19 15:09:50 | INFO | Slot: time=12:05 pm status=12:05 PM 1ST TEE - COMPETITION STANDFIELD, GRANT 6 DAY WILSON, PETER 6 DAY MOON, GRAEME 7 DAY JUKES, CHRIS 7 DAY available=False
2026-05-19 15:09:50 | INFO | Slot: time=12:05 pm status=12:05 PM 1ST TEE - COMPETITION available=False
2026-05-19 15:09:50 | INFO | Slot: time=12:13 pm status=12:13 PM 1ST TEE - COMPETITION SHEEDY, PAUL 7 DAY BAKER, GRAEME 6 DAY FURLONG, GEOFFREY 6 DAY MONAGHAN, PETER 6 DAY available=False
2026-05-19 15:09:50 | INFO | Slot: time=12:13 pm status=12:13 PM 1ST TEE - COMPETITION available=False
2026-05-19 15:09:50 | INFO | Slot: time=12:21 pm status=12:21 PM 1ST TEE - COMPETITION EFREMOV, BILL 6 DAY X2 GREAVES, PAUL 6 DAY TZAROS, THEO 6 DAY SHARWOOD, PAUL 6 DAY available=False
2026-05-19 15:09:50 | INFO | Slot: time=12:21 pm status=12:21 PM 1ST TEE - COMPETITION available=False
2026-05-19 15:09:50 | INFO | Slot: time=12:29 pm status=12:29 PM 1ST TEE - COMPETITION LEECH, LEON 7 DAY RIGHTON, RUSSELL 7 DAY VEALE, DAVID 7 DAY CLAYTON, WAYNE 7 DAY available=False
2026-05-19 15:09:50 | INFO | Slot: time=12:29 pm status=12:29 PM 1ST TEE - COMPETITION available=False
2026-05-19 15:09:50 | INFO | Slot: time=12:37 pm status=12:37 PM 1ST TEE - COMPETITION SMITH, PETER 7 DAY DIXON, PAUL 6 DAY DIXON, REUBEN 6 DAY MAHONEY, MICHAEL 6 DAY available=False
2026-05-19 15:09:50 | INFO | Slot: time=12:37 pm status=12:37 PM 1ST TEE - COMPETITION available=False
2026-05-19 15:09:50 | INFO | Slot: time=12:45 pm status=12:45 PM 1ST TEE - COMPETITION ARENA, SAM 6 DAY MEEHAN-LAURINS, ZENTIS JUNIORS 19-20 PALLISCO, JOHN 6 DAY PATTI, COSIMO  available=False
2026-05-19 15:09:50 | INFO | Slot: time=12:45 pm status=12:45 PM 1ST TEE - COMPETITION available=False
2026-05-19 15:09:50 | INFO | Slot: time=12:53 pm status=12:53 PM 1ST TEE - COMPETITION BERRY, CRAIG 7 DAY MCCANN, PAUL 7 DAY RICHARDSON, KEVIN 7 DAY CONSTABLE, PHILIP 7 DAY available=False
2026-05-19 15:09:50 | INFO | Slot: time=12:53 pm status=12:53 PM 1ST TEE - COMPETITION available=False
2026-05-19 15:09:50 | INFO | Slot: time=01:01 pm status=01:01 PM 1ST TEE - COMPETITION ABRAHAM, TERRY 7 DAY SCULLY, CON 7 DAY GACESA, ROBERT 7 DAY ABBOUCHI, NAZIH 7 DAY available=False
2026-05-19 15:09:50 | INFO | Slot: time=01:01 pm status=01:01 PM 1ST TEE - COMPETITION available=False
2026-05-19 15:09:50 | INFO | Slot: time=01:09 pm status=01:09 PM 1ST TEE - COMPETITION GORMAN, PETER 6 DAY RANDLES, PETER 6 DAY BLOOD, PETER 6 DAY O'KEEFE, NEIL COUNTRY available=False
2026-05-19 15:09:50 | INFO | Slot: time=01:09 pm status=01:09 PM 1ST TEE - COMPETITION available=False
2026-05-19 15:09:50 | INFO | Slot: time=11:33 am status=BOOK GROUP available=True
2026-05-19 15:09:50 | INFO | Slot: time=11:33 am status=11:33 AM 10TH TEE - COMPETITION CIABOTTI, ANTHONY 6 DAY LEMMO, JOHN 6 DAY LEYDEN, MICK 6 DAY MOORE, IAN 7 DAY available=False
2026-05-19 15:09:50 | INFO | Slot: time=11:33 am status=11:33 AM 10TH TEE - COMPETITION available=False
2026-05-19 15:09:50 | INFO | Slot: time=11:41 am status=11:41 AM 10TH TEE - COMPETITION SCARPA, JOE 6 DAY SEBASTIANO, GABRIEL 6 DAY DEL GUIDICE, NICHOLAS 6 DAY OLIVIERI, SILVIO available=False
2026-05-19 15:09:50 | INFO | Slot: time=11:41 am status=11:41 AM 10TH TEE - COMPETITION available=False
2026-05-19 15:09:50 | INFO | Slot: time=11:49 am status=11:49 AM 10TH TEE - COMPETITION RONNE, PETER 6 DAY FISICARO, JOE 6 DAY MANOVELLA, ANTHONY 6 DAY SILVIO, MARIO 7 DAY available=False
2026-05-19 15:09:50 | INFO | Slot: time=11:49 am status=11:49 AM 10TH TEE - COMPETITION available=False
2026-05-19 15:09:50 | INFO | Slot: time=11:57 am status=11:57 AM 10TH TEE - COMPETITION GILBERTSON, KEN 7 DAY CLINCH, BERNIE 7 DAY FORSTER, PETER 7 DAY DRAKE, PAUL 7 DAY available=False
2026-05-19 15:09:50 | INFO | Slot: time=11:57 am status=11:57 AM 10TH TEE - COMPETITION available=False
2026-05-19 15:09:50 | INFO | Slot: time=12:05 pm status=12:05 PM 10TH TEE - COMPETITION FARAJ, JOSEPH YOUNG ADULT 26-30 CARLTON, PATRICK JUNIORS 17-18 JOB, FABIAN 7 DAY FITOS,  available=False
2026-05-19 15:09:50 | INFO | Slot: time=12:05 pm status=12:05 PM 10TH TEE - COMPETITION available=False
2026-05-19 15:09:50 | INFO | Slot: time=12:13 pm status=12:13 PM 10TH TEE - COMPETITION GOODEAR, PAUL 6 DAY MARSTON, JASON 6 DAY EVANS, TERRY 6 DAY FRASER, CHRISTOPHER 6 DAY available=False
2026-05-19 15:09:50 | INFO | Slot: time=12:13 pm status=12:13 PM 10TH TEE - COMPETITION available=False
2026-05-19 15:09:50 | INFO | Slot: time=12:21 pm status=12:21 PM 10TH TEE - COMPETITION BURGESS, ANNE 7 DAY MONKCOM, BRAD 7 DAY LANE, PHILIP 7 DAY BURGESS, BENJAMIN VISITOR - B available=False
2026-05-19 15:09:50 | INFO | Slot: time=12:21 pm status=12:21 PM 10TH TEE - COMPETITION available=False
2026-05-19 15:09:50 | INFO | Slot: time=12:29 pm status=12:29 PM 10TH TEE - COMPETITION MOONEY, MARK 6 DAY GAVAGHAN, TONY 6 DAY KERR, ALLAN 6 DAY ROBSON, RICHARD 6 DAY available=False
2026-05-19 15:09:50 | INFO | Slot: time=12:29 pm status=12:29 PM 10TH TEE - COMPETITION available=False
2026-05-19 15:09:50 | INFO | Slot: time=12:37 pm status=12:37 PM 10TH TEE - COMPETITION CARNELI, SAM 6 DAY CARNELI, TONY 6 DAY FORMICA, JOE 6 DAY COMPAGNINO, PAUL 6 DAY available=False
2026-05-19 15:09:50 | INFO | Slot: time=12:37 pm status=12:37 PM 10TH TEE - COMPETITION available=False
2026-05-19 15:09:50 | INFO | Slot: time=12:45 pm status=12:45 PM 10TH TEE - COMPETITION CADIGAN, STEPHEN 7 DAY BLYTH, ROGER 7 DAY JOHNS, NEIL 7 DAY CHAMPION, PETER 7 DAY available=False
2026-05-19 15:09:50 | INFO | Slot: time=12:45 pm status=12:45 PM 10TH TEE - COMPETITION available=False
2026-05-19 15:09:50 | INFO | Slot: time=12:53 pm status=12:53 PM 10TH TEE - COMPETITION YARNTON, PAUL 6 DAY LACY, DENNIS 6 DAY CLEMENTS, MARTIN 6 DAY WATTERSON, BRIAN SPECIAL 5 available=False
2026-05-19 15:09:50 | INFO | Slot: time=12:53 pm status=12:53 PM 10TH TEE - COMPETITION available=False
2026-05-19 15:09:50 | INFO | Slot: time=01:01 pm status=01:01 PM 10TH TEE - COMPETITION BOURKE, DANIEL 6 DAY WILSON, STEPHEN 7 DAY GUINAN, GERARD 7 DAY GAY, JACK 7 DAY available=False
2026-05-19 15:09:50 | INFO | Slot: time=01:01 pm status=01:01 PM 10TH TEE - COMPETITION available=False
2026-05-19 15:09:50 | INFO | Slot: time=01:09 pm status=BOOK GROUP available=True
2026-05-19 15:09:50 | INFO | Slot: time=03:45 pm status=BOOK GROUP available=True
2026-05-19 15:09:50 | INFO | Slot: time=04:17 pm status=BOOK GROUP available=True
2026-05-19 15:09:50 | INFO | Slot: time=04:25 pm status=BOOK GROUP available=True
2026-05-19 15:09:50 | INFO | Slot: time=04:33 pm status=BOOK GROUP available=True
2026-05-19 15:09:50 | INFO | Slot: time=04:41 pm status=BOOK GROUP available=True
2026-05-19 15:09:50 | INFO | Slot: time=04:49 pm status=BOOK GROUP available=True
2026-05-19 15:09:50 | INFO | Slot: time=04:57 pm status=BOOK GROUP available=True
2026-05-19 15:09:50 | INFO | Slot: time=05:05 pm status=BOOK GROUP available=True
2026-05-19 15:09:50 | INFO | Slot: time=05:13 pm status=BOOK GROUP available=True
2026-05-19 15:09:50 | INFO | Slot: time=03:53 pm status=BOOK GROUP available=True
2026-05-19 15:09:50 | INFO | Slot: time=04:01 pm status=BOOK GROUP available=True
2026-05-19 15:09:50 | INFO | Slot: time=04:09 pm status=BOOK GROUP available=True
2026-05-19 15:09:50 | INFO | STATE => BOOK_FIRST_AVAILABLE
2026-05-19 15:09:50 | INFO | Selected slot: 07:15 am (BOOK GROUP)
2026-05-19 15:09:52 | INFO | STATE => CONFIRM_BOOKING
2026-05-19 15:09:54 | WARNING | Error processing event 2: Alert Text: This booking time has already been booked.  The bookings will be shown the next time this page is refreshed.
Message: unexpected alert open: {Alert text : This booking time has already been booked.  The bookings will be shown the next time this page is refreshed.}
  (Session info: chrome=147.0.7727.55)
Stacktrace:
#0 0x62cdb7cb379a <unknown>
#1 0x62cdb76af215 <unknown>
#2 0x62cdb774b214 <unknown>
#3 0x62cdb76f555f <unknown>
#4 0x62cdb76f6321 <unknown>
#5 0x62cdb7c7706b <unknown>
#6 0x62cdb7c7a01d <unknown>
#7 0x62cdb7c63718 <unknown>
#8 0x62cdb7c7abb0 <unknown>
#9 0x62cdb7c4a150 <unknown>
#10 0x62cdb7ca05e8 <unknown>
#11 0x62cdb7ca07b8 <unknown>
#12 0x62cdb7cb21de <unknown>
#13 0x7b307349caa4 <unknown>
#14 0x7b3073529c6c <unknown>

2026-05-19 15:09:54 | INFO | Saved screenshot: screenshots/20260519_100954_181442_event_1_error.png
2026-05-19 15:09:54 | INFO | STATE => RETURN_TO_EVENT_LIST
2026-05-19 15:09:54 | INFO | Returning to event list URL: https://northern.miclub.com.au/views/members/booking/eventList.xhtml
2026-05-19 15:10:14 | INFO | Saved screenshot: screenshots/20260519_101014_303183_fatal_error.png
2026-05-19 15:10:14 | ERROR | Fatal error
Traceback (most recent call last):
  File "/home/morrty00/Documents/GolfClub/main1.py", line 317, in run
    self.transition(State.RETURN_TO_EVENT_LIST, self.return_to_event_list)
  File "/home/morrty00/Documents/GolfClub/main1.py", line 334, in transition
    return action()
           ^^^^^^^^
  File "/home/morrty00/Documents/GolfClub/main1.py", line 449, in return_to_event_list
    self.driver.get(self.ctx.bookings_url)
  File "/home/morrty00/Documents/GolfClub/.venv/lib/python3.12/site-packages/selenium/webdriver/remote/webdriver.py", line 488, in get
    self.execute(Command.GET, {"url": url})
  File "/home/morrty00/Documents/GolfClub/.venv/lib/python3.12/site-packages/selenium/webdriver/remote/webdriver.py", line 468, in execute
    self.error_handler.check_response(response)
  File "/home/morrty00/Documents/GolfClub/.venv/lib/python3.12/site-packages/selenium/webdriver/remote/errorhandler.py", line 232, in check_response
    raise exception_class(message, screen, stacktrace)
selenium.common.exceptions.TimeoutException: Message: timeout: Timed out receiving message from renderer: 19.656
  (Session info: chrome=147.0.7727.55)
Stacktrace:
#0 0x62cdb7cb379a <unknown>
#1 0x62cdb76af215 <unknown>
#2 0x62cdb7696abb <unknown>
#3 0x62cdb76967a4 <unknown>
#4 0x62cdb76944e1 <unknown>
#5 0x62cdb7694e6f <unknown>
#6 0x62cdb76a3e90 <unknown>
#7 0x62cdb76bdc07 <unknown>
#8 0x62cdb76c473b <unknown>
#9 0x62cdb76955bf <unknown>
#10 0x62cdb76bd99d <unknown>
#11 0x62cdb774aae4 <unknown>
#12 0x62cdb76f555f <unknown>
#13 0x62cdb76f6321 <unknown>
#14 0x62cdb7c7706b <unknown>
#15 0x62cdb7c7a01d <unknown>
#16 0x62cdb7c63718 <unknown>
#17 0x62cdb7c7abb0 <unknown>
#18 0x62cdb7c4a150 <unknown>
#19 0x62cdb7ca05e8 <unknown>
#20 0x62cdb7ca07b8 <unknown>
#21 0x62cdb7cb21de <unknown>
#22 0x7b307349caa4 <unknown>
#23 0x7b3073529c6c <unknown>

2026-05-19 15:10:14 | ERROR | BOOKING FAILED | error=Unhandled error: Message: timeout: Timed out receiving message from renderer: 19.656
  (Session info: chrome=147.0.7727.55)
Stacktrace:
#0 0x62cdb7cb379a <unknown>
#1 0x62cdb76af215 <unknown>
#2 0x62cdb7696abb <unknown>
#3 0x62cdb76967a4 <unknown>
#4 0x62cdb76944e1 <unknown>
#5 0x62cdb7694e6f <unknown>
#6 0x62cdb76a3e90 <unknown>
#7 0x62cdb76bdc07 <unknown>
#8 0x62cdb76c473b <unknown>
#9 0x62cdb76955bf <unknown>
#10 0x62cdb76bd99d <unknown>
#11 0x62cdb774aae4 <unknown>
#12 0x62cdb76f555f <unknown>
#13 0x62cdb76f6321 <unknown>
#14 0x62cdb7c7706b <unknown>
#15 0x62cdb7c7a01d <unknown>
#16 0x62cdb7c63718 <unknown>
#17 0x62cdb7c7abb0 <unknown>
#18 0x62cdb7c4a150 <unknown>
#19 0x62cdb7ca05e8 <unknown>
#20 0x62cdb7ca07b8 <unknown>
#21 0x62cdb7cb21de <unknown>
#22 0x7b307349caa4 <unknown>
#23 0x7b3073529c6c <unknown>

2026-05-19 15:10:32 | INFO | STATE => LOGIN
2026-05-19 15:11:10 | INFO | Login successful
2026-05-19 15:11:10 | INFO | STATE => OPEN_EVENT_LIST
2026-05-19 15:11:10 | INFO | Found Bookings link (attempt 1)
2026-05-19 15:11:17 | INFO | Opened bookings event list page. Saved URL: https://northern.miclub.com.au/views/members/booking/eventList.xhtml
2026-05-19 15:11:17 | INFO | STATE => COLLECT_EVENTS
2026-05-19 15:11:17 | INFO | Discovered 8 OPEN events
2026-05-19 15:11:17 | INFO | Processing OPEN event 1 of 8
2026-05-19 15:11:17 | INFO | STATE => OPEN_EVENT
2026-05-19 15:11:17 | INFO | Navigating into open event index 0: OPEN
2026-05-19 15:11:25 | INFO | Event tee sheet opened
2026-05-19 15:11:25 | INFO | STATE => COLLECT_TEE_ROWS
2026-05-19 15:11:33 | INFO | Discovered 88 candidate slots
2026-05-19 15:11:33 | INFO | Slot: time=07:18 am status=BOOK GROUP available=True
2026-05-19 15:11:33 | INFO | Slot: time=07:18 am status=07:18 AM 1ST TEE - COMP OR SOCIAL 9 /18 GALEA, MARTIN 5 DAY GAZZOLA, MARCO 7 DAY CRISCIONE, JOHN 5 DAY CAPECI, VINCE 7 D available=False
2026-05-19 15:11:33 | INFO | Slot: time=07:18 am status=07:18 AM 1ST TEE - COMP OR SOCIAL 9 /18 available=False
2026-05-19 15:11:33 | INFO | Slot: time=07:26 am status=07:26 AM 1ST TEE - COMP OR SOCIAL 9 /18 CHRISTIAN, IAN 7 DAY VOCALE, BEN 7 DAY SINGH, NAVEEN 5 DAY JORDAN, DALE VISITOR  available=False
2026-05-19 15:11:33 | INFO | Slot: time=07:26 am status=07:26 AM 1ST TEE - COMP OR SOCIAL 9 /18 available=False
2026-05-19 15:11:33 | INFO | Slot: time=07:34 am status=07:34 AM 1ST TEE - COMP OR SOCIAL 9 /18 TORTORELLA, ANDREW 7 DAY BORRELLI, LOU 5 DAY RHODES, JOHN 6 DAY BAILEY, WAYNE ME available=False
2026-05-19 15:11:33 | INFO | Slot: time=07:34 am status=07:34 AM 1ST TEE - COMP OR SOCIAL 9 /18 available=False
2026-05-19 15:11:33 | INFO | Slot: time=07:42 am status=BOOK GROUP available=True
2026-05-19 15:11:33 | INFO | Slot: time=UNKNOWN status=BOOK GROUP available=True
2026-05-19 15:11:33 | INFO | Slot: time=07:50 am status=07:50 AM 1ST TEE - COMP OR SOCIAL 9 /18 CRISAPULLI, VINCE 5 DAY CARLISLE, JOHN 5 DAY GALTIERI, VINCE 6 DAY PARBHOO, KHAN available=False
2026-05-19 15:11:33 | INFO | Slot: time=07:50 am status=07:50 AM 1ST TEE - COMP OR SOCIAL 9 /18 available=False
2026-05-19 15:11:33 | INFO | Slot: time=07:58 am status=07:58 AM 1ST TEE - COMP OR SOCIAL 9 /18 JHOTY, JOE 7 DAY KNIGHT, TREVOR 5 DAY HUSSEY, MARK 6 DAY HILL, JENNIE 6 DAY available=False
2026-05-19 15:11:33 | INFO | Slot: time=07:58 am status=07:58 AM 1ST TEE - COMP OR SOCIAL 9 /18 available=False
2026-05-19 15:11:33 | INFO | Slot: time=08:06 am status=BOOK GROUP available=True
2026-05-19 15:11:33 | INFO | Slot: time=08:14 am status=BOOK GROUP available=True
2026-05-19 15:11:33 | INFO | Slot: time=08:22 am status=08:22 AM 1ST TEE - COMP OR SOCIAL 9 /18 RYAN, STEPHEN 5 DAY MOLONEY, HELEN 5 DAY NIGHTINGALE, ALLISON 5 DAY PORTER, RAGN available=False
2026-05-19 15:11:33 | INFO | Slot: time=08:22 am status=08:22 AM 1ST TEE - COMP OR SOCIAL 9 /18 available=False
2026-05-19 15:11:33 | INFO | Slot: time=08:30 am status=08:30 AM 1ST TEE - COMP OR SOCIAL 9 /18 JONES, ANNIE 5 DAY HUGHES, DIANNE 5 DAY LIU, RONG 6 DAY DAVIES, DEIDRE 5 DAY available=False
2026-05-19 15:11:33 | INFO | Slot: time=08:30 am status=08:30 AM 1ST TEE - COMP OR SOCIAL 9 /18 available=False
2026-05-19 15:11:33 | INFO | Slot: time=08:38 am status=08:38 AM 1ST TEE - COMP OR SOCIAL 9 /18 WALKER, MARY 5 DAY LEYDEN, BEVERLEY 5 DAY HOEY, JANINE 5 DAY BERNHARDT, SARAH VI available=False
2026-05-19 15:11:33 | INFO | Slot: time=08:38 am status=08:38 AM 1ST TEE - COMP OR SOCIAL 9 /18 available=False
2026-05-19 15:11:33 | INFO | Slot: time=08:46 am status=BOOK GROUP available=True
2026-05-19 15:11:33 | INFO | Slot: time=08:54 am status=BOOK GROUP available=True
2026-05-19 15:11:33 | INFO | Slot: time=09:02 am status=BOOK GROUP available=True
2026-05-19 15:11:33 | INFO | Slot: time=09:10 am status=BOOK GROUP available=True
2026-05-19 15:11:33 | INFO | Slot: time=09:18 am status=09:18 AM 1ST TEE - COMP OR SOCIAL 9 /18 BRUGALETTA, MANNY SPECIAL 5.12 CRIVELLI, BRUNO SPECIAL 5.12 SCHIRATO, ROBERT SPE available=False
2026-05-19 15:11:33 | INFO | Slot: time=09:18 am status=09:18 AM 1ST TEE - COMP OR SOCIAL 9 /18 available=False
2026-05-19 15:11:33 | INFO | Slot: time=09:26 am status=09:26 AM 1ST TEE - COMP OR SOCIAL 9 /18 VINCITORIO, MATT SPECIAL 5.12 TANCREDI, FRANK SPECIAL 5.12 DALSANTO, JOHN SPECIA available=False
2026-05-19 15:11:33 | INFO | Slot: time=09:26 am status=09:26 AM 1ST TEE - COMP OR SOCIAL 9 /18 available=False
2026-05-19 15:11:33 | INFO | Slot: time=09:34 am status=09:34 AM 1ST TEE - COMP OR SOCIAL 9 /18 RAMALINGAM, SHEKILA NINE HOLE RAMALINGAM, SHAMALA NINE HOLE RITCHIE, ELISE NINE  available=False
2026-05-19 15:11:33 | INFO | Slot: time=09:34 am status=09:34 AM 1ST TEE - COMP OR SOCIAL 9 /18 available=False
2026-05-19 15:11:33 | INFO | Slot: time=09:42 am status=09:42 AM 1ST TEE - COMP OR SOCIAL 9 /18 WILKINSON, JAN SPECIAL 5.12 GIBSON, FRANCES SPECIAL 5.12 HILL, KAY 5 DAY KEATING available=False
2026-05-19 15:11:33 | INFO | Slot: time=09:42 am status=09:42 AM 1ST TEE - COMP OR SOCIAL 9 /18 available=False
2026-05-19 15:11:33 | INFO | Slot: time=09:50 am status=09:50 AM 1ST TEE - COMP OR SOCIAL 9 /18 YEOH, DANIEL 5 DAY LITTLE, KELVIN 7 DAY CHIERA, ANTHONY VISITOR - FUTURE GOLF ED available=False
2026-05-19 15:11:33 | INFO | Slot: time=09:50 am status=09:50 AM 1ST TEE - COMP OR SOCIAL 9 /18 available=False
2026-05-19 15:11:33 | INFO | Slot: time=09:58 am status=BOOK GROUP available=True
2026-05-19 15:11:33 | INFO | Slot: time=10:06 am status=BOOK GROUP available=True
2026-05-19 15:11:33 | INFO | Slot: time=10:14 am status=10:14 AM 1ST TEE - COMP OR SOCIAL 9 /18 CHURCH, GLENIS 5 DAY BULT, SHIRLEY 5 DAY MITCHELL, PAULA 5 DAY CHIN, ANNA NINE H available=False
2026-05-19 15:11:33 | INFO | Slot: time=10:14 am status=10:14 AM 1ST TEE - COMP OR SOCIAL 9 /18 available=False
2026-05-19 15:11:33 | INFO | Slot: time=10:22 am status=BOOK GROUP available=True
2026-05-19 15:11:33 | INFO | Slot: time=10:30 am status=10:30 AM 1ST TEE - COMP OR SOCIAL 9 /18 SIMPSON, CHRISTINE 5 DAY CONLAN, JUDI 5 DAY CARROLL, PHILLIP 7 DAY WHITE, CAROL  available=False
2026-05-19 15:11:33 | INFO | Slot: time=10:30 am status=10:30 AM 1ST TEE - COMP OR SOCIAL 9 /18 available=False
2026-05-19 15:11:33 | INFO | Slot: time=10:38 am status=BOOK GROUP available=True
2026-05-19 15:11:33 | INFO | Slot: time=10:46 am status=BOOK GROUP available=True
2026-05-19 15:11:33 | INFO | Slot: time=10:54 am status=BOOK GROUP available=True
2026-05-19 15:11:33 | INFO | Slot: time=11:02 am status=11:02 AM 1ST TEE - COMP OR SOCIAL 9 /18 LOCCISANO, STEPHEN 6 DAY LOCCISANO, VINCENT 6 DAY MONTESANO, BRUNO 6 DAY YOUNG,  available=False
2026-05-19 15:11:33 | INFO | Slot: time=11:02 am status=11:02 AM 1ST TEE - COMP OR SOCIAL 9 /18 available=False
2026-05-19 15:11:33 | INFO | Slot: time=11:10 am status=BOOK GROUP available=True
2026-05-19 15:11:33 | INFO | Slot: time=11:18 am status=BOOK GROUP available=True
2026-05-19 15:11:33 | INFO | Slot: time=11:26 am status=BOOK GROUP available=True
2026-05-19 15:11:33 | INFO | Slot: time=11:34 am status=BOOK GROUP available=True
2026-05-19 15:11:33 | INFO | Slot: time=11:42 am status=BOOK GROUP available=True
2026-05-19 15:11:33 | INFO | Slot: time=11:50 am status=BOOK GROUP available=True
2026-05-19 15:11:33 | INFO | Slot: time=11:58 am status=BOOK GROUP available=True
2026-05-19 15:11:33 | INFO | Slot: time=12:06 pm status=BOOK GROUP available=True
2026-05-19 15:11:33 | INFO | Slot: time=12:14 pm status=BOOK GROUP available=True
2026-05-19 15:11:33 | INFO | Slot: time=12:22 pm status=BOOK GROUP available=True
2026-05-19 15:11:33 | INFO | Slot: time=12:30 pm status=BOOK GROUP available=True
2026-05-19 15:11:33 | INFO | Slot: time=12:38 pm status=12:38 PM 1ST TEE - COMP OR SOCIAL 9 /18 SULLIVAN, ANTHONY 6 DAY WHITE, PHIL VISITOR GRAHAM, KENNETH 6 DAY LEARD, TONY VI available=False
2026-05-19 15:11:33 | INFO | Slot: time=12:38 pm status=12:38 PM 1ST TEE - COMP OR SOCIAL 9 /18 available=False
2026-05-19 15:11:33 | INFO | Slot: time=12:46 pm status=BOOK GROUP available=True
2026-05-19 15:11:33 | INFO | Slot: time=12:54 pm status=BOOK GROUP available=True
2026-05-19 15:11:33 | INFO | Slot: time=01:02 pm status=BOOK GROUP available=True
2026-05-19 15:11:33 | INFO | Slot: time=01:10 pm status=BOOK GROUP available=True
2026-05-19 15:11:33 | INFO | Slot: time=01:18 pm status=BOOK GROUP available=True
2026-05-19 15:11:33 | INFO | Slot: time=01:26 pm status=BOOK GROUP available=True
2026-05-19 15:11:33 | INFO | Slot: time=01:34 pm status=BOOK GROUP available=True
2026-05-19 15:11:33 | INFO | Slot: time=01:42 pm status=BOOK GROUP available=True
2026-05-19 15:11:33 | INFO | Slot: time=01:50 pm status=BOOK GROUP available=True
2026-05-19 15:11:33 | INFO | Slot: time=01:58 pm status=BOOK GROUP available=True
2026-05-19 15:11:33 | INFO | Slot: time=02:06 pm status=BOOK GROUP available=True
2026-05-19 15:11:33 | INFO | Slot: time=02:14 pm status=BOOK GROUP available=True
2026-05-19 15:11:33 | INFO | Slot: time=02:22 pm status=BOOK GROUP available=True
2026-05-19 15:11:33 | INFO | Slot: time=02:30 pm status=BOOK GROUP available=True
2026-05-19 15:11:33 | INFO | Slot: time=02:38 pm status=BOOK GROUP available=True
2026-05-19 15:11:33 | INFO | Slot: time=02:46 pm status=BOOK GROUP available=True
2026-05-19 15:11:33 | INFO | Slot: time=02:54 pm status=BOOK GROUP available=True
2026-05-19 15:11:33 | INFO | Slot: time=03:02 pm status=BOOK GROUP available=True
2026-05-19 15:11:33 | INFO | Slot: time=03:10 pm status=BOOK GROUP available=True
2026-05-19 15:11:33 | INFO | Slot: time=03:18 pm status=BOOK GROUP available=True
2026-05-19 15:11:33 | INFO | Slot: time=04:46 pm status=BOOK GROUP available=True
2026-05-19 15:11:33 | INFO | Slot: time=04:54 pm status=BOOK GROUP available=True
2026-05-19 15:11:33 | INFO | Slot: time=05:02 pm status=BOOK GROUP available=True
2026-05-19 15:11:33 | INFO | Slot: time=05:10 pm status=BOOK GROUP available=True
2026-05-19 15:11:33 | INFO | Slot: time=05:18 pm status=BOOK GROUP available=True
2026-05-19 15:11:33 | INFO | Slot: time=05:26 pm status=BOOK GROUP available=True
2026-05-19 15:11:33 | INFO | Slot: time=05:34 pm status=BOOK GROUP available=True
2026-05-19 15:11:33 | INFO | Slot: time=05:42 pm status=BOOK GROUP available=True
2026-05-19 15:11:33 | INFO | STATE => BOOK_FIRST_AVAILABLE
2026-05-19 15:11:33 | INFO | Found 54 eligible BOOK GROUP slots. Attempting bookings sequentially...
2026-05-19 15:11:33 | INFO | [1/54] Attempting to book slot: 07:18 am (BOOK GROUP)
2026-05-19 15:11:36 | WARNING | Browser alert popped up: This booking time has already been booked.  The bookings will be shown the next time this page is refreshed.
2026-05-19 15:11:36 | INFO | Slot 07:18 am is already booked, attempting next slot...
2026-05-19 15:11:36 | INFO | [2/54] Attempting to book slot: 07:42 am (BOOK GROUP)
2026-05-19 15:11:41 | INFO | Successfully initiated booking flow for slot 07:42 am
2026-05-19 15:11:41 | INFO | STATE => CONFIRM_BOOKING
2026-05-19 15:11:43 | INFO | Saved screenshot: screenshots/20260519_101143_510337_pre_confirm_page.png
2026-05-19 15:11:43 | INFO | Confirm Booking button found: tag=button
2026-05-19 15:11:44 | INFO | Clicked Confirm Booking
2026-05-19 15:11:44 | INFO | STATE => VERIFY_SUCCESS
2026-05-19 15:11:48 | INFO | Verifying success. Current URL: https://northern.miclub.com.au/members/bookings/open/event.msp?booking_event_id=22475260&booking_resource_id=3000000&focus=22606778
2026-05-19 15:11:48 | INFO | Success! Detected booking redirect URL: https://northern.miclub.com.au/members/bookings/open/event.msp?booking_event_id=22475260&booking_resource_id=3000000&focus=22606778
2026-05-19 15:11:49 | INFO | BOOKING SUCCESS | slot=07:42 am | confirmation=Redirected to https://northern.miclub.com.au/members/bookings/open/event.msp?booking_event_id=22475260&booking_resource_id=3000000&focus=22606778
2026-05-19 15:20:47 | INFO | STATE => LOGIN
2026-05-19 15:21:19 | INFO | Login successful
2026-05-19 15:21:19 | INFO | STATE => OPEN_EVENT_LIST
2026-05-19 15:21:19 | INFO | Found Bookings link (attempt 1)
2026-05-19 15:21:27 | INFO | Opened bookings event list page. Saved URL: https://northern.miclub.com.au/views/members/booking/eventList.xhtml
2026-05-19 15:21:27 | INFO | STATE => COLLECT_EVENTS
2026-05-19 15:21:27 | INFO | Discovered 8 OPEN events
2026-05-19 15:21:27 | INFO | Processing OPEN event 1 of 8
2026-05-19 15:21:27 | INFO | STATE => OPEN_EVENT
2026-05-19 15:21:27 | INFO | Navigating into open event index 0: OPEN
2026-05-19 15:21:34 | INFO | Event tee sheet opened
2026-05-19 15:21:34 | INFO | STATE => COLLECT_TEE_ROWS
2026-05-19 15:21:42 | INFO | Discovered 88 candidate slots
2026-05-19 15:21:42 | INFO | Slot: time=07:18 am status=BOOK GROUP available=True
2026-05-19 15:21:42 | INFO | Slot: time=07:18 am status=07:18 AM 1ST TEE - COMP OR SOCIAL 9 /18 GALEA, MARTIN 5 DAY GAZZOLA, MARCO 7 DAY CRISCIONE, JOHN 5 DAY CAPECI, VINCE 7 D available=False
2026-05-19 15:21:42 | INFO | Slot: time=07:18 am status=07:18 AM 1ST TEE - COMP OR SOCIAL 9 /18 available=False
2026-05-19 15:21:42 | INFO | Slot: time=07:26 am status=07:26 AM 1ST TEE - COMP OR SOCIAL 9 /18 CHRISTIAN, IAN 7 DAY VOCALE, BEN 7 DAY SINGH, NAVEEN 5 DAY JORDAN, DALE VISITOR  available=False
2026-05-19 15:21:42 | INFO | Slot: time=07:26 am status=07:26 AM 1ST TEE - COMP OR SOCIAL 9 /18 available=False
2026-05-19 15:21:42 | INFO | Slot: time=07:34 am status=07:34 AM 1ST TEE - COMP OR SOCIAL 9 /18 TORTORELLA, ANDREW 7 DAY BORRELLI, LOU 5 DAY RHODES, JOHN 6 DAY BAILEY, WAYNE ME available=False
2026-05-19 15:21:42 | INFO | Slot: time=07:34 am status=07:34 AM 1ST TEE - COMP OR SOCIAL 9 /18 available=False
2026-05-19 15:21:42 | INFO | Slot: time=07:42 am status=BOOK GROUP available=True
2026-05-19 15:21:42 | INFO | Slot: time=UNKNOWN status=BOOK GROUP available=True
2026-05-19 15:21:42 | INFO | Slot: time=07:50 am status=07:50 AM 1ST TEE - COMP OR SOCIAL 9 /18 CRISAPULLI, VINCE 5 DAY CARLISLE, JOHN 5 DAY GALTIERI, VINCE 6 DAY PARBHOO, KHAN available=False
2026-05-19 15:21:42 | INFO | Slot: time=07:50 am status=07:50 AM 1ST TEE - COMP OR SOCIAL 9 /18 available=False
2026-05-19 15:21:42 | INFO | Slot: time=07:58 am status=07:58 AM 1ST TEE - COMP OR SOCIAL 9 /18 JHOTY, JOE 7 DAY KNIGHT, TREVOR 5 DAY HUSSEY, MARK 6 DAY HILL, JENNIE 6 DAY available=False
2026-05-19 15:21:42 | INFO | Slot: time=07:58 am status=07:58 AM 1ST TEE - COMP OR SOCIAL 9 /18 available=False
2026-05-19 15:21:42 | INFO | Slot: time=08:06 am status=BOOK GROUP available=True
2026-05-19 15:21:42 | INFO | Slot: time=08:14 am status=BOOK GROUP available=True
2026-05-19 15:21:42 | INFO | Slot: time=08:22 am status=08:22 AM 1ST TEE - COMP OR SOCIAL 9 /18 RYAN, STEPHEN 5 DAY MOLONEY, HELEN 5 DAY NIGHTINGALE, ALLISON 5 DAY PORTER, RAGN available=False
2026-05-19 15:21:42 | INFO | Slot: time=08:22 am status=08:22 AM 1ST TEE - COMP OR SOCIAL 9 /18 available=False
2026-05-19 15:21:42 | INFO | Slot: time=08:30 am status=08:30 AM 1ST TEE - COMP OR SOCIAL 9 /18 JONES, ANNIE 5 DAY HUGHES, DIANNE 5 DAY LIU, RONG 6 DAY DAVIES, DEIDRE 5 DAY available=False
2026-05-19 15:21:42 | INFO | Slot: time=08:30 am status=08:30 AM 1ST TEE - COMP OR SOCIAL 9 /18 available=False
2026-05-19 15:21:42 | INFO | Slot: time=08:38 am status=08:38 AM 1ST TEE - COMP OR SOCIAL 9 /18 WALKER, MARY 5 DAY LEYDEN, BEVERLEY 5 DAY HOEY, JANINE 5 DAY BERNHARDT, SARAH VI available=False
2026-05-19 15:21:42 | INFO | Slot: time=08:38 am status=08:38 AM 1ST TEE - COMP OR SOCIAL 9 /18 available=False
2026-05-19 15:21:42 | INFO | Slot: time=08:46 am status=BOOK GROUP available=True
2026-05-19 15:21:42 | INFO | Slot: time=08:54 am status=BOOK GROUP available=True
2026-05-19 15:21:42 | INFO | Slot: time=09:02 am status=BOOK GROUP available=True
2026-05-19 15:21:42 | INFO | Slot: time=09:10 am status=BOOK GROUP available=True
2026-05-19 15:21:42 | INFO | Slot: time=09:18 am status=09:18 AM 1ST TEE - COMP OR SOCIAL 9 /18 BRUGALETTA, MANNY SPECIAL 5.12 CRIVELLI, BRUNO SPECIAL 5.12 SCHIRATO, ROBERT SPE available=False
2026-05-19 15:21:42 | INFO | Slot: time=09:18 am status=09:18 AM 1ST TEE - COMP OR SOCIAL 9 /18 available=False
2026-05-19 15:21:42 | INFO | Slot: time=09:26 am status=09:26 AM 1ST TEE - COMP OR SOCIAL 9 /18 VINCITORIO, MATT SPECIAL 5.12 TANCREDI, FRANK SPECIAL 5.12 DALSANTO, JOHN SPECIA available=False
2026-05-19 15:21:42 | INFO | Slot: time=09:26 am status=09:26 AM 1ST TEE - COMP OR SOCIAL 9 /18 available=False
2026-05-19 15:21:42 | INFO | Slot: time=09:34 am status=09:34 AM 1ST TEE - COMP OR SOCIAL 9 /18 RAMALINGAM, SHEKILA NINE HOLE RAMALINGAM, SHAMALA NINE HOLE RITCHIE, ELISE NINE  available=False
2026-05-19 15:21:42 | INFO | Slot: time=09:34 am status=09:34 AM 1ST TEE - COMP OR SOCIAL 9 /18 available=False
2026-05-19 15:21:42 | INFO | Slot: time=09:42 am status=09:42 AM 1ST TEE - COMP OR SOCIAL 9 /18 WILKINSON, JAN SPECIAL 5.12 GIBSON, FRANCES SPECIAL 5.12 HILL, KAY 5 DAY KEATING available=False
2026-05-19 15:21:42 | INFO | Slot: time=09:42 am status=09:42 AM 1ST TEE - COMP OR SOCIAL 9 /18 available=False
2026-05-19 15:21:42 | INFO | Slot: time=09:50 am status=09:50 AM 1ST TEE - COMP OR SOCIAL 9 /18 YEOH, DANIEL 5 DAY LITTLE, KELVIN 7 DAY CHIERA, ANTHONY VISITOR - FUTURE GOLF ED available=False
2026-05-19 15:21:42 | INFO | Slot: time=09:50 am status=09:50 AM 1ST TEE - COMP OR SOCIAL 9 /18 available=False
2026-05-19 15:21:42 | INFO | Slot: time=09:58 am status=BOOK GROUP available=True
2026-05-19 15:21:42 | INFO | Slot: time=10:06 am status=BOOK GROUP available=True
2026-05-19 15:21:42 | INFO | Slot: time=10:14 am status=10:14 AM 1ST TEE - COMP OR SOCIAL 9 /18 CHURCH, GLENIS 5 DAY BULT, SHIRLEY 5 DAY MITCHELL, PAULA 5 DAY CHIN, ANNA NINE H available=False
2026-05-19 15:21:42 | INFO | Slot: time=10:14 am status=10:14 AM 1ST TEE - COMP OR SOCIAL 9 /18 available=False
2026-05-19 15:21:42 | INFO | Slot: time=10:22 am status=BOOK GROUP available=True
2026-05-19 15:21:42 | INFO | Slot: time=10:30 am status=10:30 AM 1ST TEE - COMP OR SOCIAL 9 /18 SIMPSON, CHRISTINE 5 DAY CONLAN, JUDI 5 DAY CARROLL, PHILLIP 7 DAY WHITE, CAROL  available=False
2026-05-19 15:21:42 | INFO | Slot: time=10:30 am status=10:30 AM 1ST TEE - COMP OR SOCIAL 9 /18 available=False
2026-05-19 15:21:42 | INFO | Slot: time=10:38 am status=BOOK GROUP available=True
2026-05-19 15:21:42 | INFO | Slot: time=10:46 am status=BOOK GROUP available=True
2026-05-19 15:21:42 | INFO | Slot: time=10:54 am status=BOOK GROUP available=True
2026-05-19 15:21:42 | INFO | Slot: time=11:02 am status=11:02 AM 1ST TEE - COMP OR SOCIAL 9 /18 LOCCISANO, STEPHEN 6 DAY LOCCISANO, VINCENT 6 DAY MONTESANO, BRUNO 6 DAY YOUNG,  available=False
2026-05-19 15:21:42 | INFO | Slot: time=11:02 am status=11:02 AM 1ST TEE - COMP OR SOCIAL 9 /18 available=False
2026-05-19 15:21:42 | INFO | Slot: time=11:10 am status=BOOK GROUP available=True
2026-05-19 15:21:42 | INFO | Slot: time=11:18 am status=BOOK GROUP available=True
2026-05-19 15:21:42 | INFO | Slot: time=11:26 am status=BOOK GROUP available=True
2026-05-19 15:21:42 | INFO | Slot: time=11:34 am status=BOOK GROUP available=True
2026-05-19 15:21:42 | INFO | Slot: time=11:42 am status=BOOK GROUP available=True
2026-05-19 15:21:42 | INFO | Slot: time=11:50 am status=BOOK GROUP available=True
2026-05-19 15:21:42 | INFO | Slot: time=11:58 am status=BOOK GROUP available=True
2026-05-19 15:21:42 | INFO | Slot: time=12:06 pm status=BOOK GROUP available=True
2026-05-19 15:21:42 | INFO | Slot: time=12:14 pm status=BOOK GROUP available=True
2026-05-19 15:21:42 | INFO | Slot: time=12:22 pm status=BOOK GROUP available=True
2026-05-19 15:21:42 | INFO | Slot: time=12:30 pm status=BOOK GROUP available=True
2026-05-19 15:21:42 | INFO | Slot: time=12:38 pm status=12:38 PM 1ST TEE - COMP OR SOCIAL 9 /18 SULLIVAN, ANTHONY 6 DAY WHITE, PHIL VISITOR GRAHAM, KENNETH 6 DAY LEARD, TONY VI available=False
2026-05-19 15:21:42 | INFO | Slot: time=12:38 pm status=12:38 PM 1ST TEE - COMP OR SOCIAL 9 /18 available=False
2026-05-19 15:21:42 | INFO | Slot: time=12:46 pm status=BOOK GROUP available=True
2026-05-19 15:21:42 | INFO | Slot: time=12:54 pm status=BOOK GROUP available=True
2026-05-19 15:21:42 | INFO | Slot: time=01:02 pm status=BOOK GROUP available=True
2026-05-19 15:21:42 | INFO | Slot: time=01:10 pm status=BOOK GROUP available=True
2026-05-19 15:21:42 | INFO | Slot: time=01:18 pm status=BOOK GROUP available=True
2026-05-19 15:21:42 | INFO | Slot: time=01:26 pm status=BOOK GROUP available=True
2026-05-19 15:21:42 | INFO | Slot: time=01:34 pm status=BOOK GROUP available=True
2026-05-19 15:21:42 | INFO | Slot: time=01:42 pm status=BOOK GROUP available=True
2026-05-19 15:21:42 | INFO | Slot: time=01:50 pm status=BOOK GROUP available=True
2026-05-19 15:21:42 | INFO | Slot: time=01:58 pm status=BOOK GROUP available=True
2026-05-19 15:21:42 | INFO | Slot: time=02:06 pm status=BOOK GROUP available=True
2026-05-19 15:21:42 | INFO | Slot: time=02:14 pm status=BOOK GROUP available=True
2026-05-19 15:21:42 | INFO | Slot: time=02:22 pm status=BOOK GROUP available=True
2026-05-19 15:21:42 | INFO | Slot: time=02:30 pm status=BOOK GROUP available=True
2026-05-19 15:21:42 | INFO | Slot: time=02:38 pm status=BOOK GROUP available=True
2026-05-19 15:21:42 | INFO | Slot: time=02:46 pm status=BOOK GROUP available=True
2026-05-19 15:21:42 | INFO | Slot: time=02:54 pm status=BOOK GROUP available=True
2026-05-19 15:21:42 | INFO | Slot: time=03:02 pm status=BOOK GROUP available=True
2026-05-19 15:21:42 | INFO | Slot: time=03:10 pm status=BOOK GROUP available=True
2026-05-19 15:21:42 | INFO | Slot: time=03:18 pm status=BOOK GROUP available=True
2026-05-19 15:21:42 | INFO | Slot: time=04:46 pm status=BOOK GROUP available=True
2026-05-19 15:21:42 | INFO | Slot: time=04:54 pm status=BOOK GROUP available=True
2026-05-19 15:21:42 | INFO | Slot: time=05:02 pm status=BOOK GROUP available=True
2026-05-19 15:21:42 | INFO | Slot: time=05:10 pm status=BOOK GROUP available=True
2026-05-19 15:21:42 | INFO | Slot: time=05:18 pm status=BOOK GROUP available=True
2026-05-19 15:21:42 | INFO | Slot: time=05:26 pm status=BOOK GROUP available=True
2026-05-19 15:21:42 | INFO | Slot: time=05:34 pm status=BOOK GROUP available=True
2026-05-19 15:21:42 | INFO | Slot: time=05:42 pm status=BOOK GROUP available=True
2026-05-19 15:21:42 | INFO | STATE => BOOK_FIRST_AVAILABLE
2026-05-19 15:21:42 | INFO | Found 54 eligible BOOK GROUP slots. Attempting bookings sequentially...
2026-05-19 15:21:42 | INFO | [1/54] Attempting to book slot: 07:18 am (BOOK GROUP)
2026-05-19 15:21:45 | WARNING | Browser alert popped up: This booking time has already been booked.  The bookings will be shown the next time this page is refreshed.
2026-05-19 15:21:45 | INFO | Slot 07:18 am is already booked, attempting next slot...
2026-05-19 15:21:45 | INFO | [2/54] Attempting to book slot: 07:42 am (BOOK GROUP)
2026-05-19 15:21:50 | INFO | Successfully initiated booking flow for slot 07:42 am
2026-05-19 15:21:50 | INFO | STATE => CONFIRM_BOOKING
2026-05-19 15:21:52 | INFO | Saved screenshot: screenshots/20260519_102152_812559_pre_confirm_page.png
2026-05-19 15:21:52 | INFO | Confirm Booking button found: tag=button
2026-05-19 15:21:53 | INFO | Clicked Confirm Booking
2026-05-19 15:21:53 | INFO | STATE => VERIFY_SUCCESS
2026-05-19 15:21:59 | INFO | Verifying success. Current URL: https://northern.miclub.com.au/members/bookings/open/event.msp?booking_event_id=22475260&booking_resource_id=3000000&focus=22606778
2026-05-19 15:21:59 | INFO | Success! Detected booking redirect URL: https://northern.miclub.com.au/members/bookings/open/event.msp?booking_event_id=22475260&booking_resource_id=3000000&focus=22606778
2026-05-19 15:21:59 | INFO | BOOKING SECURED for Event 1: Slot 07:42 am!
2026-05-19 15:21:59 | INFO | STATE => RETURN_TO_EVENT_LIST
2026-05-19 15:21:59 | INFO | Returning to event list URL: https://northern.miclub.com.au/views/members/booking/eventList.xhtml
2026-05-19 15:22:08 | INFO | Processing OPEN event 2 of 8
2026-05-19 15:22:08 | INFO | STATE => OPEN_EVENT
2026-05-19 15:22:08 | INFO | Navigating into open event index 1: OPEN
2026-05-19 15:22:17 | INFO | Event tee sheet opened
2026-05-19 15:22:17 | INFO | STATE => COLLECT_TEE_ROWS
2026-05-19 15:22:24 | INFO | Discovered 119 candidate slots
2026-05-19 15:22:24 | INFO | Slot: time=07:15 am status=BOOK GROUP available=True
2026-05-19 15:22:24 | INFO | Slot: time=07:15 am status=07:15 AM 1ST TEE - COMPETITION THOMPSON, CRAIG 7 DAY O'CONNOR, BARRY 7 DAY GRAY, JOSHUA YOUNG ADULT 26-30 HUNT, IAN 7 DA available=False
2026-05-19 15:22:24 | INFO | Slot: time=07:15 am status=07:15 AM 1ST TEE - COMPETITION available=False
2026-05-19 15:22:24 | INFO | Slot: time=07:23 am status=BOOK GROUP available=True
2026-05-19 15:22:24 | INFO | Slot: time=UNKNOWN status=BOOK GROUP available=True
2026-05-19 15:22:24 | INFO | Slot: time=07:31 am status=07:31 AM 1ST TEE - COMPETITION ABOU EID, ALI 7 DAY BROOKER, JOEL 6 DAY GLADMAN, WAYNE 6 DAY COSTOGLOU, PAUL 7 DAY available=False
2026-05-19 15:22:24 | INFO | Slot: time=07:31 am status=07:31 AM 1ST TEE - COMPETITION available=False
2026-05-19 15:22:24 | INFO | Slot: time=07:39 am status=07:39 AM 1ST TEE - COMPETITION PENGELLY, KEN 7 DAY BOWLER, GREG 7 DAY HOWARTH, TOM HONORARY NV TURNER, BLAIR YOUNG ADULT available=False
2026-05-19 15:22:24 | INFO | Slot: time=07:39 am status=07:39 AM 1ST TEE - COMPETITION available=False
2026-05-19 15:22:24 | INFO | Slot: time=07:47 am status=07:47 AM 1ST TEE - COMPETITION WOTHERSPOON, IAN 6 DAY BANAVALI, GIRISH 6 DAY FERRIS, COLIN 6 DAY BELCHER, JANE 6 DAY available=False
2026-05-19 15:22:24 | INFO | Slot: time=07:47 am status=07:47 AM 1ST TEE - COMPETITION available=False
2026-05-19 15:22:24 | INFO | Slot: time=07:55 am status=BOOK GROUP available=True
2026-05-19 15:22:24 | INFO | Slot: time=08:03 am status=08:03 AM 1ST TEE - COMPETITION THOMPSON, BRUCE 7 DAY BAJORAS, TONY 6 DAY KELLY, ANDREW 6 DAY HARRIS, JOHN 6 DAY available=False
2026-05-19 15:22:24 | INFO | Slot: time=08:03 am status=08:03 AM 1ST TEE - COMPETITION available=False
2026-05-19 15:22:24 | INFO | Slot: time=08:11 am status=08:11 AM 1ST TEE - COMPETITION MCDONALD, LEIGH 6 DAY MCGRAW, PAUL 6 DAY SIDEBOTTOM, PAUL 6 DAY RODDA, MARK 7 DAY available=False
2026-05-19 15:22:24 | INFO | Slot: time=08:11 am status=08:11 AM 1ST TEE - COMPETITION available=False
2026-05-19 15:22:24 | INFO | Slot: time=08:19 am status=BOOK GROUP available=True
2026-05-19 15:22:24 | INFO | Slot: time=08:27 am status=08:27 AM 1ST TEE - COMPETITION GARDINER, GREG 7 DAY RYAN, ROBERT 7 DAY STEPHENS, DAN 7 DAY ABBENANTE, TONY 6 DAY available=False
2026-05-19 15:22:24 | INFO | Slot: time=08:27 am status=08:27 AM 1ST TEE - COMPETITION available=False
2026-05-19 15:22:24 | INFO | Slot: time=08:35 am status=08:35 AM 1ST TEE - COMPETITION PASHAKIS, PERRY 7 DAY ADAMS, PETER 7 DAY GAZZOLA, MARCO 7 DAY RHODES, JOHN 6 DAY available=False
2026-05-19 15:22:24 | INFO | Slot: time=08:35 am status=08:35 AM 1ST TEE - COMPETITION available=False
2026-05-19 15:22:24 | INFO | Slot: time=08:43 am status=08:43 AM 1ST TEE - COMPETITION CAVEN, TONY 6 DAY MADDEN, PAUL 6 DAY SUTCLIFFE, LEWIS 6 DAY LAWSON, JOHN 6 DAY available=False
2026-05-19 15:22:24 | INFO | Slot: time=08:43 am status=08:43 AM 1ST TEE - COMPETITION available=False
2026-05-19 15:22:24 | INFO | Slot: time=08:51 am status=08:51 AM 1ST TEE - COMPETITION QUINTON, ALAN 6 DAY HYNES, JIM 6 DAY TUTTLE, PHILIP 6 DAY MCCOLL, RICK 7 DAY available=False
2026-05-19 15:22:24 | INFO | Slot: time=08:51 am status=08:51 AM 1ST TEE - COMPETITION available=False
2026-05-19 15:22:24 | INFO | Slot: time=08:59 am status=08:59 AM 1ST TEE - COMPETITION LOCCISANO, STEPHEN 6 DAY ALOI, CHRISTOPHER 6 DAY LOCCISANO, VINCENT 6 DAY MONTESANO, BRUN available=False
2026-05-19 15:22:24 | INFO | Slot: time=08:59 am status=08:59 AM 1ST TEE - COMPETITION available=False
2026-05-19 15:22:24 | INFO | Slot: time=09:07 am status=BOOK GROUP available=True
2026-05-19 15:22:24 | INFO | Slot: time=07:15 am status=07:15 AM 10TH TEE - COMPETITION HOWITT, CHRIS 7 DAY SWEBBS, MICK 7 DAY KLEINIG, MICHAEL 7 DAY LAMBERT, COLIN 6 DAY available=False
2026-05-19 15:22:24 | INFO | Slot: time=07:15 am status=07:15 AM 10TH TEE - COMPETITION available=False
2026-05-19 15:22:24 | INFO | Slot: time=07:23 am status=07:23 AM 10TH TEE - COMPETITION GABRIELE, SAM 7 DAY HILL, GARY 7 DAY VUROVECZ, CAMERON 7 DAY CULAKOVSKI, SASHA 7 DAY available=False
2026-05-19 15:22:24 | INFO | Slot: time=07:23 am status=07:23 AM 10TH TEE - COMPETITION available=False
2026-05-19 15:22:24 | INFO | Slot: time=07:31 am status=07:31 AM 10TH TEE - COMPETITION DE CICCO, VINCE 7 DAY LORENZI, ANDREW 6 DAY HODDER, MATT 7 DAY HICKS, WAYNE 7 DAY available=False
2026-05-19 15:22:24 | INFO | Slot: time=07:31 am status=07:31 AM 10TH TEE - COMPETITION available=False
2026-05-19 15:22:24 | INFO | Slot: time=07:39 am status=07:39 AM 10TH TEE - COMPETITION MCCANN, STEPHEN N 6 DAY GREALY, MAURIE 7 DAY VULIN, MILO 7 DAY TENNI, JEFFREY 7 DAY available=False
2026-05-19 15:22:24 | INFO | Slot: time=07:39 am status=07:39 AM 10TH TEE - COMPETITION available=False
2026-05-19 15:22:24 | INFO | Slot: time=07:47 am status=07:47 AM 10TH TEE - COMPETITION COLLINS, DALE 7 DAY STEWART, SHANE 7 DAY AUSTIN, ALEXANDER 7 DAY WISE, PAUL 7 DAY available=False
2026-05-19 15:22:24 | INFO | Slot: time=07:47 am status=07:47 AM 10TH TEE - COMPETITION available=False
2026-05-19 15:22:24 | INFO | Slot: time=07:55 am status=07:55 AM 10TH TEE - COMPETITION MCMAHON, ANDREW 7 DAY TAN, GWI 7 DAY TORR, JOHN 7 DAY MOLONEY, MARK 6 DAY available=False
2026-05-19 15:22:24 | INFO | Slot: time=07:55 am status=07:55 AM 10TH TEE - COMPETITION available=False
2026-05-19 15:22:24 | INFO | Slot: time=08:03 am status=08:03 AM 10TH TEE - COMPETITION TOBIN, GEOFF 6 DAY CONROY, BILL 6 DAY HUNT, RAYMOND 6 DAY MOLONEY, BRENDAN 6 DAY available=False
2026-05-19 15:22:24 | INFO | Slot: time=08:03 am status=08:03 AM 10TH TEE - COMPETITION available=False
2026-05-19 15:22:24 | INFO | Slot: time=08:11 am status=08:11 AM 10TH TEE - COMPETITION ARMSTRONG, JOHN 7 DAY MULGREW, SIMON 6 DAY QUINLAN, ANTHONY 7 DAY JHOTY, JOE 7 DAY available=False
2026-05-19 15:22:24 | INFO | Slot: time=08:11 am status=08:11 AM 10TH TEE - COMPETITION available=False
2026-05-19 15:22:24 | INFO | Slot: time=08:19 am status=08:19 AM 10TH TEE - COMPETITION MCCARTHY, LEO 6 DAY SMITH, BRIAN 7 DAY GROOM, CHRIS 6 DAY HARRINGTON, BRETT 6 DAY available=False
2026-05-19 15:22:24 | INFO | Slot: time=08:19 am status=08:19 AM 10TH TEE - COMPETITION available=False
2026-05-19 15:22:24 | INFO | Slot: time=08:27 am status=08:27 AM 10TH TEE - COMPETITION ISHERWOOD, CHRIS 7 DAY PETRYSHYN, ARTUR YOUNG ADULT 26-30 VRSELJA, DANIEL 7 DAY MCINTYRE available=False
2026-05-19 15:22:24 | INFO | Slot: time=08:27 am status=08:27 AM 10TH TEE - COMPETITION available=False
2026-05-19 15:22:24 | INFO | Slot: time=08:35 am status=BOOK GROUP available=True
2026-05-19 15:22:24 | INFO | Slot: time=08:43 am status=BOOK GROUP available=True
2026-05-19 15:22:24 | INFO | Slot: time=08:51 am status=08:51 AM 10TH TEE - COMPETITION VOCALE, BEN 7 DAY MUNTONI, PIERO 7 DAY NORTON, JOCK 6 DAY CHOW, OLIVER 7 DAY available=False
2026-05-19 15:22:24 | INFO | Slot: time=08:51 am status=08:51 AM 10TH TEE - COMPETITION available=False
2026-05-19 15:22:24 | INFO | Slot: time=08:59 am status=08:59 AM 10TH TEE - COMPETITION OLOFSSON, CHRISTER 6 DAY PRESLAND, MICHAEL 7 DAY RYDER, LAURENCE 6 DAY ANTEQUERA, DAVID  available=False
2026-05-19 15:22:24 | INFO | Slot: time=08:59 am status=08:59 AM 10TH TEE - COMPETITION available=False
2026-05-19 15:22:24 | INFO | Slot: time=11:33 am status=11:33 AM 1ST TEE - COMPETITION CARROLL, PHILLIP 7 DAY GRIGGS, MICHAEL 7 DAY CAPECI, VINCE 7 DAY MEREDITH, BRIAN 7 DAY 11 available=False
2026-05-19 15:22:24 | INFO | Slot: time=11:33 am status=11:33 AM 1ST TEE - COMPETITION CARROLL, PHILLIP 7 DAY GRIGGS, MICHAEL 7 DAY CAPECI, VINCE 7 DAY MEREDITH, BRIAN 7 DAY available=False
2026-05-19 15:22:24 | INFO | Slot: time=11:33 am status=11:33 AM 1ST TEE - COMPETITION available=False
2026-05-19 15:22:24 | INFO | Slot: time=11:41 am status=11:41 AM 1ST TEE - COMPETITION BROCCHI, GLENN 7 DAY ITALIA, J P 7 DAY PARKER, CRAIG 6 DAY EMERY, MICHAEL 7 DAY available=False
2026-05-19 15:22:24 | INFO | Slot: time=11:41 am status=11:41 AM 1ST TEE - COMPETITION available=False
2026-05-19 15:22:24 | INFO | Slot: time=11:49 am status=11:49 AM 1ST TEE - COMPETITION MOTT, FRANCIS 7 DAY BLACK, PETER 7 DAY MCCARTIN, LEO 7 DAY SCARPA, SIMON 6 DAY available=False
2026-05-19 15:22:24 | INFO | Slot: time=11:49 am status=11:49 AM 1ST TEE - COMPETITION available=False
2026-05-19 15:22:24 | INFO | Slot: time=11:57 am status=11:57 AM 1ST TEE - COMPETITION RIEMER, HELMUT 6 DAY DRUMMOND, GRAEME 7 DAY MOSS, IAN 6 DAY MCSPEERIN, JASON 6 DAY available=False
2026-05-19 15:22:24 | INFO | Slot: time=11:57 am status=11:57 AM 1ST TEE - COMPETITION available=False
2026-05-19 15:22:24 | INFO | Slot: time=12:05 pm status=12:05 PM 1ST TEE - COMPETITION STANDFIELD, GRANT 6 DAY WILSON, PETER 6 DAY MOON, GRAEME 7 DAY JUKES, CHRIS 7 DAY available=False
2026-05-19 15:22:24 | INFO | Slot: time=12:05 pm status=12:05 PM 1ST TEE - COMPETITION available=False
2026-05-19 15:22:24 | INFO | Slot: time=12:13 pm status=12:13 PM 1ST TEE - COMPETITION SHEEDY, PAUL 7 DAY BAKER, GRAEME 6 DAY FURLONG, GEOFFREY 6 DAY MONAGHAN, PETER 6 DAY available=False
2026-05-19 15:22:24 | INFO | Slot: time=12:13 pm status=12:13 PM 1ST TEE - COMPETITION available=False
2026-05-19 15:22:24 | INFO | Slot: time=12:21 pm status=12:21 PM 1ST TEE - COMPETITION EFREMOV, BILL 6 DAY X2 GREAVES, PAUL 6 DAY TZAROS, THEO 6 DAY SHARWOOD, PAUL 6 DAY available=False
2026-05-19 15:22:24 | INFO | Slot: time=12:21 pm status=12:21 PM 1ST TEE - COMPETITION available=False
2026-05-19 15:22:24 | INFO | Slot: time=12:29 pm status=12:29 PM 1ST TEE - COMPETITION LEECH, LEON 7 DAY RIGHTON, RUSSELL 7 DAY VEALE, DAVID 7 DAY CLAYTON, WAYNE 7 DAY available=False
2026-05-19 15:22:24 | INFO | Slot: time=12:29 pm status=12:29 PM 1ST TEE - COMPETITION available=False
2026-05-19 15:22:24 | INFO | Slot: time=12:37 pm status=12:37 PM 1ST TEE - COMPETITION SMITH, PETER 7 DAY DIXON, PAUL 6 DAY DIXON, REUBEN 6 DAY MAHONEY, MICHAEL 6 DAY available=False
2026-05-19 15:22:24 | INFO | Slot: time=12:37 pm status=12:37 PM 1ST TEE - COMPETITION available=False
2026-05-19 15:22:24 | INFO | Slot: time=12:45 pm status=12:45 PM 1ST TEE - COMPETITION ARENA, SAM 6 DAY MEEHAN-LAURINS, ZENTIS JUNIORS 19-20 PALLISCO, JOHN 6 DAY PATTI, COSIMO  available=False
2026-05-19 15:22:24 | INFO | Slot: time=12:45 pm status=12:45 PM 1ST TEE - COMPETITION available=False
2026-05-19 15:22:24 | INFO | Slot: time=12:53 pm status=12:53 PM 1ST TEE - COMPETITION BERRY, CRAIG 7 DAY MCCANN, PAUL 7 DAY RICHARDSON, KEVIN 7 DAY CONSTABLE, PHILIP 7 DAY available=False
2026-05-19 15:22:24 | INFO | Slot: time=12:53 pm status=12:53 PM 1ST TEE - COMPETITION available=False
2026-05-19 15:22:24 | INFO | Slot: time=01:01 pm status=01:01 PM 1ST TEE - COMPETITION ABRAHAM, TERRY 7 DAY SCULLY, CON 7 DAY GACESA, ROBERT 7 DAY ABBOUCHI, NAZIH 7 DAY available=False
2026-05-19 15:22:24 | INFO | Slot: time=01:01 pm status=01:01 PM 1ST TEE - COMPETITION available=False
2026-05-19 15:22:24 | INFO | Slot: time=01:09 pm status=01:09 PM 1ST TEE - COMPETITION GORMAN, PETER 6 DAY RANDLES, PETER 6 DAY BLOOD, PETER 6 DAY O'KEEFE, NEIL COUNTRY available=False
2026-05-19 15:22:24 | INFO | Slot: time=01:09 pm status=01:09 PM 1ST TEE - COMPETITION available=False
2026-05-19 15:22:24 | INFO | Slot: time=11:33 am status=BOOK GROUP available=True
2026-05-19 15:22:24 | INFO | Slot: time=11:33 am status=11:33 AM 10TH TEE - COMPETITION CIABOTTI, ANTHONY 6 DAY LEMMO, JOHN 6 DAY LEYDEN, MICK 6 DAY MOORE, IAN 7 DAY available=False
2026-05-19 15:22:24 | INFO | Slot: time=11:33 am status=11:33 AM 10TH TEE - COMPETITION available=False
2026-05-19 15:22:24 | INFO | Slot: time=11:41 am status=11:41 AM 10TH TEE - COMPETITION SCARPA, JOE 6 DAY SEBASTIANO, GABRIEL 6 DAY DEL GUIDICE, NICHOLAS 6 DAY OLIVIERI, SILVIO available=False
2026-05-19 15:22:24 | INFO | Slot: time=11:41 am status=11:41 AM 10TH TEE - COMPETITION available=False
2026-05-19 15:22:24 | INFO | Slot: time=11:49 am status=11:49 AM 10TH TEE - COMPETITION RONNE, PETER 6 DAY FISICARO, JOE 6 DAY MANOVELLA, ANTHONY 6 DAY SILVIO, MARIO 7 DAY available=False
2026-05-19 15:22:24 | INFO | Slot: time=11:49 am status=11:49 AM 10TH TEE - COMPETITION available=False
2026-05-19 15:22:24 | INFO | Slot: time=11:57 am status=11:57 AM 10TH TEE - COMPETITION GILBERTSON, KEN 7 DAY CLINCH, BERNIE 7 DAY FORSTER, PETER 7 DAY DRAKE, PAUL 7 DAY available=False
2026-05-19 15:22:24 | INFO | Slot: time=11:57 am status=11:57 AM 10TH TEE - COMPETITION available=False
2026-05-19 15:22:24 | INFO | Slot: time=12:05 pm status=12:05 PM 10TH TEE - COMPETITION FARAJ, JOSEPH YOUNG ADULT 26-30 CARLTON, PATRICK JUNIORS 17-18 JOB, FABIAN 7 DAY FITOS,  available=False
2026-05-19 15:22:24 | INFO | Slot: time=12:05 pm status=12:05 PM 10TH TEE - COMPETITION available=False
2026-05-19 15:22:24 | INFO | Slot: time=12:13 pm status=12:13 PM 10TH TEE - COMPETITION GOODEAR, PAUL 6 DAY MARSTON, JASON 6 DAY EVANS, TERRY 6 DAY FRASER, CHRISTOPHER 6 DAY available=False
2026-05-19 15:22:24 | INFO | Slot: time=12:13 pm status=12:13 PM 10TH TEE - COMPETITION available=False
2026-05-19 15:22:24 | INFO | Slot: time=12:21 pm status=12:21 PM 10TH TEE - COMPETITION BURGESS, ANNE 7 DAY MONKCOM, BRAD 7 DAY LANE, PHILIP 7 DAY BURGESS, BENJAMIN VISITOR - B available=False
2026-05-19 15:22:24 | INFO | Slot: time=12:21 pm status=12:21 PM 10TH TEE - COMPETITION available=False
2026-05-19 15:22:24 | INFO | Slot: time=12:29 pm status=12:29 PM 10TH TEE - COMPETITION MOONEY, MARK 6 DAY GAVAGHAN, TONY 6 DAY KERR, ALLAN 6 DAY ROBSON, RICHARD 6 DAY available=False
2026-05-19 15:22:24 | INFO | Slot: time=12:29 pm status=12:29 PM 10TH TEE - COMPETITION available=False
2026-05-19 15:22:24 | INFO | Slot: time=12:37 pm status=12:37 PM 10TH TEE - COMPETITION CARNELI, SAM 6 DAY CARNELI, TONY 6 DAY FORMICA, JOE 6 DAY COMPAGNINO, PAUL 6 DAY available=False
2026-05-19 15:22:24 | INFO | Slot: time=12:37 pm status=12:37 PM 10TH TEE - COMPETITION available=False
2026-05-19 15:22:24 | INFO | Slot: time=12:45 pm status=12:45 PM 10TH TEE - COMPETITION CADIGAN, STEPHEN 7 DAY BLYTH, ROGER 7 DAY JOHNS, NEIL 7 DAY CHAMPION, PETER 7 DAY available=False
2026-05-19 15:22:24 | INFO | Slot: time=12:45 pm status=12:45 PM 10TH TEE - COMPETITION available=False
2026-05-19 15:22:24 | INFO | Slot: time=12:53 pm status=12:53 PM 10TH TEE - COMPETITION YARNTON, PAUL 6 DAY LACY, DENNIS 6 DAY CLEMENTS, MARTIN 6 DAY WATTERSON, BRIAN SPECIAL 5 available=False
2026-05-19 15:22:24 | INFO | Slot: time=12:53 pm status=12:53 PM 10TH TEE - COMPETITION available=False
2026-05-19 15:22:24 | INFO | Slot: time=01:01 pm status=01:01 PM 10TH TEE - COMPETITION BOURKE, DANIEL 6 DAY WILSON, STEPHEN 7 DAY GUINAN, GERARD 7 DAY GAY, JACK 7 DAY available=False
2026-05-19 15:22:24 | INFO | Slot: time=01:01 pm status=01:01 PM 10TH TEE - COMPETITION available=False
2026-05-19 15:22:24 | INFO | Slot: time=01:09 pm status=BOOK GROUP available=True
2026-05-19 15:22:24 | INFO | Slot: time=03:45 pm status=BOOK GROUP available=True
2026-05-19 15:22:24 | INFO | Slot: time=04:17 pm status=BOOK GROUP available=True
2026-05-19 15:22:24 | INFO | Slot: time=04:25 pm status=BOOK GROUP available=True
2026-05-19 15:22:24 | INFO | Slot: time=04:33 pm status=BOOK GROUP available=True
2026-05-19 15:22:24 | INFO | Slot: time=04:41 pm status=BOOK GROUP available=True
2026-05-19 15:22:24 | INFO | Slot: time=04:49 pm status=BOOK GROUP available=True
2026-05-19 15:22:24 | INFO | Slot: time=04:57 pm status=BOOK GROUP available=True
2026-05-19 15:22:24 | INFO | Slot: time=05:05 pm status=BOOK GROUP available=True
2026-05-19 15:22:24 | INFO | Slot: time=05:13 pm status=BOOK GROUP available=True
2026-05-19 15:22:24 | INFO | Slot: time=03:53 pm status=BOOK GROUP available=True
2026-05-19 15:22:24 | INFO | Slot: time=04:01 pm status=BOOK GROUP available=True
2026-05-19 15:22:24 | INFO | Slot: time=04:09 pm status=BOOK GROUP available=True
2026-05-19 15:22:24 | INFO | STATE => BOOK_FIRST_AVAILABLE
2026-05-19 15:22:24 | INFO | Found 22 eligible BOOK GROUP slots. Attempting bookings sequentially...
2026-05-19 15:22:24 | INFO | [1/22] Attempting to book slot: 07:15 am (BOOK GROUP)
2026-05-19 15:22:27 | WARNING | Browser alert popped up: This booking time has already been booked.  The bookings will be shown the next time this page is refreshed.
2026-05-19 15:22:27 | INFO | Slot 07:15 am is already booked, attempting next slot...
2026-05-19 15:22:27 | INFO | [2/22] Attempting to book slot: 07:23 am (BOOK GROUP)
2026-05-19 15:22:36 | INFO | Successfully initiated booking flow for slot 07:23 am
2026-05-19 15:22:36 | INFO | STATE => CONFIRM_BOOKING
2026-05-19 15:22:38 | INFO | Saved screenshot: screenshots/20260519_102238_252799_pre_confirm_page.png
2026-05-19 15:22:38 | INFO | Confirm Booking button found: tag=button
2026-05-19 15:22:39 | INFO | Clicked Confirm Booking
2026-05-19 15:22:39 | INFO | STATE => VERIFY_SUCCESS
2026-05-19 15:22:45 | INFO | Verifying success. Current URL: https://northern.miclub.com.au/members/bookings/open/event.msp?booking_event_id=22475261&booking_resource_id=3000000&focus=22607034
2026-05-19 15:22:45 | INFO | Success! Detected booking redirect URL: https://northern.miclub.com.au/members/bookings/open/event.msp?booking_event_id=22475261&booking_resource_id=3000000&focus=22607034
2026-05-19 15:22:45 | INFO | BOOKING SECURED for Event 2: Slot 07:23 am!
2026-05-19 15:22:45 | INFO | STATE => RETURN_TO_EVENT_LIST
2026-05-19 15:22:45 | INFO | Returning to event list URL: https://northern.miclub.com.au/views/members/booking/eventList.xhtml
2026-05-19 15:22:56 | INFO | Processing OPEN event 3 of 8
2026-05-19 15:22:56 | INFO | STATE => OPEN_EVENT
2026-05-19 15:22:56 | INFO | Navigating into open event index 2: OPEN
2026-05-19 15:23:04 | INFO | Event tee sheet opened
2026-05-19 15:23:04 | INFO | STATE => COLLECT_TEE_ROWS
2026-05-19 15:23:11 | INFO | Discovered 99 candidate slots
2026-05-19 15:23:11 | INFO | Slot: time=08:02 am status=BOOK GROUP available=True
2026-05-19 15:23:11 | INFO | Slot: time=08:02 am status=08:02 AM 1ST - WOMEN'S COMP CLEMENTS, DEB 5 DAY FORSTER, JEN 5 DAY HIRCOE, RHONDA 5 DAY PLOZZA, HELENE 5 DAY available=False
2026-05-19 15:23:11 | INFO | Slot: time=08:02 am status=08:02 AM 1ST - WOMEN'S COMP available=False
2026-05-19 15:23:11 | INFO | Slot: time=08:10 am status=08:10 AM 1ST - WOMEN'S COMP DAVIES, DEIDRE 5 DAY KEYS, DEBBIE 5 DAY MALCOLM, KYLIE 5 DAY CORBETT, JULIE 6 DAY available=False
2026-05-19 15:23:11 | INFO | Slot: time=08:10 am status=08:10 AM 1ST - WOMEN'S COMP available=False
2026-05-19 15:23:11 | INFO | Slot: time=08:18 am status=08:18 AM 1ST - WOMEN'S COMP JONES, ANNIE 5 DAY GRIEVE, SANDRA 7 DAY BOYER, JULIE 5 DAY BISHOP, KATHRYN 5 DAY available=False
2026-05-19 15:23:11 | INFO | Slot: time=08:18 am status=08:18 AM 1ST - WOMEN'S COMP available=False
2026-05-19 15:23:11 | INFO | Slot: time=08:26 am status=08:26 AM 1ST - WOMEN'S COMP SPAIN, LEANNE 5 DAY VANO, LUCIE 7 DAY NGUYEN, RUTH 6 DAY WILLIAMS, JANETTE 5 DAY available=False
2026-05-19 15:23:11 | INFO | Slot: time=08:26 am status=08:26 AM 1ST - WOMEN'S COMP available=False
2026-05-19 15:23:11 | INFO | Slot: time=08:34 am status=08:34 AM 1ST - WOMEN'S COMP JUDD, AMANDA 5 DAY KEELAN, LOUISE 5 DAY DEASON, SUSAN 5 DAY BACKERRA, YVONNE 5 DAY available=False
2026-05-19 15:23:11 | INFO | Slot: time=08:34 am status=08:34 AM 1ST - WOMEN'S COMP available=False
2026-05-19 15:23:11 | INFO | Slot: time=08:42 am status=08:42 AM 1ST - WOMEN'S COMP VEALE, SHARON 5 DAY CHURCH, GLENIS 5 DAY RANDLES, MARGARET 5 DAY SHAW, LESLEY 5 DAY available=False
2026-05-19 15:23:11 | INFO | Slot: time=08:42 am status=08:42 AM 1ST - WOMEN'S COMP available=False
2026-05-19 15:23:11 | INFO | Slot: time=08:50 am status=08:50 AM 1ST - WOMEN'S COMP GORMAN, JUDITH 5 DAY O'HALLORAN, JAKI 5 DAY CULAKOVSKI, BARBARA 5 DAY CHRYSTIE, LOUISE 5 DAY available=False
2026-05-19 15:23:11 | INFO | Slot: time=08:50 am status=08:50 AM 1ST - WOMEN'S COMP available=False
2026-05-19 15:23:11 | INFO | Slot: time=08:58 am status=BOOK GROUP available=True
2026-05-19 15:23:11 | INFO | Slot: time=UNKNOWN status=BOOK GROUP available=True
2026-05-19 15:23:11 | INFO | Slot: time=09:06 am status=09:06 AM 1ST - 9 HOLES WOMEN'S 9 ALMOND, USHA NINE HOLE MCFARLANE, MARENA NINE HOLE CONLAN, JUDI 5 DAY HOERGER, MICHELLE available=False
2026-05-19 15:23:11 | INFO | Slot: time=09:06 am status=09:06 AM 1ST - 9 HOLES WOMEN'S 9 available=False
2026-05-19 15:23:11 | INFO | Slot: time=09:14 am status=09:14 AM 1ST - 9 HOLES WOMEN'S 9 WILKINSON, JAN SPECIAL 5.12 HILL, KAY 5 DAY KEATING, ELAINE 5 DAY GIBSON, FRANCES SPECI available=False
2026-05-19 15:23:11 | INFO | Slot: time=09:14 am status=09:14 AM 1ST - 9 HOLES WOMEN'S 9 available=False
2026-05-19 15:23:11 | INFO | Slot: time=09:22 am status=09:22 AM 1ST - 9 HOLES WOMEN'S 9 RAMALINGAM, SHEKILA NINE HOLE RAMALINGAM, SHAMINI NINE HOLE RAMALINGAM, SHAMALA NINE HO available=False
2026-05-19 15:23:11 | INFO | Slot: time=09:22 am status=09:22 AM 1ST - 9 HOLES WOMEN'S 9 available=False
2026-05-19 15:23:11 | INFO | Slot: time=09:30 am status=09:30 AM 1ST - 9 HOLES WOMEN'S 9 KODI, MEL NINE HOLE ROONEY, MARISA NINE HOLE ROBINSON, JOAN NINE HOLE REDMAN, GAIL 5 DA available=False
2026-05-19 15:23:11 | INFO | Slot: time=09:30 am status=09:30 AM 1ST - 9 HOLES WOMEN'S 9 available=False
2026-05-19 15:23:11 | INFO | Slot: time=09:38 am status=09:38 AM 1ST - 9 HOLES WOMEN'S 9 URQUHART, SHARON 6 DAY MCDONALD, MARIE NINE HOLE MURTAGH, KERRI NINE HOLE VILLANI, RAFF available=False
2026-05-19 15:23:11 | INFO | Slot: time=09:38 am status=09:38 AM 1ST - 9 HOLES WOMEN'S 9 available=False
2026-05-19 15:23:11 | INFO | Slot: time=09:46 am status=09:46 AM 1ST - 9 HOLES WOMEN'S 9 MITCHELL, PAULA 5 DAY FRATER, ROBIN 5 DAY WHITE, CAROL 5 DAY CHIN, ANNA NINE HOLE available=False
2026-05-19 15:23:11 | INFO | Slot: time=09:46 am status=09:46 AM 1ST - 9 HOLES WOMEN'S 9 available=False
2026-05-19 15:23:11 | INFO | Slot: time=08:02 am status=08:02 AM 10TH - WOMEN'S COMP TEMPLAR, HEATHER 5 DAY RYAN, JOY 5 DAY HUNT, ANNABEL 5 DAY BOULTON, JAN 5 DAY available=False
2026-05-19 15:23:11 | INFO | Slot: time=08:02 am status=08:02 AM 10TH - WOMEN'S COMP available=False
2026-05-19 15:23:11 | INFO | Slot: time=08:10 am status=08:10 AM 10TH - WOMEN'S COMP HILL, JENNIE 6 DAY HAY, JUDY 5 DAY CURLEY, JOY 5 DAY HEWAT, NORMA 5 DAY available=False
2026-05-19 15:23:11 | INFO | Slot: time=08:10 am status=08:10 AM 10TH - WOMEN'S COMP available=False
2026-05-19 15:23:11 | INFO | Slot: time=08:18 am status=08:18 AM 10TH - WOMEN'S COMP ANDRZEJEWSKI, BISERKA 5 DAY FINCH, CHRISTINE 5 DAY HARRISON, AMANDA 5 DAY LIU, RONG 6 DAY available=False
2026-05-19 15:23:11 | INFO | Slot: time=08:18 am status=08:18 AM 10TH - WOMEN'S COMP available=False
2026-05-19 15:23:11 | INFO | Slot: time=08:26 am status=08:26 AM 10TH - WOMEN'S COMP WOOD, SARAH 5 DAY SCHULZ, CARLA 7 DAY CUCANIC, BRYLEE 7 DAY MOLONEY, HELEN 5 DAY available=False
2026-05-19 15:23:11 | INFO | Slot: time=08:26 am status=08:26 AM 10TH - WOMEN'S COMP available=False
2026-05-19 15:23:11 | INFO | Slot: time=08:34 am status=08:34 AM 10TH - WOMEN'S COMP KIRKHAM, LYN 5 DAY GILLIN, JENNY 5 DAY BROOKS, JENNY 5 DAY LAWSON, ELIZABETH 5 DAY available=False
2026-05-19 15:23:11 | INFO | Slot: time=08:34 am status=08:34 AM 10TH - WOMEN'S COMP available=False
2026-05-19 15:23:11 | INFO | Slot: time=08:42 am status=08:42 AM 10TH - WOMEN'S COMP HAYES, JAN 5 DAY GALTIERI, LEEANNE 5 DAY PORTER, RAGNA 5 DAY MOYLAN, ANGELA 5 DAY available=False
2026-05-19 15:23:11 | INFO | Slot: time=08:42 am status=08:42 AM 10TH - WOMEN'S COMP available=False
2026-05-19 15:23:11 | INFO | Slot: time=08:50 am status=08:50 AM 10TH - WOMEN'S COMP SIMPSON, CHRISTINE 5 DAY GRAHAM, NOLA 5 DAY BYRNES, NOELENE 5 DAY WARTON, BERNADETTE 6 DAY available=False
2026-05-19 15:23:11 | INFO | Slot: time=08:50 am status=08:50 AM 10TH - WOMEN'S COMP available=False
2026-05-19 15:23:11 | INFO | Slot: time=08:58 am status=08:58 AM 10TH - WOMEN'S COMP WALKER, MARY 5 DAY WILLIAMS, JANINE 5 DAY ROBSON, CHRISTINE 5 DAY NIGHTINGALE, ALLISON 5 DA available=False
2026-05-19 15:23:11 | INFO | Slot: time=08:58 am status=08:58 AM 10TH - WOMEN'S COMP available=False
2026-05-19 15:23:11 | INFO | Slot: time=09:06 am status=BOOK GROUP available=True
2026-05-19 15:23:11 | INFO | Slot: time=09:14 am status=BOOK GROUP available=True
2026-05-19 15:23:11 | INFO | Slot: time=09:22 am status=BOOK GROUP available=True
2026-05-19 15:23:11 | INFO | Slot: time=09:30 am status=BOOK GROUP available=True
2026-05-19 15:23:11 | INFO | Slot: time=09:38 am status=09:38 AM 10TH - WOMEN'S COMP TABONE, DONNA 5 DAY MCDONOUGH, ANDREA 5 DAY BAKKER, JEANETTE 5 DAY VILLANI, ANGELA 5 DAY available=False
2026-05-19 15:23:11 | INFO | Slot: time=09:38 am status=09:38 AM 10TH - WOMEN'S COMP available=False
2026-05-19 15:23:11 | INFO | Slot: time=09:46 am status=09:46 AM 10TH - WOMEN'S COMP QUINTON, CELESTE 5 DAY SHEEDY, LIBBY 5 DAY MATCHPLAY MATCHPLAY available=False
2026-05-19 15:23:11 | INFO | Slot: time=09:46 am status=09:46 AM 10TH - WOMEN'S COMP available=False
2026-05-19 15:23:11 | INFO | Slot: time=12:00 pm status=BOOK GROUP available=True
2026-05-19 15:23:11 | INFO | Slot: time=12:00 pm status=12:00 PM 1ST TEE 9 /18 MOORE, IAN 7 DAY RYAN, STEPHEN 5 DAY TEMPLE, ADAM 5 DAY KERR, NICHOLAS 6 DAY available=False
2026-05-19 15:23:11 | INFO | Slot: time=12:00 pm status=12:00 PM 1ST TEE 9 /18 available=False
2026-05-19 15:23:11 | INFO | Slot: time=12:08 pm status=12:08 PM 1ST TEE 9 /18 CRISAPULLI, VINCE 5 DAY GALTIERI, VINCE 6 DAY CARLISLE, JOHN 5 DAY LANE, PHILIP 7 DAY available=False
2026-05-19 15:23:11 | INFO | Slot: time=12:08 pm status=12:08 PM 1ST TEE 9 /18 available=False
2026-05-19 15:23:11 | INFO | Slot: time=12:16 pm status=12:16 PM 1ST TEE 9 /18 INNER NORTH WEST INNER NORTH WEST INNER NORTH WEST INNER NORTH WEST available=False
2026-05-19 15:23:11 | INFO | Slot: time=12:16 pm status=12:16 PM 1ST TEE 9 /18 available=False
2026-05-19 15:23:11 | INFO | Slot: time=12:24 pm status=12:24 PM 1ST TEE 9 /18 INNER NORTH WEST INNER NORTH WEST INNER NORTH WEST INNER NORTH WEST available=False
2026-05-19 15:23:11 | INFO | Slot: time=12:24 pm status=12:24 PM 1ST TEE 9 /18 available=False
2026-05-19 15:23:11 | INFO | Slot: time=12:32 pm status=BOOK GROUP available=True
2026-05-19 15:23:11 | INFO | Slot: time=12:40 pm status=12:40 PM 1ST TEE 9 /18 TURNER, COLIN SPECIAL 5.12 MARCHESI, PETER 6 DAY CHAPMAN, GREG NINE HOLE SCARMOZZINO, JOSEPH NINE available=False
2026-05-19 15:23:11 | INFO | Slot: time=12:40 pm status=12:40 PM 1ST TEE 9 /18 available=False
2026-05-19 15:23:11 | INFO | Slot: time=12:48 pm status=BOOK GROUP available=True
2026-05-19 15:23:11 | INFO | Slot: time=12:56 pm status=BOOK GROUP available=True
2026-05-19 15:23:11 | INFO | Slot: time=01:04 pm status=BOOK GROUP available=True
2026-05-19 15:23:11 | INFO | Slot: time=01:12 pm status=01:12 PM 1ST TEE 9 /18 LARGE, KEVIN SPECIAL 5.12 CONNORS, TERRY 7 DAY SAUNDERS, RAYMOND 5 DAY ELLIOT, NEVILLE 5 DAY available=False
2026-05-19 15:23:11 | INFO | Slot: time=01:12 pm status=01:12 PM 1ST TEE 9 /18 available=False
2026-05-19 15:23:11 | INFO | Slot: time=01:20 pm status=BOOK GROUP available=True
2026-05-19 15:23:11 | INFO | Slot: time=01:28 pm status=BOOK GROUP available=True
2026-05-19 15:23:11 | INFO | Slot: time=01:36 pm status=BOOK GROUP available=True
2026-05-19 15:23:11 | INFO | Slot: time=01:44 pm status=BOOK GROUP available=True
2026-05-19 15:23:11 | INFO | Slot: time=01:52 pm status=BOOK GROUP available=True
2026-05-19 15:23:11 | INFO | Slot: time=02:00 pm status=BOOK GROUP available=True
2026-05-19 15:23:11 | INFO | Slot: time=02:08 pm status=BOOK GROUP available=True
2026-05-19 15:23:11 | INFO | Slot: time=02:16 pm status=BOOK GROUP available=True
2026-05-19 15:23:11 | INFO | Slot: time=02:24 pm status=BOOK GROUP available=True
2026-05-19 15:23:11 | INFO | Slot: time=02:32 pm status=BOOK GROUP available=True
2026-05-19 15:23:11 | INFO | Slot: time=02:40 pm status=BOOK GROUP available=True
2026-05-19 15:23:11 | INFO | Slot: time=02:48 pm status=BOOK GROUP available=True
2026-05-19 15:23:11 | INFO | Slot: time=02:56 pm status=BOOK GROUP available=True
2026-05-19 15:23:11 | INFO | Slot: time=03:04 pm status=BOOK GROUP available=True
2026-05-19 15:23:11 | INFO | Slot: time=03:12 pm status=BOOK GROUP available=True
2026-05-19 15:23:11 | INFO | Slot: time=04:48 pm status=BOOK GROUP available=True
2026-05-19 15:23:11 | INFO | Slot: time=04:56 pm status=BOOK GROUP available=True
2026-05-19 15:23:11 | INFO | Slot: time=05:04 pm status=BOOK GROUP available=True
2026-05-19 15:23:11 | INFO | Slot: time=05:12 pm status=BOOK GROUP available=True
2026-05-19 15:23:11 | INFO | Slot: time=05:20 pm status=BOOK GROUP available=True
2026-05-19 15:23:11 | INFO | Slot: time=05:28 pm status=BOOK GROUP available=True
2026-05-19 15:23:11 | INFO | Slot: time=05:36 pm status=BOOK GROUP available=True
2026-05-19 15:23:11 | INFO | Slot: time=05:44 pm status=BOOK GROUP available=True
2026-05-19 15:23:11 | INFO | Slot: time=05:52 pm status=BOOK GROUP available=True
2026-05-19 15:23:11 | INFO | Slot: time=06:00 pm status=BOOK GROUP available=True
2026-05-19 15:23:11 | INFO | Slot: time=06:08 pm status=BOOK GROUP available=True
2026-05-19 15:23:11 | INFO | Slot: time=06:16 pm status=BOOK GROUP available=True
2026-05-19 15:23:11 | INFO | Slot: time=06:24 pm status=BOOK GROUP available=True
2026-05-19 15:23:11 | INFO | Slot: time=06:32 pm status=BOOK GROUP available=True
2026-05-19 15:23:11 | INFO | STATE => BOOK_FIRST_AVAILABLE
2026-05-19 15:23:11 | INFO | Found 41 eligible BOOK GROUP slots. Attempting bookings sequentially...
2026-05-19 15:23:11 | INFO | [1/41] Attempting to book slot: 08:02 am (BOOK GROUP)
2026-05-19 15:23:14 | WARNING | Browser alert popped up: This booking time has already been booked.  The bookings will be shown the next time this page is refreshed.
2026-05-19 15:23:14 | INFO | Slot 08:02 am is already booked, attempting next slot...
2026-05-19 15:23:14 | INFO | [2/41] Attempting to book slot: 08:58 am (BOOK GROUP)
2026-05-19 15:23:16 | INFO | Successfully initiated booking flow for slot 08:58 am
2026-05-19 15:23:16 | INFO | STATE => CONFIRM_BOOKING
2026-05-19 15:23:18 | INFO | Saved screenshot: screenshots/20260519_102318_667049_pre_confirm_page.png
2026-05-19 15:23:29 | WARNING | Confirm Booking button not found via primary selector
2026-05-19 15:23:29 | WARNING | No fallback Confirm element found
2026-05-19 15:23:29 | INFO | Saved screenshot: screenshots/20260519_102329_084761_no_confirm_button.png
2026-05-19 15:23:29 | WARNING | Could not find any confirmation button; continuing to verification
2026-05-19 15:23:29 | INFO | STATE => VERIFY_SUCCESS
2026-05-19 15:23:31 | INFO | Verifying success. Current URL: https://northern.miclub.com.au/members/bookings/open/event.msp?booking_event_id=22475262&booking_resource_id=3000000
2026-05-19 15:23:31 | INFO | Success! Detected booking redirect URL: https://northern.miclub.com.au/members/bookings/open/event.msp?booking_event_id=22475262&booking_resource_id=3000000
2026-05-19 15:23:31 | INFO | BOOKING SECURED for Event 3: Slot 08:58 am!
2026-05-19 15:23:31 | INFO | STATE => RETURN_TO_EVENT_LIST
2026-05-19 15:23:31 | INFO | Returning to event list URL: https://northern.miclub.com.au/views/members/booking/eventList.xhtml
2026-05-19 15:23:44 | INFO | Processing OPEN event 4 of 8
2026-05-19 15:23:44 | INFO | STATE => OPEN_EVENT
2026-05-19 15:23:44 | INFO | Navigating into open event index 3: OPEN
2026-05-19 15:23:52 | INFO | Event tee sheet opened
2026-05-19 15:23:52 | INFO | STATE => COLLECT_TEE_ROWS
2026-05-19 15:24:01 | INFO | Discovered 107 candidate slots
2026-05-19 15:24:01 | INFO | Slot: time=07:07 am status=BOOK GROUP available=True
2026-05-19 15:24:01 | INFO | Slot: time=UNKNOWN status=BOOK GROUP available=True
2026-05-19 15:24:01 | INFO | Slot: time=07:15 am status=BOOK GROUP available=True
2026-05-19 15:24:01 | INFO | Slot: time=07:23 am status=07:23 AM COMP/SOCIAL 1ST AM 9 /18 FRIEDMAN, DANIEL 5 DAY CRISCIONE, JOHN 5 DAY MADDOCKS, WARRICK 5 DAY BEZZINA, LEIGH 5  available=False
2026-05-19 15:24:01 | INFO | Slot: time=07:23 am status=07:23 AM COMP/SOCIAL 1ST AM 9 /18 available=False
2026-05-19 15:24:01 | INFO | Slot: time=07:31 am status=BOOK GROUP available=True
2026-05-19 15:24:01 | INFO | Slot: time=07:39 am status=07:39 AM COMP/SOCIAL 1ST AM 9 /18 WHITE, PAUL 5 DAY CULAKOVSKI, SASHA 7 DAY CHRISTIE, NIGEL 5 DAY KING, BRENDON 6 DAY available=False
2026-05-19 15:24:01 | INFO | Slot: time=07:39 am status=07:39 AM COMP/SOCIAL 1ST AM 9 /18 available=False
2026-05-19 15:24:01 | INFO | Slot: time=07:47 am status=07:47 AM COMP/SOCIAL 1ST AM 9 /18 SULLIVAN, MAURICE 5 DAY PERRY, TREVOR 5 DAY SHEEDY, PAUL 7 DAY COGHLAN, ANDREW 5 DAY available=False
2026-05-19 15:24:01 | INFO | Slot: time=07:47 am status=07:47 AM COMP/SOCIAL 1ST AM 9 /18 available=False
2026-05-19 15:24:01 | INFO | Slot: time=07:55 am status=BOOK GROUP available=True
2026-05-19 15:24:01 | INFO | Slot: time=08:03 am status=08:03 AM COMP/SOCIAL 1ST AM 9 /18 MCDONALD, LEIGH 6 DAY FMG FMG FMG available=False
2026-05-19 15:24:01 | INFO | Slot: time=08:03 am status=08:03 AM COMP/SOCIAL 1ST AM 9 /18 available=False
2026-05-19 15:24:01 | INFO | Slot: time=08:11 am status=08:11 AM COMP/SOCIAL 1ST AM 9 /18 KNIGHT, TREVOR 5 DAY FMG FMG FMG available=False
2026-05-19 15:24:01 | INFO | Slot: time=08:11 am status=08:11 AM COMP/SOCIAL 1ST AM 9 /18 available=False
2026-05-19 15:24:01 | INFO | Slot: time=08:19 am status=08:19 AM COMP/SOCIAL 1ST AM 9 /18 FMG FMG FMG FMG available=False
2026-05-19 15:24:01 | INFO | Slot: time=08:19 am status=08:19 AM COMP/SOCIAL 1ST AM 9 /18 available=False
2026-05-19 15:24:01 | INFO | Slot: time=08:27 am status=08:27 AM COMP/SOCIAL 1ST AM 9 /18 FMG FMG FMG FMG available=False
2026-05-19 15:24:01 | INFO | Slot: time=08:27 am status=08:27 AM COMP/SOCIAL 1ST AM 9 /18 available=False
2026-05-19 15:24:01 | INFO | Slot: time=08:35 am status=BOOK GROUP available=True
2026-05-19 15:24:01 | INFO | Slot: time=08:43 am status=08:43 AM COMP/SOCIAL 1ST AM 9 /18 CAVEN, TONY 6 DAY MADDEN, PAUL 6 DAY SUTCLIFFE, LEWIS 6 DAY FROST, KEVIN 7 DAY available=False
2026-05-19 15:24:01 | INFO | Slot: time=08:43 am status=08:43 AM COMP/SOCIAL 1ST AM 9 /18 available=False
2026-05-19 15:24:01 | INFO | Slot: time=08:51 am status=BOOK GROUP available=True
2026-05-19 15:24:01 | INFO | Slot: time=08:59 am status=08:59 AM COMP/SOCIAL 1ST AM 9 /18 PAYNTER, JACK 6 DAY CAMERON, LOUIS 7 DAY COLLIN, EMILY MEMBER GUEST - FUTURE GOLF GAST available=False
2026-05-19 15:24:01 | INFO | Slot: time=08:59 am status=08:59 AM COMP/SOCIAL 1ST AM 9 /18 available=False
2026-05-19 15:24:01 | INFO | Slot: time=09:07 am status=09:07 AM COMP/SOCIAL 1ST AM 9 VINCITORIO, MATT SPECIAL 5.12 FMG FMG FMG available=False
2026-05-19 15:24:01 | INFO | Slot: time=09:07 am status=09:07 AM COMP/SOCIAL 1ST AM 9 available=False
2026-05-19 15:24:01 | INFO | Slot: time=09:15 am status=09:15 AM COMP/SOCIAL 1ST AM 9 FMG FMG FMG FMG available=False
2026-05-19 15:24:01 | INFO | Slot: time=09:15 am status=09:15 AM COMP/SOCIAL 1ST AM 9 available=False
2026-05-19 15:24:01 | INFO | Slot: time=09:23 am status=09:23 AM COMP/SOCIAL 1ST AM 9 FMG FMG FMG FMG available=False
2026-05-19 15:24:01 | INFO | Slot: time=09:23 am status=09:23 AM COMP/SOCIAL 1ST AM 9 available=False
2026-05-19 15:24:01 | INFO | Slot: time=09:31 am status=09:31 AM COMP/SOCIAL 1ST AM 9 FMG FMG FMG FMG available=False
2026-05-19 15:24:01 | INFO | Slot: time=09:31 am status=09:31 AM COMP/SOCIAL 1ST AM 9 available=False
2026-05-19 15:24:01 | INFO | Slot: time=08:03 am status=BOOK GROUP available=True
2026-05-19 15:24:01 | INFO | Slot: time=08:03 am status=08:03 AM COMP/SOCIAL 10TH AM 9 /18 FMG FMG FMG FMG available=False
2026-05-19 15:24:01 | INFO | Slot: time=08:03 am status=08:03 AM COMP/SOCIAL 10TH AM 9 /18 available=False
2026-05-19 15:24:01 | INFO | Slot: time=08:11 am status=08:11 AM COMP/SOCIAL 10TH AM 9 /18 FMG FMG FMG FMG available=False
2026-05-19 15:24:01 | INFO | Slot: time=08:11 am status=08:11 AM COMP/SOCIAL 10TH AM 9 /18 available=False
2026-05-19 15:24:01 | INFO | Slot: time=08:19 am status=08:19 AM COMP/SOCIAL 10TH AM 9 /18 FMG FMG FMG FMG available=False
2026-05-19 15:24:01 | INFO | Slot: time=08:19 am status=08:19 AM COMP/SOCIAL 10TH AM 9 /18 available=False
2026-05-19 15:24:01 | INFO | Slot: time=08:27 am status=08:27 AM COMP/SOCIAL 10TH AM 9 /18 FMG FMG FMG FMG available=False
2026-05-19 15:24:01 | INFO | Slot: time=08:27 am status=08:27 AM COMP/SOCIAL 10TH AM 9 /18 available=False
2026-05-19 15:24:01 | INFO | Slot: time=08:43 am status=BOOK GROUP available=True
2026-05-19 15:24:01 | INFO | Slot: time=08:59 am status=08:59 AM COMP/SOCIAL 10TH AM 9 /18 BRUGALETTA, MANNY SPECIAL 5.12 CRIVELLI, BRUNO SPECIAL 5.12 SCHIRATO, ROBERT SPECIAL  available=False
2026-05-19 15:24:01 | INFO | Slot: time=08:59 am status=08:59 AM COMP/SOCIAL 10TH AM 9 /18 available=False
2026-05-19 15:24:01 | INFO | Slot: time=11:28 am status=BOOK GROUP available=True
2026-05-19 15:24:01 | INFO | Slot: time=11:28 am status=11:28 AM COMP/SOCIAL 1ST PM 9 /18 SARACENO, DOMENIC YOUNG ADULT 21-25 RAIMONDI, CORRADO 6 DAY AQUARO, BENJAMIN 6 DAY DEL available=False
2026-05-19 15:24:01 | INFO | Slot: time=11:28 am status=11:28 AM COMP/SOCIAL 1ST PM 9 /18 available=False
2026-05-19 15:24:01 | INFO | Slot: time=11:36 am status=11:36 AM COMP/SOCIAL 1ST PM 9 /18 JONES, GEOFFREY SPECIAL 5.12 CORSETTI, JOSEPH SPECIAL 5.12 MCINERNEY, CHRIS SPECIAL 5. available=False
2026-05-19 15:24:01 | INFO | Slot: time=11:36 am status=11:36 AM COMP/SOCIAL 1ST PM 9 /18 available=False
2026-05-19 15:24:01 | INFO | Slot: time=11:44 am status=BOOK GROUP available=True
2026-05-19 15:24:01 | INFO | Slot: time=11:52 am status=BOOK GROUP available=True
2026-05-19 15:24:01 | INFO | Slot: time=12:00 pm status=12:00 PM COMP/SOCIAL 1ST PM 9 /18 FRIDAY BOYS FRIDAY BOYS FRIDAY BOYS FRIDAY BOYS available=False
2026-05-19 15:24:01 | INFO | Slot: time=12:00 pm status=12:00 PM COMP/SOCIAL 1ST PM 9 /18 available=False
2026-05-19 15:24:01 | INFO | Slot: time=12:08 pm status=12:08 PM COMP/SOCIAL 1ST PM 9 /18 FRIDAY BOYS FRIDAY BOYS FRIDAY BOYS FRIDAY BOYS available=False
2026-05-19 15:24:01 | INFO | Slot: time=12:08 pm status=12:08 PM COMP/SOCIAL 1ST PM 9 /18 available=False
2026-05-19 15:24:01 | INFO | Slot: time=12:16 pm status=12:16 PM COMP/SOCIAL 1ST PM 9 /18 FRIDAY BOYS FRIDAY BOYS FRIDAY BOYS FRIDAY BOYS available=False
2026-05-19 15:24:01 | INFO | Slot: time=12:16 pm status=12:16 PM COMP/SOCIAL 1ST PM 9 /18 available=False
2026-05-19 15:24:01 | INFO | Slot: time=12:24 pm status=12:24 PM COMP/SOCIAL 1ST PM 9 /18 FRIDAY BOYS FRIDAY BOYS FRIDAY BOYS FRIDAY BOYS available=False
2026-05-19 15:24:01 | INFO | Slot: time=12:24 pm status=12:24 PM COMP/SOCIAL 1ST PM 9 /18 available=False
2026-05-19 15:24:01 | INFO | Slot: time=12:32 pm status=BOOK GROUP available=True
2026-05-19 15:24:01 | INFO | Slot: time=12:40 pm status=12:40 PM COMP/SOCIAL 1ST PM 9 /18 CARLTON, PATRICK JUNIORS 17-18 TARANTELLI, ALESSANDRO JUNIORS 15-16 STEWART, SHANE 7 D available=False
2026-05-19 15:24:01 | INFO | Slot: time=12:40 pm status=12:40 PM COMP/SOCIAL 1ST PM 9 /18 available=False
2026-05-19 15:24:01 | INFO | Slot: time=12:48 pm status=BOOK GROUP available=True
2026-05-19 15:24:01 | INFO | Slot: time=12:56 pm status=BOOK GROUP available=True
2026-05-19 15:24:01 | INFO | Slot: time=01:04 pm status=01:04 PM COMP/SOCIAL 1ST PM 9 /18 ABBOUCHI, NAZIH 7 DAY ABOU - EID, KHALED VISITOR ABOU-EID, ISSAM YOUNG ADULT 26-30 ABO available=False
2026-05-19 15:24:01 | INFO | Slot: time=01:04 pm status=01:04 PM COMP/SOCIAL 1ST PM 9 /18 available=False
2026-05-19 15:24:01 | INFO | Slot: time=01:12 pm status=01:12 PM COMP/SOCIAL 1ST PM 9 /18 WOOD, SARAH 5 DAY MOYLAN, ANGELA 5 DAY MATCHPLAY MATCHPLAY available=False
2026-05-19 15:24:01 | INFO | Slot: time=01:12 pm status=01:12 PM COMP/SOCIAL 1ST PM 9 /18 available=False
2026-05-19 15:24:01 | INFO | Slot: time=11:36 am status=BOOK GROUP available=True
2026-05-19 15:24:01 | INFO | Slot: time=12:00 pm status=12:00 PM COMP/SOCIAL 10TH PM 9 /18 FRIDAY BOYS FRIDAY BOYS FRIDAY BOYS FRIDAY BOYS available=False
2026-05-19 15:24:01 | INFO | Slot: time=12:00 pm status=12:00 PM COMP/SOCIAL 10TH PM 9 /18 available=False
2026-05-19 15:24:01 | INFO | Slot: time=12:08 pm status=12:08 PM COMP/SOCIAL 10TH PM 9 /18 FRIDAY BOYS FRIDAY BOYS FRIDAY BOYS FRIDAY BOYS available=False
2026-05-19 15:24:01 | INFO | Slot: time=12:08 pm status=12:08 PM COMP/SOCIAL 10TH PM 9 /18 available=False
2026-05-19 15:24:01 | INFO | Slot: time=12:16 pm status=12:16 PM COMP/SOCIAL 10TH PM 9 /18 FRIDAY BOYS FRIDAY BOYS FRIDAY BOYS FRIDAY BOYS available=False
2026-05-19 15:24:01 | INFO | Slot: time=12:16 pm status=12:16 PM COMP/SOCIAL 10TH PM 9 /18 available=False
2026-05-19 15:24:01 | INFO | Slot: time=12:24 pm status=12:24 PM COMP/SOCIAL 10TH PM 9 /18 FRIDAY BOYS FRIDAY BOYS FRIDAY BOYS FRIDAY BOYS available=False
2026-05-19 15:24:01 | INFO | Slot: time=12:24 pm status=12:24 PM COMP/SOCIAL 10TH PM 9 /18 available=False
2026-05-19 15:24:01 | INFO | Slot: time=12:32 pm status=12:32 PM COMP/SOCIAL 10TH PM 9 /18 BREEN, BENJAMIN FLEXI BREEN, LIAM VISITOR LAU, SHANE VISITOR GUEST OF BEN available=False
2026-05-19 15:24:01 | INFO | Slot: time=12:32 pm status=12:32 PM COMP/SOCIAL 10TH PM 9 /18 available=False
2026-05-19 15:24:01 | INFO | Slot: time=12:40 pm status=BOOK GROUP available=True
2026-05-19 15:24:01 | INFO | Slot: time=12:56 pm status=12:56 PM COMP/SOCIAL 10TH PM 9 /18 HARRISON, AMANDA 5 DAY CHIN, ANNA NINE HOLE RHODES, ANDREA 5 DAY MUNRO, STEPHANIE 5 D available=False
2026-05-19 15:24:01 | INFO | Slot: time=12:56 pm status=12:56 PM COMP/SOCIAL 10TH PM 9 /18 available=False
2026-05-19 15:24:01 | INFO | Slot: time=01:04 pm status=BOOK GROUP available=True
2026-05-19 15:24:01 | INFO | Slot: time=04:50 pm status=BOOK GROUP available=True
2026-05-19 15:24:01 | INFO | Slot: time=04:58 pm status=BOOK GROUP available=True
2026-05-19 15:24:01 | INFO | Slot: time=05:06 pm status=BOOK GROUP available=True
2026-05-19 15:24:01 | INFO | Slot: time=05:14 pm status=BOOK GROUP available=True
2026-05-19 15:24:01 | INFO | Slot: time=05:22 pm status=BOOK GROUP available=True
2026-05-19 15:24:01 | INFO | Slot: time=05:30 pm status=BOOK GROUP available=True
2026-05-19 15:24:01 | INFO | Slot: time=05:38 pm status=BOOK GROUP available=True
2026-05-19 15:24:01 | INFO | Slot: time=05:46 pm status=BOOK GROUP available=True
2026-05-19 15:24:01 | INFO | Slot: time=05:54 pm status=BOOK GROUP available=True
2026-05-19 15:24:01 | INFO | Slot: time=06:02 pm status=BOOK GROUP available=True
2026-05-19 15:24:01 | INFO | Slot: time=06:10 pm status=BOOK GROUP available=True
2026-05-19 15:24:01 | INFO | Slot: time=06:18 pm status=BOOK GROUP available=True
2026-05-19 15:24:01 | INFO | Slot: time=06:26 pm status=BOOK GROUP available=True
2026-05-19 15:24:01 | INFO | Slot: time=03:30 pm status=BOOK GROUP available=True
2026-05-19 15:24:01 | INFO | Slot: time=03:38 pm status=BOOK GROUP available=True
2026-05-19 15:24:01 | INFO | Slot: time=03:46 pm status=BOOK GROUP available=True
2026-05-19 15:24:01 | INFO | Slot: time=03:54 pm status=BOOK GROUP available=True
2026-05-19 15:24:01 | INFO | Slot: time=04:02 pm status=BOOK GROUP available=True
2026-05-19 15:24:01 | INFO | Slot: time=04:10 pm status=BOOK GROUP available=True
2026-05-19 15:24:01 | INFO | Slot: time=04:18 pm status=BOOK GROUP available=True
2026-05-19 15:24:01 | INFO | Slot: time=04:26 pm status=BOOK GROUP available=True
2026-05-19 15:24:01 | INFO | Slot: time=04:34 pm status=BOOK GROUP available=True
2026-05-19 15:24:01 | INFO | Slot: time=04:42 pm status=BOOK GROUP available=True
2026-05-19 15:24:01 | INFO | STATE => BOOK_FIRST_AVAILABLE
2026-05-19 15:24:01 | INFO | Found 41 eligible BOOK GROUP slots. Attempting bookings sequentially...
2026-05-19 15:24:01 | INFO | [1/41] Attempting to book slot: 07:07 am (BOOK GROUP)
2026-05-19 15:24:11 | INFO | Successfully initiated booking flow for slot 07:07 am
2026-05-19 15:24:11 | INFO | STATE => CONFIRM_BOOKING
2026-05-19 15:24:14 | INFO | Saved screenshot: screenshots/20260519_102413_913860_pre_confirm_page.png
2026-05-19 15:24:24 | WARNING | Confirm Booking button not found via primary selector
2026-05-19 15:24:24 | INFO | Fallback confirm element found: tag=button
2026-05-19 15:24:25 | INFO | Clicked fallback Confirm element via JS
2026-05-19 15:24:25 | INFO | STATE => VERIFY_SUCCESS
2026-05-19 15:24:27 | INFO | Verifying success. Current URL: https://northern.miclub.com.au/views/members/booking/makebooking.xhtml?booking_event_id=22475263&booking_row_id=22606932
2026-05-19 15:24:35 | INFO | No explicit success banner found, but using post-click page state as verification
2026-05-19 15:24:35 | INFO | BOOKING SECURED for Event 4: Slot 07:07 am!
2026-05-19 15:24:35 | INFO | STATE => RETURN_TO_EVENT_LIST
2026-05-19 15:24:35 | INFO | Returning to event list URL: https://northern.miclub.com.au/views/members/booking/eventList.xhtml
2026-05-19 15:24:43 | INFO | Processing OPEN event 5 of 8
2026-05-19 15:24:43 | INFO | STATE => OPEN_EVENT
2026-05-19 15:24:43 | INFO | Navigating into open event index 4: OPEN
2026-05-19 15:24:51 | INFO | Event tee sheet opened
2026-05-19 15:24:51 | INFO | STATE => COLLECT_TEE_ROWS
2026-05-19 15:25:00 | INFO | Discovered 121 candidate slots
2026-05-19 15:25:00 | INFO | Slot: time=07:16 am status=BOOK GROUP available=True
2026-05-19 15:25:00 | INFO | Slot: time=07:16 am status=07:16 AM 1ST TEE - COMPETITION MANTLE, JULIAN 7 DAY DUFF, CHRIS 7 DAY BRADLER, JAMES 7 DAY WARD, SAM 7 DAY 07:24 AM 1ST  available=False
2026-05-19 15:25:00 | INFO | Slot: time=07:16 am status=07:16 AM 1ST TEE - COMPETITION MANTLE, JULIAN 7 DAY DUFF, CHRIS 7 DAY BRADLER, JAMES 7 DAY WARD, SAM 7 DAY available=False
2026-05-19 15:25:00 | INFO | Slot: time=07:16 am status=07:16 AM 1ST TEE - COMPETITION available=False
2026-05-19 15:25:00 | INFO | Slot: time=07:24 am status=07:24 AM 1ST TEE - COMPETITION MARSHALL, NICK 7 DAY DUDDINGTON, MATHEW 7 DAY HOWITT, CHRIS 7 DAY KLEINIG, MICHAEL 7 DAY available=False
2026-05-19 15:25:00 | INFO | Slot: time=07:24 am status=07:24 AM 1ST TEE - COMPETITION available=False
2026-05-19 15:25:00 | INFO | Slot: time=07:32 am status=07:32 AM 1ST TEE - COMPETITION CAPECI, VINCE 7 DAY TAN, GWI 7 DAY MCMAHON, ANDREW 7 DAY TORR, JOHN 7 DAY available=False
2026-05-19 15:25:00 | INFO | Slot: time=07:32 am status=07:32 AM 1ST TEE - COMPETITION available=False
2026-05-19 15:25:00 | INFO | Slot: time=07:40 am status=07:40 AM 1ST TEE - COMPETITION BOWDEN, MURRAY 7 DAY O'CONNOR, BARRY 7 DAY BOWDEN, TOM YOUNG ADULT 21-25 TASSONE, VINCENT available=False
2026-05-19 15:25:00 | INFO | Slot: time=07:40 am status=07:40 AM 1ST TEE - COMPETITION available=False
2026-05-19 15:25:00 | INFO | Slot: time=07:48 am status=07:48 AM 1ST TEE - COMPETITION SARACENO, DOMENIC YOUNG ADULT 21-25 TABACCO, ZAC YOUNG ADULT 21-25 WEILAND, WILLIAM YOUNG available=False
2026-05-19 15:25:00 | INFO | Slot: time=07:48 am status=07:48 AM 1ST TEE - COMPETITION available=False
2026-05-19 15:25:00 | INFO | Slot: time=07:56 am status=07:56 AM 1ST TEE - COMPETITION JULIAN, RANNY 7 DAY IACONO, JIM 7 DAY RISTOVICHIS, VICTOR 7 DAY TORTORELLA, ANDREW 7 DAY available=False
2026-05-19 15:25:00 | INFO | Slot: time=07:56 am status=07:56 AM 1ST TEE - COMPETITION available=False
2026-05-19 15:25:00 | INFO | Slot: time=08:04 am status=08:04 AM 1ST TEE - COMPETITION HODDER, MATT 7 DAY HICKS, WAYNE 7 DAY MULLEN, BAETHAN 7 DAY COOK, BRENDAN 7 DAY available=False
2026-05-19 15:25:00 | INFO | Slot: time=08:04 am status=08:04 AM 1ST TEE - COMPETITION available=False
2026-05-19 15:25:00 | INFO | Slot: time=08:12 am status=08:12 AM 1ST TEE - COMPETITION RIPA, FRANK 7 DAY IMERI, RUSSELL 7 DAY MCCANN, PAUL 7 DAY WATKINS, TONY 7 DAY available=False
2026-05-19 15:25:00 | INFO | Slot: time=08:12 am status=08:12 AM 1ST TEE - COMPETITION available=False
2026-05-19 15:25:00 | INFO | Slot: time=08:20 am status=08:20 AM 1ST TEE - COMPETITION GABRIELE, SAM 7 DAY SCHERIAN, BRUNO 7 DAY TUMNEY, CLIFF 7 DAY STEPIEN, PAUL 7 DAY available=False
2026-05-19 15:25:00 | INFO | Slot: time=08:20 am status=08:20 AM 1ST TEE - COMPETITION available=False
2026-05-19 15:25:00 | INFO | Slot: time=08:28 am status=08:28 AM 1ST TEE - COMPETITION GARDINER, GREG 7 DAY RYAN, ROBERT 7 DAY STELLA, LUKE 7 DAY LYNCH, VAUGHN 7 DAY available=False
2026-05-19 15:25:00 | INFO | Slot: time=08:28 am status=08:28 AM 1ST TEE - COMPETITION available=False
2026-05-19 15:25:00 | INFO | Slot: time=08:36 am status=08:36 AM 1ST TEE - COMPETITION ADAMS, PETER 7 DAY PASHAKIS, PERRY 7 DAY GAZZOLA, MARCO 7 DAY PASHAKIS, ELIAS YOUNG ADULT available=False
2026-05-19 15:25:00 | INFO | Slot: time=08:36 am status=08:36 AM 1ST TEE - COMPETITION available=False
2026-05-19 15:25:00 | INFO | Slot: time=08:44 am status=08:44 AM 1ST TEE - COMPETITION SERRATORE, JACKSON YOUNG ADULT 21-25 ESMORE, STEVE YOUNG ADULT 26-30 SERRATORE, JOE 7 DAY available=False
2026-05-19 15:25:00 | INFO | Slot: time=08:44 am status=08:44 AM 1ST TEE - COMPETITION available=False
2026-05-19 15:25:00 | INFO | Slot: time=08:52 am status=08:52 AM 1ST TEE - COMPETITION MOUNTER, PHIL 7 DAY BROCCHI, GLENN 7 DAY DE CICCO, VINCE 7 DAY ITALIA, J P 7 DAY available=False
2026-05-19 15:25:00 | INFO | Slot: time=08:52 am status=08:52 AM 1ST TEE - COMPETITION available=False
2026-05-19 15:25:00 | INFO | Slot: time=09:00 am status=09:00 AM 1ST TEE - COMPETITION BASANISI, ANTON YOUNG ADULT 26-30 GRACEV, STEVEN YOUNG ADULT 26-30 PITTO, PETER 7 DAY PAR available=False
2026-05-19 15:25:00 | INFO | Slot: time=09:00 am status=09:00 AM 1ST TEE - COMPETITION available=False
2026-05-19 15:25:00 | INFO | Slot: time=09:08 am status=09:08 AM 1ST TEE - COMPETITION LO PRESTI, JUSTIN YOUNG ADULT 21-25 GODINO, LIAM YOUNG ADULT 21-25 PORTARO, NASH YOUNG AD available=False
2026-05-19 15:25:00 | INFO | Slot: time=09:08 am status=09:08 AM 1ST TEE - COMPETITION available=False
2026-05-19 15:25:00 | INFO | Slot: time=07:16 am status=07:16 AM 10TH TEE - COMPETITION TICKNER, ADAM 7 DAY BESLIS, WILL 7 DAY SONG, JIN 7 DAY HILL, GARY 7 DAY 07:24 AM 10TH TE available=False
2026-05-19 15:25:00 | INFO | Slot: time=07:16 am status=07:16 AM 10TH TEE - COMPETITION TICKNER, ADAM 7 DAY BESLIS, WILL 7 DAY SONG, JIN 7 DAY HILL, GARY 7 DAY available=False
2026-05-19 15:25:00 | INFO | Slot: time=07:16 am status=07:16 AM 10TH TEE - COMPETITION available=False
2026-05-19 15:25:00 | INFO | Slot: time=07:24 am status=07:24 AM 10TH TEE - COMPETITION NIEMANN, BRETT 7 DAY WILKES, STEVEN 7 DAY RODDA, MARK 7 DAY THOMPSON, CRAIG 7 DAY available=False
2026-05-19 15:25:00 | INFO | Slot: time=07:24 am status=07:24 AM 10TH TEE - COMPETITION available=False
2026-05-19 15:25:00 | INFO | Slot: time=07:32 am status=07:32 AM 10TH TEE - COMPETITION CULLEN, DANNY 7 DAY ALLAN, DAVID 7 DAY EMPEY, PHIL 7 DAY CULHANE, MARK 7 DAY available=False
2026-05-19 15:25:00 | INFO | Slot: time=07:32 am status=07:32 AM 10TH TEE - COMPETITION available=False
2026-05-19 15:25:00 | INFO | Slot: time=07:40 am status=07:40 AM 10TH TEE - COMPETITION KIM, SIMON 7 DAY COLOSIMO, SIMON 7 DAY CHUNG, YUN 7 DAY BOURKE, BEN 7 DAY available=False
2026-05-19 15:25:00 | INFO | Slot: time=07:40 am status=07:40 AM 10TH TEE - COMPETITION available=False
2026-05-19 15:25:00 | INFO | Slot: time=07:48 am status=07:48 AM 10TH TEE - COMPETITION PANELLA, JOSEPH 7 DAY BARING, OSCAR 7 DAY HEALES, NICHOLAS 7 DAY CHIRCOP, BRENDAN 7 DAY available=False
2026-05-19 15:25:00 | INFO | Slot: time=07:48 am status=07:48 AM 10TH TEE - COMPETITION available=False
2026-05-19 15:25:00 | INFO | Slot: time=07:56 am status=07:56 AM 10TH TEE - COMPETITION PENGELLY, KEN 7 DAY BOWLER, GREG 7 DAY TURNER, BLAIR YOUNG ADULT 21-25 BROCKWELL, KEVIN  available=False
2026-05-19 15:25:00 | INFO | Slot: time=07:56 am status=07:56 AM 10TH TEE - COMPETITION available=False
2026-05-19 15:25:00 | INFO | Slot: time=08:04 am status=08:04 AM 10TH TEE - COMPETITION MIDDLING, CORY 7 DAY BRASHER, WAYNE 7 DAY CADIGAN, STEPHEN 7 DAY VULIN, MILO 7 DAY available=False
2026-05-19 15:25:00 | INFO | Slot: time=08:04 am status=08:04 AM 10TH TEE - COMPETITION available=False
2026-05-19 15:25:00 | INFO | Slot: time=08:12 am status=08:12 AM 10TH TEE - COMPETITION ELDER, ROSS 7 DAY RYAN, BEN 7 DAY TING, JAY 7 DAY WALTA, BERNARD 7 DAY available=False
2026-05-19 15:25:00 | INFO | Slot: time=08:12 am status=08:12 AM 10TH TEE - COMPETITION available=False
2026-05-19 15:25:00 | INFO | Slot: time=08:20 am status=08:20 AM 10TH TEE - COMPETITION STEWART, SHANE 7 DAY AUSTIN, ALEXANDER 7 DAY COLLINS, DALE 7 DAY WISE, PAUL 7 DAY available=False
2026-05-19 15:25:00 | INFO | Slot: time=08:20 am status=08:20 AM 10TH TEE - COMPETITION available=False
2026-05-19 15:25:00 | INFO | Slot: time=08:28 am status=08:28 AM 10TH TEE - COMPETITION ARBON, CHRIS 7 DAY BAINBRIDGE, STEPHEN 7 DAY CHAN, STEVEN 7 DAY HOGAN, ANTHONY 7 DAY available=False
2026-05-19 15:25:00 | INFO | Slot: time=08:28 am status=08:28 AM 10TH TEE - COMPETITION available=False
2026-05-19 15:25:00 | INFO | Slot: time=08:36 am status=08:36 AM 10TH TEE - COMPETITION LALOR, SIMON 7 DAY PRESLAND, MICHAEL 7 DAY GILL, ANDREW 7 DAY YOUNG, GARY 7 DAY available=False
2026-05-19 15:25:00 | INFO | Slot: time=08:36 am status=08:36 AM 10TH TEE - COMPETITION available=False
2026-05-19 15:25:00 | INFO | Slot: time=08:44 am status=08:44 AM 10TH TEE - COMPETITION TARANTELLI, LUCA 7 DAY TARANTELLI, JORDAN JUNIORS 15-16 MUNTONI, PIERO 7 DAY TARANTELLI, available=False
2026-05-19 15:25:00 | INFO | Slot: time=08:44 am status=08:44 AM 10TH TEE - COMPETITION available=False
2026-05-19 15:25:00 | INFO | Slot: time=08:52 am status=08:52 AM 10TH TEE - COMPETITION THOMPSON, BRUCE 7 DAY QUINLAN, ANTHONY 7 DAY JHOTY, JOE 7 DAY LOGAN, TIM 7 DAY available=False
2026-05-19 15:25:00 | INFO | Slot: time=08:52 am status=08:52 AM 10TH TEE - COMPETITION available=False
2026-05-19 15:25:00 | INFO | Slot: time=09:00 am status=09:00 AM 10TH TEE - COMPETITION DECLEVA, MARK 7 DAY DEBEVC, MARK 7 DAY VELARDO, ROMEO 7 DAY VELARDO, JOSHUA YOUNG ADULT  available=False
2026-05-19 15:25:00 | INFO | Slot: time=09:00 am status=09:00 AM 10TH TEE - COMPETITION available=False
2026-05-19 15:25:00 | INFO | Slot: time=09:08 am status=09:08 AM 10TH TEE - COMPETITION PUGLIESE, PETER 7 DAY BUDGE, FRANK 7 DAY WILSON, HARVEY 7 DAY BOND, STEPHEN COUNTRY available=False
2026-05-19 15:25:00 | INFO | Slot: time=09:08 am status=09:08 AM 10TH TEE - COMPETITION available=False
2026-05-19 15:25:00 | INFO | Slot: time=11:35 am status=BOOK GROUP available=True
2026-05-19 15:25:00 | INFO | Slot: time=11:35 am status=11:35 AM 1ST TEE - COMPETITION ELLIS, DAVID 7 DAY FORSTER, PETER 7 DAY SWEBBS, MICK 7 DAY EDNIE, MARK 7 DAY available=False
2026-05-19 15:25:00 | INFO | Slot: time=11:35 am status=11:35 AM 1ST TEE - COMPETITION available=False
2026-05-19 15:25:00 | INFO | Slot: time=11:43 am status=11:43 AM 1ST TEE - COMPETITION JENKINS, SHAUN 7 DAY READER, SAMUEL YOUNG ADULT 26-30 COOKE, JAMIE 7 DAY WATSON, JED 7 DA available=False
2026-05-19 15:25:00 | INFO | Slot: time=11:43 am status=11:43 AM 1ST TEE - COMPETITION available=False
2026-05-19 15:25:00 | INFO | Slot: time=11:51 am status=11:51 AM 1ST TEE - COMPETITION CARROLL, PHILLIP 7 DAY LAVENDER, JAMES 7 DAY GRIGGS, MICHAEL 7 DAY WEIGHT, SCOTT 7 DAY available=False
2026-05-19 15:25:00 | INFO | Slot: time=11:51 am status=11:51 AM 1ST TEE - COMPETITION available=False
2026-05-19 15:25:00 | INFO | Slot: time=11:59 am status=11:59 AM 1ST TEE - COMPETITION MEREDITH, BRIAN 7 DAY GACESA, ROBERT 7 DAY ABRAHAM, TERRY 7 DAY STRAUBENMUELLER, JOEL 7 D available=False
2026-05-19 15:25:00 | INFO | Slot: time=11:59 am status=11:59 AM 1ST TEE - COMPETITION available=False
2026-05-19 15:25:00 | INFO | Slot: time=12:07 pm status=12:07 PM 1ST TEE - COMPETITION VERNALI, ROBERT 7 DAY VERNALI, BRIDGET 7 DAY CATTLIN, LUKE 7 DAY DALY, KEVIN COUNTRY available=False
2026-05-19 15:25:00 | INFO | Slot: time=12:07 pm status=12:07 PM 1ST TEE - COMPETITION available=False
2026-05-19 15:25:00 | INFO | Slot: time=12:15 pm status=12:15 PM 1ST TEE - COMPETITION HILL, MATTHEW 7 DAY WILSON, LEIGH 7 DAY WILSON, STEPHEN 7 DAY WILLETT, ISAAC YOUNG ADULT  available=False
2026-05-19 15:25:00 | INFO | Slot: time=12:15 pm status=12:15 PM 1ST TEE - COMPETITION available=False
2026-05-19 15:25:00 | INFO | Slot: time=12:23 pm status=12:23 PM 1ST TEE - COMPETITION DYE, DARREN 7 DAY MURRAY, BENNY 7 DAY MOON, GRAEME 7 DAY JUKES, CHRIS 7 DAY available=False
2026-05-19 15:25:00 | INFO | Slot: time=12:23 pm status=12:23 PM 1ST TEE - COMPETITION available=False
2026-05-19 15:25:00 | INFO | Slot: time=12:31 pm status=12:31 PM 1ST TEE - COMPETITION DRUMMOND, GRAEME 7 DAY CLINCH, BERNIE 7 DAY GILBERTSON, KEN 7 DAY DRAKE, PAUL 7 DAY available=False
2026-05-19 15:25:00 | INFO | Slot: time=12:31 pm status=12:31 PM 1ST TEE - COMPETITION available=False
2026-05-19 15:25:00 | INFO | Slot: time=12:39 pm status=12:39 PM 1ST TEE - COMPETITION SMITH, PETER 7 DAY GRIBUSTS, RAYMOND 7 DAY SLEVISON, MARK 7 DAY VILLELLA, JOHN 7 DAY available=False
2026-05-19 15:25:00 | INFO | Slot: time=12:39 pm status=12:39 PM 1ST TEE - COMPETITION available=False
2026-05-19 15:25:00 | INFO | Slot: time=12:47 pm status=BOOK GROUP available=True
2026-05-19 15:25:00 | INFO | Slot: time=UNKNOWN status=BOOK GROUP available=True
2026-05-19 15:25:00 | INFO | Slot: time=12:55 pm status=BOOK GROUP available=True
2026-05-19 15:25:00 | INFO | Slot: time=01:03 pm status=BOOK GROUP available=True
2026-05-19 15:25:00 | INFO | Slot: time=11:43 am status=11:43 AM 10TH TEE - COMPETITION CLEMENTS, PHIL 7 DAY MCNAMARA, PHILIP 7 DAY CONDRON, ALAN 7 DAY SILVIO, MARIO 7 DAY available=False
2026-05-19 15:25:00 | INFO | Slot: time=11:43 am status=11:43 AM 10TH TEE - COMPETITION available=False
2026-05-19 15:25:00 | INFO | Slot: time=11:51 am status=11:51 AM 10TH TEE - COMPETITION VOCALE, BEN 7 DAY KOPPANY, PETER 7 DAY RAFEI, AMER 7 DAY METINTOK, ALAN 7 DAY available=False
2026-05-19 15:25:00 | INFO | Slot: time=11:51 am status=11:51 AM 10TH TEE - COMPETITION available=False
2026-05-19 15:25:00 | INFO | Slot: time=11:59 am status=11:59 AM 10TH TEE - COMPETITION BORG, TONY 7 DAY PAOLO, DOMINIC 7 DAY MARNELL, JOHN 7 DAY CARUSO, JOHN 7 DAY available=False
2026-05-19 15:25:00 | INFO | Slot: time=11:59 am status=11:59 AM 10TH TEE - COMPETITION available=False
2026-05-19 15:25:00 | INFO | Slot: time=12:07 pm status=12:07 PM 10TH TEE - COMPETITION GUGLIOTTI, MANNY JUNIORS 12-14 GUGLIOTTI, ROBERT 7 DAY PITLIANGAS, MINA 7 DAY PITLIANGAS available=False
2026-05-19 15:25:00 | INFO | Slot: time=12:07 pm status=12:07 PM 10TH TEE - COMPETITION available=False
2026-05-19 15:25:00 | INFO | Slot: time=12:15 pm status=12:15 PM 10TH TEE - COMPETITION BURGESS, ANNE 7 DAY MONKCOM, BRAD 7 DAY BURGESS, BENJAMIN VISITOR - BURLEIGH GOLF CLUB C available=False
2026-05-19 15:25:00 | INFO | Slot: time=12:15 pm status=12:15 PM 10TH TEE - COMPETITION available=False
2026-05-19 15:25:00 | INFO | Slot: time=12:23 pm status=12:23 PM 10TH TEE - COMPETITION MOTT, FRANCIS 7 DAY BLACK, PETER 7 DAY MCCARTIN, LEO 7 DAY EMERY, MICHAEL 7 DAY available=False
2026-05-19 15:25:00 | INFO | Slot: time=12:23 pm status=12:23 PM 10TH TEE - COMPETITION available=False
2026-05-19 15:25:00 | INFO | Slot: time=12:31 pm status=12:31 PM 10TH TEE - COMPETITION LEECH, LEON 7 DAY RIGHTON, RUSSELL 7 DAY VEALE, DAVID 7 DAY CLAYTON, WAYNE 7 DAY available=False
2026-05-19 15:25:00 | INFO | Slot: time=12:31 pm status=12:31 PM 10TH TEE - COMPETITION available=False
2026-05-19 15:25:00 | INFO | Slot: time=12:39 pm status=BOOK GROUP available=True
2026-05-19 15:25:00 | INFO | Slot: time=12:55 pm status=12:55 PM 10TH TEE - COMPETITION FORREST, DREW 7 DAY FORREST, JACK JUNIORS 15-16 CUTHBERTSON, AARON 7 DAY CANDILORO, DOM  available=False
2026-05-19 15:25:00 | INFO | Slot: time=12:55 pm status=12:55 PM 10TH TEE - COMPETITION available=False
2026-05-19 15:25:00 | INFO | Slot: time=03:45 pm status=BOOK GROUP available=True
2026-05-19 15:25:00 | INFO | Slot: time=03:53 pm status=BOOK GROUP available=True
2026-05-19 15:25:00 | INFO | Slot: time=04:01 pm status=BOOK GROUP available=True
2026-05-19 15:25:00 | INFO | Slot: time=04:09 pm status=BOOK GROUP available=True
2026-05-19 15:25:00 | INFO | Slot: time=04:17 pm status=BOOK GROUP available=True
2026-05-19 15:25:00 | INFO | Slot: time=04:25 pm status=BOOK GROUP available=True
2026-05-19 15:25:00 | INFO | Slot: time=04:33 pm status=BOOK GROUP available=True
2026-05-19 15:25:00 | INFO | Slot: time=04:41 pm status=BOOK GROUP available=True
2026-05-19 15:25:00 | INFO | Slot: time=04:49 pm status=BOOK GROUP available=True
2026-05-19 15:25:00 | INFO | Slot: time=04:57 pm status=BOOK GROUP available=True
2026-05-19 15:25:00 | INFO | Slot: time=05:05 pm status=BOOK GROUP available=True
2026-05-19 15:25:00 | INFO | Slot: time=05:13 pm status=BOOK GROUP available=True
2026-05-19 15:25:00 | INFO | Slot: time=05:21 pm status=BOOK GROUP available=True
2026-05-19 15:25:00 | INFO | Slot: time=05:29 pm status=BOOK GROUP available=True
2026-05-19 15:25:00 | INFO | Slot: time=05:37 pm status=BOOK GROUP available=True
2026-05-19 15:25:00 | INFO | Slot: time=05:45 pm status=BOOK GROUP available=True
2026-05-19 15:25:00 | INFO | Slot: time=05:53 pm status=BOOK GROUP available=True
2026-05-19 15:25:00 | INFO | Slot: time=06:01 pm status=BOOK GROUP available=True
2026-05-19 15:25:00 | INFO | STATE => BOOK_FIRST_AVAILABLE
2026-05-19 15:25:00 | INFO | Found 25 eligible BOOK GROUP slots. Attempting bookings sequentially...
2026-05-19 15:25:00 | INFO | [1/25] Attempting to book slot: 07:16 am (BOOK GROUP)
2026-05-19 15:25:03 | WARNING | Browser alert popped up: This booking time has already been booked.  The bookings will be shown the next time this page is refreshed.
2026-05-19 15:25:03 | INFO | Slot 07:16 am is already booked, attempting next slot...
2026-05-19 15:25:03 | INFO | [2/25] Attempting to book slot: 11:35 am (BOOK GROUP)
2026-05-19 15:25:05 | WARNING | Browser alert popped up: This booking time has already been booked.  The bookings will be shown the next time this page is refreshed.
2026-05-19 15:25:05 | INFO | Slot 11:35 am is already booked, attempting next slot...
2026-05-19 15:25:05 | INFO | [3/25] Attempting to book slot: 12:47 pm (BOOK GROUP)
2026-05-19 15:25:08 | INFO | Successfully initiated booking flow for slot 12:47 pm
2026-05-19 15:25:08 | INFO | STATE => CONFIRM_BOOKING
2026-05-19 15:25:10 | INFO | Saved screenshot: screenshots/20260519_102510_019601_pre_confirm_page.png
2026-05-19 15:25:20 | WARNING | Confirm Booking button not found via primary selector
2026-05-19 15:25:20 | WARNING | No fallback Confirm element found
2026-05-19 15:25:20 | INFO | Saved screenshot: screenshots/20260519_102520_478136_no_confirm_button.png
2026-05-19 15:25:20 | WARNING | Could not find any confirmation button; continuing to verification
2026-05-19 15:25:20 | INFO | STATE => VERIFY_SUCCESS
2026-05-19 15:25:22 | INFO | Verifying success. Current URL: https://northern.miclub.com.au/members/bookings/open/event.msp?booking_event_id=22475264&booking_resource_id=3000000
2026-05-19 15:25:22 | INFO | Success! Detected booking redirect URL: https://northern.miclub.com.au/members/bookings/open/event.msp?booking_event_id=22475264&booking_resource_id=3000000
2026-05-19 15:25:22 | INFO | BOOKING SECURED for Event 5: Slot 12:47 pm!
2026-05-19 15:25:22 | INFO | STATE => RETURN_TO_EVENT_LIST
2026-05-19 15:25:22 | INFO | Returning to event list URL: https://northern.miclub.com.au/views/members/booking/eventList.xhtml
2026-05-19 15:25:32 | INFO | Processing OPEN event 6 of 8
2026-05-19 15:25:32 | INFO | STATE => OPEN_EVENT
2026-05-19 15:25:32 | INFO | Navigating into open event index 5: OPEN
2026-05-19 15:25:40 | INFO | Event tee sheet opened
2026-05-19 15:25:40 | INFO | STATE => COLLECT_TEE_ROWS
2026-05-19 15:25:47 | INFO | Discovered 128 candidate slots
2026-05-19 15:25:47 | INFO | Slot: time=07:16 am status=BOOK GROUP available=True
2026-05-19 15:25:47 | INFO | Slot: time=07:16 am status=07:16 AM 1ST TEE - COMPETITION PANELLA, JOSEPH 7 DAY BARING, OSCAR 7 DAY CHIRCOP, BRENDAN 7 DAY COOK, BRENDAN 7 DAY 07:2 available=False
2026-05-19 15:25:47 | INFO | Slot: time=07:16 am status=07:16 AM 1ST TEE - COMPETITION PANELLA, JOSEPH 7 DAY BARING, OSCAR 7 DAY CHIRCOP, BRENDAN 7 DAY COOK, BRENDAN 7 DAY available=False
2026-05-19 15:25:47 | INFO | Slot: time=07:16 am status=07:16 AM 1ST TEE - COMPETITION available=False
2026-05-19 15:25:47 | INFO | Slot: time=07:24 am status=07:24 AM 1ST TEE - COMPETITION TAN, GWI 7 DAY TARALLO, GUIDO 5 DAY MOTT, GAVAN 5 DAY MOTT, CHRIS 7 DAY available=False
2026-05-19 15:25:47 | INFO | Slot: time=07:24 am status=07:24 AM 1ST TEE - COMPETITION available=False
2026-05-19 15:25:47 | INFO | Slot: time=07:32 am status=07:32 AM 1ST TEE - COMPETITION TORR, JOHN 7 DAY MOONEY, MARK 6 DAY BEARDER, DANIEL 6 DAY MOLONEY, MARK 6 DAY available=False
2026-05-19 15:25:47 | INFO | Slot: time=07:32 am status=07:32 AM 1ST TEE - COMPETITION available=False
2026-05-19 15:25:47 | INFO | Slot: time=07:40 am status=07:40 AM 1ST TEE - COMPETITION MAHON, NATHAN 5 DAY YOUNG, GARY 7 DAY GILL, ANDREW 7 DAY KASSIS, NICK FLEXI available=False
2026-05-19 15:25:47 | INFO | Slot: time=07:40 am status=07:40 AM 1ST TEE - COMPETITION available=False
2026-05-19 15:25:47 | INFO | Slot: time=07:48 am status=07:48 AM 1ST TEE - COMPETITION KING, BRENDON 6 DAY GUERCIO, JACK 7 DAY STELLA, LUKE 7 DAY SALIBA, DAVID 7 DAY available=False
2026-05-19 15:25:47 | INFO | Slot: time=07:48 am status=07:48 AM 1ST TEE - COMPETITION available=False
2026-05-19 15:25:47 | INFO | Slot: time=07:56 am status=07:56 AM 1ST TEE - COMPETITION HURREN, LAURIE 5 DAY MORRAN, ANDREW 5 DAY GOUWS, MARIUS 5 DAY FERELLA, LUCA 5 DAY available=False
2026-05-19 15:25:47 | INFO | Slot: time=07:56 am status=07:56 AM 1ST TEE - COMPETITION available=False
2026-05-19 15:25:47 | INFO | Slot: time=08:04 am status=08:04 AM 1ST TEE - COMPETITION KIM, SIMON 7 DAY CHUNG, YUN 7 DAY NGUYEN, MINH 5 DAY KOVACEVIC, NICK 5 DAY available=False
2026-05-19 15:25:47 | INFO | Slot: time=08:04 am status=08:04 AM 1ST TEE - COMPETITION available=False
2026-05-19 15:25:47 | INFO | Slot: time=08:12 am status=08:12 AM 1ST TEE - COMPETITION LYMBOURIS, GEORGE 5 DAY SONG, JIN 7 DAY JONES, SCOTT 7 DAY HOGAN, ANTHONY 7 DAY available=False
2026-05-19 15:25:47 | INFO | Slot: time=08:12 am status=08:12 AM 1ST TEE - COMPETITION available=False
2026-05-19 15:25:47 | INFO | Slot: time=08:20 am status=08:20 AM 1ST TEE - COMPETITION TARANTELLI, LUCA 7 DAY TARANTELLI, JORDAN JUNIORS 15-16 TARANTELLI, ERMINIO 7 DAY TARANTE available=False
2026-05-19 15:25:47 | INFO | Slot: time=08:20 am status=08:20 AM 1ST TEE - COMPETITION available=False
2026-05-19 15:25:47 | INFO | Slot: time=08:28 am status=08:28 AM 1ST TEE - COMPETITION WEST, ALAN 5 DAY WEST, JIE 5 DAY GALTIERI, LEEANNE 5 DAY GALTIERI, VINCE 6 DAY available=False
2026-05-19 15:25:47 | INFO | Slot: time=08:28 am status=08:28 AM 1ST TEE - COMPETITION available=False
2026-05-19 15:25:47 | INFO | Slot: time=08:36 am status=08:36 AM 1ST TEE - COMPETITION MIDDLING, CORY 7 DAY LORENZI, ANDREW 6 DAY BRASHER, WAYNE 7 DAY BELCHER, JANE 6 DAY available=False
2026-05-19 15:25:47 | INFO | Slot: time=08:36 am status=08:36 AM 1ST TEE - COMPETITION available=False
2026-05-19 15:25:47 | INFO | Slot: time=08:44 am status=08:44 AM 1ST TEE - COMPETITION GREALY, MAURIE 7 DAY CORBEN, DAVID 6 DAY SUTCLIFFE, LEWIS 6 DAY MILLION, JAMES 7 DAY available=False
2026-05-19 15:25:47 | INFO | Slot: time=08:44 am status=08:44 AM 1ST TEE - COMPETITION available=False
2026-05-19 15:25:47 | INFO | Slot: time=08:52 am status=08:52 AM 1ST TEE - COMPETITION CLARKSON, JOSH 7 DAY BENHIM, ADNAN 7 DAY HAMMOUD, SHOUE 5 DAY SAAD, ALI 5 DAY available=False
2026-05-19 15:25:47 | INFO | Slot: time=08:52 am status=08:52 AM 1ST TEE - COMPETITION available=False
2026-05-19 15:25:47 | INFO | Slot: time=09:00 am status=09:00 AM 1ST TEE - COMPETITION CULAKOVSKI, BARBARA 5 DAY CULAKOVSKI, SASHA 7 DAY BACKERRA, YVONNE 5 DAY SCOTT, ROB 6 DAY available=False
2026-05-19 15:25:47 | INFO | Slot: time=09:00 am status=09:00 AM 1ST TEE - COMPETITION available=False
2026-05-19 15:25:47 | INFO | Slot: time=09:08 am status=09:08 AM 1ST TEE - COMPETITION BASANISI, ANTON YOUNG ADULT 26-30 STEINMANN, GUS YOUNG ADULT 26-30 MCNAMARA, PHILIP 7 DAY available=False
2026-05-19 15:25:47 | INFO | Slot: time=09:08 am status=09:08 AM 1ST TEE - COMPETITION available=False
2026-05-19 15:25:47 | INFO | Slot: time=07:16 am status=07:16 AM 10TH TEE - COMPETITION GAN, SEAN 5 DAY BARWELL, NICK 5 DAY FAIRCHILD, BRADLEY 5 DAY TALARICO, ANGELO 7 DAY 07:2 available=False
2026-05-19 15:25:47 | INFO | Slot: time=07:16 am status=07:16 AM 10TH TEE - COMPETITION GAN, SEAN 5 DAY BARWELL, NICK 5 DAY FAIRCHILD, BRADLEY 5 DAY TALARICO, ANGELO 7 DAY available=False
2026-05-19 15:25:47 | INFO | Slot: time=07:16 am status=07:16 AM 10TH TEE - COMPETITION available=False
2026-05-19 15:25:47 | INFO | Slot: time=07:24 am status=07:24 AM 10TH TEE - COMPETITION ALECKSON, KURT 5 DAY DEVLIN, BRENDAN 5 DAY DINH, NATHAN 5 DAY SKOLARIKIS, MICHAEL YOUNG  available=False
2026-05-19 15:25:47 | INFO | Slot: time=07:24 am status=07:24 AM 10TH TEE - COMPETITION available=False
2026-05-19 15:25:47 | INFO | Slot: time=07:32 am status=07:32 AM 10TH TEE - COMPETITION LAMBERT, COLIN 6 DAY WILLIAMS, JANETTE 5 DAY MURPHY, WARWICK 5 DAY BROWN, MICHAEL 5 DAY available=False
2026-05-19 15:25:47 | INFO | Slot: time=07:32 am status=07:32 AM 10TH TEE - COMPETITION available=False
2026-05-19 15:25:47 | INFO | Slot: time=07:40 am status=07:40 AM 10TH TEE - COMPETITION ALLAN, DAVID 7 DAY CULLEN, DANNY 7 DAY EMPEY, PHIL 7 DAY CAPECI, VINCE 7 DAY available=False
2026-05-19 15:25:47 | INFO | Slot: time=07:40 am status=07:40 AM 10TH TEE - COMPETITION available=False
2026-05-19 15:25:47 | INFO | Slot: time=07:48 am status=07:48 AM 10TH TEE - COMPETITION HODDER, MATT 7 DAY BYGATE, WAYNE 6 DAY PENGELLY, KEN 7 DAY BOWLER, GREG 7 DAY available=False
2026-05-19 15:25:47 | INFO | Slot: time=07:48 am status=07:48 AM 10TH TEE - COMPETITION available=False
2026-05-19 15:25:47 | INFO | Slot: time=07:56 am status=07:56 AM 10TH TEE - COMPETITION DE CICCO, VINCE 7 DAY DE CICCO, MICHAEL YOUNG ADULT 21-25 PITTO, PETER 7 DAY PARTHIMOS,  available=False
2026-05-19 15:25:47 | INFO | Slot: time=07:56 am status=07:56 AM 10TH TEE - COMPETITION available=False
2026-05-19 15:25:47 | INFO | Slot: time=08:04 am status=08:04 AM 10TH TEE - COMPETITION DINES, PAUL 6 DAY STEVENSON, DAVID 5 DAY BROCKWELL, KEVIN 7 DAY MCCANN, STEPHEN N 6 DAY available=False
2026-05-19 15:25:47 | INFO | Slot: time=08:04 am status=08:04 AM 10TH TEE - COMPETITION available=False
2026-05-19 15:25:47 | INFO | Slot: time=08:12 am status=08:12 AM 10TH TEE - COMPETITION WOTHERSPOON, IAN 6 DAY BANAVALI, GIRISH 6 DAY FERRIS, COLIN 6 DAY HARRIS, JOHN 6 DAY available=False
2026-05-19 15:25:47 | INFO | Slot: time=08:12 am status=08:12 AM 10TH TEE - COMPETITION available=False
2026-05-19 15:25:47 | INFO | Slot: time=08:20 am status=08:20 AM 10TH TEE - COMPETITION MUNRO, STEPHANIE 5 DAY CAMERON, LOUIS 7 DAY FRIEDMAN, DANIEL 5 DAY COMMISSO, MICHAEL YOU available=False
2026-05-19 15:25:47 | INFO | Slot: time=08:20 am status=08:20 AM 10TH TEE - COMPETITION available=False
2026-05-19 15:25:47 | INFO | Slot: time=08:28 am status=08:28 AM 10TH TEE - COMPETITION ESSEX, TREVOR 6 DAY HYNES, JIM 6 DAY QUINTON, ALAN 6 DAY HILL, JENNIE 6 DAY available=False
2026-05-19 15:25:47 | INFO | Slot: time=08:28 am status=08:28 AM 10TH TEE - COMPETITION available=False
2026-05-19 15:25:47 | INFO | Slot: time=08:36 am status=08:36 AM 10TH TEE - COMPETITION RONALDSON, LACHLAN YOUNG ADULT 26-30 CLEMENTE, ADAM YOUNG ADULT 26-30 DEL BUSSO, ADAM YO available=False
2026-05-19 15:25:47 | INFO | Slot: time=08:36 am status=08:36 AM 10TH TEE - COMPETITION available=False
2026-05-19 15:25:47 | INFO | Slot: time=08:44 am status=08:44 AM 10TH TEE - COMPETITION TEMPERLEY, CHRIS 5 DAY SYMONS, TYSON 5 DAY PHELAN, KEVIN 5 DAY DE PETRO, ANDREW 5 DAY available=False
2026-05-19 15:25:47 | INFO | Slot: time=08:44 am status=08:44 AM 10TH TEE - COMPETITION available=False
2026-05-19 15:25:47 | INFO | Slot: time=08:52 am status=08:52 AM 10TH TEE - COMPETITION PITLIANGAS, MINA 7 DAY PITLIANGAS, ANTHONY YOUNG ADULT 26-30 LYNCH, VAUGHN 7 DAY PEZZIME available=False
2026-05-19 15:25:47 | INFO | Slot: time=08:52 am status=08:52 AM 10TH TEE - COMPETITION available=False
2026-05-19 15:25:47 | INFO | Slot: time=09:00 am status=09:00 AM 10TH TEE - COMPETITION HURST, JEFF 6 DAY LO GIUDICE, JOE 6 DAY CALDARARO, LOU 6 DAY LOGIUDICE, TONY 6 DAY available=False
2026-05-19 15:25:47 | INFO | Slot: time=09:00 am status=09:00 AM 10TH TEE - COMPETITION available=False
2026-05-19 15:25:47 | INFO | Slot: time=09:08 am status=09:08 AM 10TH TEE - COMPETITION PERRY, TREVOR 5 DAY JOYNER, DAVID 5 DAY SULLIVAN, MAURICE 5 DAY FEEHAN, TONY 5 DAY available=False
2026-05-19 15:25:47 | INFO | Slot: time=09:08 am status=09:08 AM 10TH TEE - COMPETITION available=False
2026-05-19 15:25:47 | INFO | Slot: time=11:41 am status=11:41 AM 1ST TEE - COMPETITION BROWN, ANTHONY COUNTRY HEALEY, JASON 7 DAY WEIGHT, SCOTT 7 DAY PEATE, TONY 7 DAY 11:49 AM available=False
2026-05-19 15:25:47 | INFO | Slot: time=11:41 am status=11:41 AM 1ST TEE - COMPETITION BROWN, ANTHONY COUNTRY HEALEY, JASON 7 DAY WEIGHT, SCOTT 7 DAY PEATE, TONY 7 DAY available=False
2026-05-19 15:25:47 | INFO | Slot: time=11:41 am status=11:41 AM 1ST TEE - COMPETITION available=False
2026-05-19 15:25:47 | INFO | Slot: time=11:49 am status=11:49 AM 1ST TEE - COMPETITION BORG, TONY 7 DAY MARNELL, JOHN 7 DAY PARKER, CRAIG 6 DAY NORTON, JOCK 6 DAY available=False
2026-05-19 15:25:47 | INFO | Slot: time=11:49 am status=11:49 AM 1ST TEE - COMPETITION available=False
2026-05-19 15:25:47 | INFO | Slot: time=11:57 am status=11:57 AM 1ST TEE - COMPETITION COORAY, SEAN 7 DAY BOZIKIS, ANGE 7 DAY TAYLOR, DAVID 5 DAY LOGAN, TIM 7 DAY available=False
2026-05-19 15:25:47 | INFO | Slot: time=11:57 am status=11:57 AM 1ST TEE - COMPETITION available=False
2026-05-19 15:25:47 | INFO | Slot: time=12:05 pm status=12:05 PM 1ST TEE - COMPETITION SMITH, BRIAN 7 DAY SMITH, JAN 5 DAY GORMAN, PETER 6 DAY GORMAN, JUDITH 5 DAY available=False
2026-05-19 15:25:47 | INFO | Slot: time=12:05 pm status=12:05 PM 1ST TEE - COMPETITION available=False
2026-05-19 15:25:47 | INFO | Slot: time=12:13 pm status=12:13 PM 1ST TEE - COMPETITION RIGHTON, RUSSELL 7 DAY RIGHTON, JILL 5 DAY RISTOVICHIS, VICTOR 7 DAY NGUYEN, LINH 6 DAY available=False
2026-05-19 15:25:47 | INFO | Slot: time=12:13 pm status=12:13 PM 1ST TEE - COMPETITION available=False
2026-05-19 15:25:47 | INFO | Slot: time=12:21 pm status=12:21 PM 1ST TEE - COMPETITION MONKCOM, BRAD 7 DAY BURGESS, ANNE 7 DAY AGIUS, FRANK 6 DAY AGIUS, JOYCE 5 DAY available=False
2026-05-19 15:25:47 | INFO | Slot: time=12:21 pm status=12:21 PM 1ST TEE - COMPETITION available=False
2026-05-19 15:25:47 | INFO | Slot: time=12:29 pm status=12:29 PM 1ST TEE - COMPETITION CLEMENTS, DEB 5 DAY CLEMENTS, PHIL 7 DAY RYAN, STEPHEN 5 DAY RYAN, JOY 5 DAY available=False
2026-05-19 15:25:47 | INFO | Slot: time=12:29 pm status=12:29 PM 1ST TEE - COMPETITION available=False
2026-05-19 15:25:47 | INFO | Slot: time=12:37 pm status=12:37 PM 1ST TEE - COMPETITION WALKER, MARY 5 DAY BISHOP, KATHRYN 5 DAY GRIBUSTS, RAYMOND 7 DAY CARROLL, PHILLIP 7 DAY available=False
2026-05-19 15:25:47 | INFO | Slot: time=12:37 pm status=12:37 PM 1ST TEE - COMPETITION available=False
2026-05-19 15:25:47 | INFO | Slot: time=12:45 pm status=12:45 PM 1ST TEE - COMPETITION CERRA, MARIO 5 DAY CURRAN, PETER 7 DAY GRIGGS, MICHAEL 7 DAY GRIGGS, MATTHEW YOUNG ADULT  available=False
2026-05-19 15:25:47 | INFO | Slot: time=12:45 pm status=12:45 PM 1ST TEE - COMPETITION available=False
2026-05-19 15:25:47 | INFO | Slot: time=12:53 pm status=12:53 PM 1ST TEE - COMPETITION TUTTLE, PHILIP 6 DAY MCCOLL, RICK 7 DAY FEIL, JOSHUA JUNIORS 17-18 CLOUGH, SAM JUNIORS 19 available=False
2026-05-19 15:25:47 | INFO | Slot: time=12:53 pm status=12:53 PM 1ST TEE - COMPETITION available=False
2026-05-19 15:25:47 | INFO | Slot: time=01:01 pm status=01:01 PM 1ST TEE - COMPETITION ARMSTRONG, JOHN 7 DAY JHOTY, JOE 7 DAY MACHADO, SAM JUNIORS 12-14 MOORE, IAN 7 DAY available=False
2026-05-19 15:25:47 | INFO | Slot: time=01:01 pm status=01:01 PM 1ST TEE - COMPETITION available=False
2026-05-19 15:25:47 | INFO | Slot: time=11:35 am status=11:35 AM 10TH TEE - COMPETITION SPAIN, LEANNE 5 DAY KIRKHAM, LYN 5 DAY BROOKS, JENNY 5 DAY SIMPSON, CHRISTINE 5 DAY 11:4 available=False
2026-05-19 15:25:47 | INFO | Slot: time=11:35 am status=11:35 AM 10TH TEE - COMPETITION SPAIN, LEANNE 5 DAY KIRKHAM, LYN 5 DAY BROOKS, JENNY 5 DAY SIMPSON, CHRISTINE 5 DAY available=False
2026-05-19 15:25:47 | INFO | Slot: time=11:35 am status=11:35 AM 10TH TEE - COMPETITION available=False
2026-05-19 15:25:47 | INFO | Slot: time=11:43 am status=11:43 AM 10TH TEE - COMPETITION LAWSON, JOHN 6 DAY LAWSON, ELIZABETH 5 DAY GIBSON, PETER 6 DAY GIBSON, SAM 5 DAY available=False
2026-05-19 15:25:47 | INFO | Slot: time=11:43 am status=11:43 AM 10TH TEE - COMPETITION available=False
2026-05-19 15:25:47 | INFO | Slot: time=11:51 am status=11:51 AM 10TH TEE - COMPETITION PLOZZA, HELENE 5 DAY BOYER, JULIE 5 DAY TRITT, SUE 5 DAY MALCOLM, KYLIE 5 DAY available=False
2026-05-19 15:25:47 | INFO | Slot: time=11:51 am status=11:51 AM 10TH TEE - COMPETITION available=False
2026-05-19 15:25:47 | INFO | Slot: time=11:59 am status=11:59 AM 10TH TEE - COMPETITION WILLIAMS, JANINE 5 DAY SHEEDY, LIBBY 5 DAY ROBSON, CHRISTINE 5 DAY MARTELL, CLARE 5 DAY available=False
2026-05-19 15:25:47 | INFO | Slot: time=11:59 am status=11:59 AM 10TH TEE - COMPETITION available=False
2026-05-19 15:25:47 | INFO | Slot: time=12:07 pm status=12:07 PM 10TH TEE - COMPETITION COULSELL, ANDREA 5 DAY QUINTON, CELESTE 5 DAY DICONZA, ROBERT 5 DAY ATKINSON, HARALD 7 D available=False
2026-05-19 15:25:47 | INFO | Slot: time=12:07 pm status=12:07 PM 10TH TEE - COMPETITION available=False
2026-05-19 15:25:47 | INFO | Slot: time=12:15 pm status=12:15 PM 10TH TEE - COMPETITION BAKKER, JEANETTE 5 DAY MCQUEEN, DON 5 DAY BAKKER, GERRY 5 DAY CARROLL, RHONDA 5 DAY available=False
2026-05-19 15:25:47 | INFO | Slot: time=12:15 pm status=12:15 PM 10TH TEE - COMPETITION available=False
2026-05-19 15:25:47 | INFO | Slot: time=12:23 pm status=12:23 PM 10TH TEE - COMPETITION PALLISCO, JOHN 6 DAY PATTI, COSIMO 6 DAY ARENA, SAM 6 DAY DEL MASTRO, ANGELO 7 DAY available=False
2026-05-19 15:25:47 | INFO | Slot: time=12:23 pm status=12:23 PM 10TH TEE - COMPETITION available=False
2026-05-19 15:25:47 | INFO | Slot: time=12:31 pm status=12:31 PM 10TH TEE - COMPETITION DUNNING, JONATHAN 7 DAY O'DRISCOLL, JACK 7 DAY NUCIFORA, ROB 7 DAY FITOS, CON 7 DAY available=False
2026-05-19 15:25:47 | INFO | Slot: time=12:31 pm status=12:31 PM 10TH TEE - COMPETITION available=False
2026-05-19 15:25:47 | INFO | Slot: time=12:39 pm status=12:39 PM 10TH TEE - COMPETITION RICHARDSON, KEVIN 7 DAY CONSTABLE, PHILIP 7 DAY MARSTON, JASON 6 DAY EVANS, TERRY 6 DAY available=False
2026-05-19 15:25:47 | INFO | Slot: time=12:39 pm status=12:39 PM 10TH TEE - COMPETITION available=False
2026-05-19 15:25:47 | INFO | Slot: time=12:47 pm status=12:47 PM 10TH TEE - COMPETITION ROBSON, RICHARD 6 DAY KERR, ALLAN 6 DAY FOX, PETER 6 DAY BAILEY, DAVID 6 DAY available=False
2026-05-19 15:25:47 | INFO | Slot: time=12:47 pm status=12:47 PM 10TH TEE - COMPETITION available=False
2026-05-19 15:25:47 | INFO | Slot: time=12:55 pm status=12:55 PM 10TH TEE - COMPETITION PAYTON, PETER 5 DAY WILLIAMS, CRAIG 6 DAY COGHLAN, ANDREW 5 DAY MONAGHAN, PETER 6 DAY available=False
2026-05-19 15:25:47 | INFO | Slot: time=12:55 pm status=12:55 PM 10TH TEE - COMPETITION available=False
2026-05-19 15:25:47 | INFO | Slot: time=01:03 pm status=01:03 PM 10TH TEE - COMPETITION BLYTH, ROGER 7 DAY JOHNS, NEIL 7 DAY CHAMPION, PETER 7 DAY HUNT, IAN 7 DAY available=False
2026-05-19 15:25:47 | INFO | Slot: time=01:03 pm status=01:03 PM 10TH TEE - COMPETITION available=False
2026-05-19 15:25:47 | INFO | Slot: time=03:45 pm status=BOOK GROUP available=True
2026-05-19 15:25:47 | INFO | Slot: time=03:45 pm status=03:45 PM 1ST TEE - SOCIAL 9 /18 HARRISON, AMANDA 5 DAY CHRYSTIE, LOUISE 5 DAY BYRNES, NOELENE 5 DAY KERR, NATALIE NINE H available=False
2026-05-19 15:25:47 | INFO | Slot: time=03:45 pm status=03:45 PM 1ST TEE - SOCIAL 9 /18 available=False
2026-05-19 15:25:47 | INFO | Slot: time=03:53 pm status=BOOK GROUP available=True
2026-05-19 15:25:47 | INFO | Slot: time=UNKNOWN status=BOOK GROUP available=True
2026-05-19 15:25:47 | INFO | Slot: time=04:01 pm status=BOOK GROUP available=True
2026-05-19 15:25:47 | INFO | Slot: time=04:09 pm status=BOOK GROUP available=True
2026-05-19 15:25:47 | INFO | Slot: time=04:17 pm status=BOOK GROUP available=True
2026-05-19 15:25:47 | INFO | Slot: time=04:25 pm status=BOOK GROUP available=True
2026-05-19 15:25:47 | INFO | Slot: time=04:33 pm status=BOOK GROUP available=True
2026-05-19 15:25:47 | INFO | Slot: time=04:41 pm status=BOOK GROUP available=True
2026-05-19 15:25:47 | INFO | Slot: time=04:49 pm status=BOOK GROUP available=True
2026-05-19 15:25:47 | INFO | Slot: time=04:57 pm status=BOOK GROUP available=True
2026-05-19 15:25:47 | INFO | Slot: time=05:05 pm status=BOOK GROUP available=True
2026-05-19 15:25:47 | INFO | Slot: time=05:13 pm status=BOOK GROUP available=True
2026-05-19 15:25:47 | INFO | Slot: time=03:45 pm status=03:45 PM 10TH TEE - SOCIAL 9 /18 WILLIAMS, BRADLEY FLEXI POLACSEK, ELLEN YOUNG ADULT 26-30 POLACSEK, CHANTELLE NINE HOLE available=False
2026-05-19 15:25:47 | INFO | Slot: time=03:45 pm status=03:45 PM 10TH TEE - SOCIAL 9 /18 available=False
2026-05-19 15:25:47 | INFO | STATE => BOOK_FIRST_AVAILABLE
2026-05-19 15:25:47 | INFO | Found 14 eligible BOOK GROUP slots. Attempting bookings sequentially...
2026-05-19 15:25:47 | INFO | [1/14] Attempting to book slot: 07:16 am (BOOK GROUP)
2026-05-19 15:25:50 | WARNING | Browser alert popped up: This booking time has already been booked.  The bookings will be shown the next time this page is refreshed.
2026-05-19 15:25:50 | INFO | Slot 07:16 am is already booked, attempting next slot...
2026-05-19 15:25:50 | INFO | [2/14] Attempting to book slot: 03:45 pm (BOOK GROUP)
2026-05-19 15:25:53 | WARNING | Browser alert popped up: This booking time has already been booked.  The bookings will be shown the next time this page is refreshed.
2026-05-19 15:25:53 | INFO | Slot 03:45 pm is already booked, attempting next slot...
2026-05-19 15:25:53 | INFO | [3/14] Attempting to book slot: 03:53 pm (BOOK GROUP)
2026-05-19 15:25:58 | INFO | Successfully initiated booking flow for slot 03:53 pm
2026-05-19 15:25:58 | INFO | STATE => CONFIRM_BOOKING
2026-05-19 15:26:00 | INFO | Saved screenshot: screenshots/20260519_102600_560514_pre_confirm_page.png
2026-05-19 15:26:00 | INFO | Confirm Booking button found: tag=button
2026-05-19 15:26:01 | INFO | Clicked Confirm Booking
2026-05-19 15:26:01 | INFO | STATE => VERIFY_SUCCESS
2026-05-19 15:26:05 | INFO | Verifying success. Current URL: https://northern.miclub.com.au/members/bookings/open/event.msp?booking_event_id=22475265&booking_resource_id=3000000&focus=22607191
2026-05-19 15:26:05 | INFO | Success! Detected booking redirect URL: https://northern.miclub.com.au/members/bookings/open/event.msp?booking_event_id=22475265&booking_resource_id=3000000&focus=22607191
2026-05-19 15:26:05 | INFO | BOOKING SECURED for Event 6: Slot 03:53 pm!
2026-05-19 15:26:05 | INFO | STATE => RETURN_TO_EVENT_LIST
2026-05-19 15:26:05 | INFO | Returning to event list URL: https://northern.miclub.com.au/views/members/booking/eventList.xhtml
2026-05-19 15:26:12 | INFO | Processing OPEN event 7 of 8
2026-05-19 15:26:12 | INFO | STATE => OPEN_EVENT
2026-05-19 15:26:12 | INFO | Navigating into open event index 6: OPEN
2026-05-19 15:26:20 | INFO | Event tee sheet opened
2026-05-19 15:26:20 | INFO | STATE => COLLECT_TEE_ROWS
2026-05-19 15:26:22 | WARNING | Error processing event 7: 'NoneType' object has no attribute 'split'
2026-05-19 15:26:22 | ERROR | Failed to save debug screenshot
Traceback (most recent call last):
  File "/home/morrty00/Documents/GolfClub/main1.py", line 297, in run
    slots = self.transition(State.COLLECT_TEE_ROWS, self.collect_tee_rows)
            ^^^^^^^^^^^^^^^^^^^^^^^^^^^^^^^^^^^^^^^^^^^^^^^^^^^^^^^^^^^^^^
  File "/home/morrty00/Documents/GolfClub/main1.py", line 342, in transition
    return action()
           ^^^^^^^^
  File "/home/morrty00/Documents/GolfClub/main1.py", line 420, in collect_tee_rows
    slots = self.collect_slots()
            ^^^^^^^^^^^^^^^^^^^^
  File "/home/morrty00/Documents/GolfClub/main1.py", line 572, in collect_slots
    slot = self.slot_from_row(row)
           ^^^^^^^^^^^^^^^^^^^^^^^
  File "/home/morrty00/Documents/GolfClub/main1.py", line 580, in slot_from_row
    row_text = safe_text(row)
               ^^^^^^^^^^^^^^
  File "/home/morrty00/Documents/GolfClub/main1.py", line 258, in safe_text
    return normalize_spaces(element.text)
           ^^^^^^^^^^^^^^^^^^^^^^^^^^^^^^
  File "/home/morrty00/Documents/GolfClub/main1.py", line 230, in normalize_spaces
    return " ".join(text.split()).strip()
                    ^^^^^^^^^^
AttributeError: 'NoneType' object has no attribute 'split'

During handling of the above exception, another exception occurred:

Traceback (most recent call last):
  File "/home/morrty00/Documents/GolfClub/main1.py", line 701, in capture_debug
    self.driver.save_screenshot(str(path))
  File "/home/morrty00/Documents/GolfClub/.venv/lib/python3.12/site-packages/selenium/webdriver/remote/webdriver.py", line 948, in save_screenshot
    return self.get_screenshot_as_file(filename)
           ^^^^^^^^^^^^^^^^^^^^^^^^^^^^^^^^^^^^^
  File "/home/morrty00/Documents/GolfClub/.venv/lib/python3.12/site-packages/selenium/webdriver/remote/webdriver.py", line 925, in get_screenshot_as_file
    png = self.get_screenshot_as_png()
          ^^^^^^^^^^^^^^^^^^^^^^^^^^^^
  File "/home/morrty00/Documents/GolfClub/.venv/lib/python3.12/site-packages/selenium/webdriver/remote/webdriver.py", line 956, in get_screenshot_as_png
    return b64decode(self.get_screenshot_as_base64().encode("ascii"))
                     ^^^^^^^^^^^^^^^^^^^^^^^^^^^^^^^
  File "/home/morrty00/Documents/GolfClub/.venv/lib/python3.12/site-packages/selenium/webdriver/remote/webdriver.py", line 966, in get_screenshot_as_base64
    return self.execute(Command.SCREENSHOT)["value"]
           ^^^^^^^^^^^^^^^^^^^^^^^^^^^^^^^^
  File "/home/morrty00/Documents/GolfClub/.venv/lib/python3.12/site-packages/selenium/webdriver/remote/webdriver.py", line 468, in execute
    self.error_handler.check_response(response)
  File "/home/morrty00/Documents/GolfClub/.venv/lib/python3.12/site-packages/selenium/webdriver/remote/errorhandler.py", line 232, in check_response
    raise exception_class(message, screen, stacktrace)
selenium.common.exceptions.NoSuchWindowException: Message: no such window: target window already closed
from unknown error: web view not found
  (Session info: chrome=147.0.7727.55)
Stacktrace:
#0 0x6480b3eee79a <unknown>
#1 0x6480b38ea215 <unknown>
#2 0x6480b38bdb18 <unknown>
#3 0x6480b396b678 <unknown>
#4 0x6480b3985178 <unknown>
#5 0x6480b393055f <unknown>
#6 0x6480b3931321 <unknown>
#7 0x6480b3eb206b <unknown>
#8 0x6480b3eb501d <unknown>
#9 0x6480b3e9e718 <unknown>
#10 0x6480b3eb5bb0 <unknown>
#11 0x6480b3e85150 <unknown>
#12 0x6480b3edb5e8 <unknown>
#13 0x6480b3edb7b8 <unknown>
#14 0x6480b3eed1de <unknown>
#15 0x737780e9caa4 <unknown>
#16 0x737780f29c6c <unknown>

2026-05-19 15:26:22 | INFO | STATE => RETURN_TO_EVENT_LIST
2026-05-19 15:26:22 | INFO | Returning to event list URL: https://northern.miclub.com.au/views/members/booking/eventList.xhtml
2026-05-19 15:26:22 | ERROR | Failed to save debug screenshot
Traceback (most recent call last):
  File "/home/morrty00/Documents/GolfClub/main1.py", line 317, in run
    self.transition(State.RETURN_TO_EVENT_LIST, self.return_to_event_list)
  File "/home/morrty00/Documents/GolfClub/main1.py", line 342, in transition
    return action()
           ^^^^^^^^
  File "/home/morrty00/Documents/GolfClub/main1.py", line 490, in return_to_event_list
    self.driver.get(self.ctx.bookings_url)
  File "/home/morrty00/Documents/GolfClub/.venv/lib/python3.12/site-packages/selenium/webdriver/remote/webdriver.py", line 488, in get
    self.execute(Command.GET, {"url": url})
  File "/home/morrty00/Documents/GolfClub/.venv/lib/python3.12/site-packages/selenium/webdriver/remote/webdriver.py", line 468, in execute
    self.error_handler.check_response(response)
  File "/home/morrty00/Documents/GolfClub/.venv/lib/python3.12/site-packages/selenium/webdriver/remote/errorhandler.py", line 232, in check_response
    raise exception_class(message, screen, stacktrace)
selenium.common.exceptions.NoSuchWindowException: Message: no such window: target window already closed
from unknown error: web view not found
  (Session info: chrome=147.0.7727.55)
Stacktrace:
#0 0x6480b3eee79a <unknown>
#1 0x6480b38ea215 <unknown>
#2 0x6480b38bdb18 <unknown>
#3 0x6480b396b678 <unknown>
#4 0x6480b3985178 <unknown>
#5 0x6480b393055f <unknown>
#6 0x6480b3931321 <unknown>
#7 0x6480b3eb206b <unknown>
#8 0x6480b3eb501d <unknown>
#9 0x6480b3e9e718 <unknown>
#10 0x6480b3eb5bb0 <unknown>
#11 0x6480b3e85150 <unknown>
#12 0x6480b3edb5e8 <unknown>
#13 0x6480b3edb7b8 <unknown>
#14 0x6480b3eed1de <unknown>
#15 0x737780e9caa4 <unknown>
#16 0x737780f29c6c <unknown>


During handling of the above exception, another exception occurred:

Traceback (most recent call last):
  File "/home/morrty00/Documents/GolfClub/main1.py", line 701, in capture_debug
    self.driver.save_screenshot(str(path))
  File "/home/morrty00/Documents/GolfClub/.venv/lib/python3.12/site-packages/selenium/webdriver/remote/webdriver.py", line 948, in save_screenshot
    return self.get_screenshot_as_file(filename)
           ^^^^^^^^^^^^^^^^^^^^^^^^^^^^^^^^^^^^^
  File "/home/morrty00/Documents/GolfClub/.venv/lib/python3.12/site-packages/selenium/webdriver/remote/webdriver.py", line 925, in get_screenshot_as_file
    png = self.get_screenshot_as_png()
          ^^^^^^^^^^^^^^^^^^^^^^^^^^^^
  File "/home/morrty00/Documents/GolfClub/.venv/lib/python3.12/site-packages/selenium/webdriver/remote/webdriver.py", line 956, in get_screenshot_as_png
    return b64decode(self.get_screenshot_as_base64().encode("ascii"))
                     ^^^^^^^^^^^^^^^^^^^^^^^^^^^^^^^
  File "/home/morrty00/Documents/GolfClub/.venv/lib/python3.12/site-packages/selenium/webdriver/remote/webdriver.py", line 966, in get_screenshot_as_base64
    return self.execute(Command.SCREENSHOT)["value"]
           ^^^^^^^^^^^^^^^^^^^^^^^^^^^^^^^^
  File "/home/morrty00/Documents/GolfClub/.venv/lib/python3.12/site-packages/selenium/webdriver/remote/webdriver.py", line 468, in execute
    self.error_handler.check_response(response)
  File "/home/morrty00/Documents/GolfClub/.venv/lib/python3.12/site-packages/selenium/webdriver/remote/errorhandler.py", line 232, in check_response
    raise exception_class(message, screen, stacktrace)
selenium.common.exceptions.NoSuchWindowException: Message: no such window: target window already closed
from unknown error: web view not found
  (Session info: chrome=147.0.7727.55)
Stacktrace:
#0 0x6480b3eee79a <unknown>
#1 0x6480b38ea215 <unknown>
#2 0x6480b38bdb18 <unknown>
#3 0x6480b396b678 <unknown>
#4 0x6480b3985178 <unknown>
#5 0x6480b393055f <unknown>
#6 0x6480b3931321 <unknown>
#7 0x6480b3eb206b <unknown>
#8 0x6480b3eb501d <unknown>
#9 0x6480b3e9e718 <unknown>
#10 0x6480b3eb5bb0 <unknown>
#11 0x6480b3e85150 <unknown>
#12 0x6480b3edb5e8 <unknown>
#13 0x6480b3edb7b8 <unknown>
#14 0x6480b3eed1de <unknown>
#15 0x737780e9caa4 <unknown>
#16 0x737780f29c6c <unknown>

2026-05-19 15:26:22 | ERROR | Fatal error
Traceback (most recent call last):
  File "/home/morrty00/Documents/GolfClub/main1.py", line 317, in run
    self.transition(State.RETURN_TO_EVENT_LIST, self.return_to_event_list)
  File "/home/morrty00/Documents/GolfClub/main1.py", line 342, in transition
    return action()
           ^^^^^^^^
  File "/home/morrty00/Documents/GolfClub/main1.py", line 490, in return_to_event_list
    self.driver.get(self.ctx.bookings_url)
  File "/home/morrty00/Documents/GolfClub/.venv/lib/python3.12/site-packages/selenium/webdriver/remote/webdriver.py", line 488, in get
    self.execute(Command.GET, {"url": url})
  File "/home/morrty00/Documents/GolfClub/.venv/lib/python3.12/site-packages/selenium/webdriver/remote/webdriver.py", line 468, in execute
    self.error_handler.check_response(response)
  File "/home/morrty00/Documents/GolfClub/.venv/lib/python3.12/site-packages/selenium/webdriver/remote/errorhandler.py", line 232, in check_response
    raise exception_class(message, screen, stacktrace)
selenium.common.exceptions.NoSuchWindowException: Message: no such window: target window already closed
from unknown error: web view not found
  (Session info: chrome=147.0.7727.55)
Stacktrace:
#0 0x6480b3eee79a <unknown>
#1 0x6480b38ea215 <unknown>
#2 0x6480b38bdb18 <unknown>
#3 0x6480b396b678 <unknown>
#4 0x6480b3985178 <unknown>
#5 0x6480b393055f <unknown>
#6 0x6480b3931321 <unknown>
#7 0x6480b3eb206b <unknown>
#8 0x6480b3eb501d <unknown>
#9 0x6480b3e9e718 <unknown>
#10 0x6480b3eb5bb0 <unknown>
#11 0x6480b3e85150 <unknown>
#12 0x6480b3edb5e8 <unknown>
#13 0x6480b3edb7b8 <unknown>
#14 0x6480b3eed1de <unknown>
#15 0x737780e9caa4 <unknown>
#16 0x737780f29c6c <unknown>

2026-05-19 15:26:22 | ERROR | BOOKING FAILED | error=Unhandled error: Message: no such window: target window already closed
from unknown error: web view not found
  (Session info: chrome=147.0.7727.55)
Stacktrace:
#0 0x6480b3eee79a <unknown>
#1 0x6480b38ea215 <unknown>
#2 0x6480b38bdb18 <unknown>
#3 0x6480b396b678 <unknown>
#4 0x6480b3985178 <unknown>
#5 0x6480b393055f <unknown>
#6 0x6480b3931321 <unknown>
#7 0x6480b3eb206b <unknown>
#8 0x6480b3eb501d <unknown>
#9 0x6480b3e9e718 <unknown>
#10 0x6480b3eb5bb0 <unknown>
#11 0x6480b3e85150 <unknown>
#12 0x6480b3edb5e8 <unknown>
#13 0x6480b3edb7b8 <unknown>
#14 0x6480b3eed1de <unknown>
#15 0x737780e9caa4 <unknown>
#16 0x737780f29c6c <unknown>

2026-05-19 15:46:36 | INFO | STATE => LOGIN
2026-05-19 15:47:14 | INFO | Login successful
2026-05-19 15:47:14 | INFO | STATE => OPEN_EVENT_LIST
2026-05-19 15:47:14 | INFO | Found Bookings link (attempt 1)
2026-05-19 15:47:22 | INFO | Opened bookings event list page. Saved URL: https://northern.miclub.com.au/views/members/booking/eventList.xhtml
2026-05-19 15:47:22 | INFO | STATE => COLLECT_EVENTS
2026-05-19 15:47:22 | INFO | Discovered 8 OPEN events
2026-05-19 15:47:22 | INFO | Processing OPEN event 1 of 8
2026-05-19 15:47:22 | INFO | STATE => OPEN_EVENT
2026-05-19 15:47:22 | INFO | Navigating into open event index 0: OPEN
2026-05-19 15:47:30 | INFO | Event tee sheet opened
2026-05-19 15:47:30 | INFO | STATE => COLLECT_TEE_ROWS
2026-05-19 15:47:38 | INFO | Discovered 88 candidate slots
2026-05-19 15:47:38 | INFO | Slot: time=07:18 am status=BOOK GROUP available=True
2026-05-19 15:47:38 | INFO | Slot: time=07:18 am status=07:18 AM 1ST TEE - COMP OR SOCIAL 9 /18 GALEA, MARTIN 5 DAY GAZZOLA, MARCO 7 DAY CRISCIONE, JOHN 5 DAY CAPECI, VINCE 7 D available=False
2026-05-19 15:47:38 | INFO | Slot: time=07:18 am status=07:18 AM 1ST TEE - COMP OR SOCIAL 9 /18 available=False
2026-05-19 15:47:38 | INFO | Slot: time=07:26 am status=07:26 AM 1ST TEE - COMP OR SOCIAL 9 /18 CHRISTIAN, IAN 7 DAY VOCALE, BEN 7 DAY SINGH, NAVEEN 5 DAY JORDAN, DALE VISITOR  available=False
2026-05-19 15:47:38 | INFO | Slot: time=07:26 am status=07:26 AM 1ST TEE - COMP OR SOCIAL 9 /18 available=False
2026-05-19 15:47:38 | INFO | Slot: time=07:34 am status=07:34 AM 1ST TEE - COMP OR SOCIAL 9 /18 TORTORELLA, ANDREW 7 DAY BORRELLI, LOU 5 DAY RHODES, JOHN 6 DAY BAILEY, WAYNE ME available=False
2026-05-19 15:47:38 | INFO | Slot: time=07:34 am status=07:34 AM 1ST TEE - COMP OR SOCIAL 9 /18 available=False
2026-05-19 15:47:38 | INFO | Slot: time=07:42 am status=BOOK GROUP available=True
2026-05-19 15:47:38 | INFO | Slot: time=UNKNOWN status=BOOK GROUP available=True
2026-05-19 15:47:38 | INFO | Slot: time=07:50 am status=07:50 AM 1ST TEE - COMP OR SOCIAL 9 /18 CRISAPULLI, VINCE 5 DAY CARLISLE, JOHN 5 DAY GALTIERI, VINCE 6 DAY PARBHOO, KHAN available=False
2026-05-19 15:47:38 | INFO | Slot: time=07:50 am status=07:50 AM 1ST TEE - COMP OR SOCIAL 9 /18 available=False
2026-05-19 15:47:38 | INFO | Slot: time=07:58 am status=07:58 AM 1ST TEE - COMP OR SOCIAL 9 /18 JHOTY, JOE 7 DAY KNIGHT, TREVOR 5 DAY HUSSEY, MARK 6 DAY HILL, JENNIE 6 DAY available=False
2026-05-19 15:47:38 | INFO | Slot: time=07:58 am status=07:58 AM 1ST TEE - COMP OR SOCIAL 9 /18 available=False
2026-05-19 15:47:38 | INFO | Slot: time=08:06 am status=BOOK GROUP available=True
2026-05-19 15:47:38 | INFO | Slot: time=08:14 am status=BOOK GROUP available=True
2026-05-19 15:47:38 | INFO | Slot: time=08:22 am status=08:22 AM 1ST TEE - COMP OR SOCIAL 9 /18 RYAN, STEPHEN 5 DAY MOLONEY, HELEN 5 DAY NIGHTINGALE, ALLISON 5 DAY PORTER, RAGN available=False
2026-05-19 15:47:38 | INFO | Slot: time=08:22 am status=08:22 AM 1ST TEE - COMP OR SOCIAL 9 /18 available=False
2026-05-19 15:47:38 | INFO | Slot: time=08:30 am status=08:30 AM 1ST TEE - COMP OR SOCIAL 9 /18 JONES, ANNIE 5 DAY HUGHES, DIANNE 5 DAY LIU, RONG 6 DAY DAVIES, DEIDRE 5 DAY available=False
2026-05-19 15:47:38 | INFO | Slot: time=08:30 am status=08:30 AM 1ST TEE - COMP OR SOCIAL 9 /18 available=False
2026-05-19 15:47:38 | INFO | Slot: time=08:38 am status=08:38 AM 1ST TEE - COMP OR SOCIAL 9 /18 WALKER, MARY 5 DAY LEYDEN, BEVERLEY 5 DAY HOEY, JANINE 5 DAY BERNHARDT, SARAH VI available=False
2026-05-19 15:47:38 | INFO | Slot: time=08:38 am status=08:38 AM 1ST TEE - COMP OR SOCIAL 9 /18 available=False
2026-05-19 15:47:38 | INFO | Slot: time=08:46 am status=BOOK GROUP available=True
2026-05-19 15:47:38 | INFO | Slot: time=08:54 am status=BOOK GROUP available=True
2026-05-19 15:47:38 | INFO | Slot: time=09:02 am status=BOOK GROUP available=True
2026-05-19 15:47:38 | INFO | Slot: time=09:10 am status=BOOK GROUP available=True
2026-05-19 15:47:38 | INFO | Slot: time=09:18 am status=09:18 AM 1ST TEE - COMP OR SOCIAL 9 /18 BRUGALETTA, MANNY SPECIAL 5.12 CRIVELLI, BRUNO SPECIAL 5.12 SCHIRATO, ROBERT SPE available=False
2026-05-19 15:47:38 | INFO | Slot: time=09:18 am status=09:18 AM 1ST TEE - COMP OR SOCIAL 9 /18 available=False
2026-05-19 15:47:38 | INFO | Slot: time=09:26 am status=09:26 AM 1ST TEE - COMP OR SOCIAL 9 /18 VINCITORIO, MATT SPECIAL 5.12 TANCREDI, FRANK SPECIAL 5.12 DALSANTO, JOHN SPECIA available=False
2026-05-19 15:47:38 | INFO | Slot: time=09:26 am status=09:26 AM 1ST TEE - COMP OR SOCIAL 9 /18 available=False
2026-05-19 15:47:38 | INFO | Slot: time=09:34 am status=09:34 AM 1ST TEE - COMP OR SOCIAL 9 /18 RAMALINGAM, SHEKILA NINE HOLE RAMALINGAM, SHAMALA NINE HOLE RITCHIE, ELISE NINE  available=False
2026-05-19 15:47:38 | INFO | Slot: time=09:34 am status=09:34 AM 1ST TEE - COMP OR SOCIAL 9 /18 available=False
2026-05-19 15:47:38 | INFO | Slot: time=09:42 am status=09:42 AM 1ST TEE - COMP OR SOCIAL 9 /18 WILKINSON, JAN SPECIAL 5.12 GIBSON, FRANCES SPECIAL 5.12 HILL, KAY 5 DAY KEATING available=False
2026-05-19 15:47:38 | INFO | Slot: time=09:42 am status=09:42 AM 1ST TEE - COMP OR SOCIAL 9 /18 available=False
2026-05-19 15:47:38 | INFO | Slot: time=09:50 am status=09:50 AM 1ST TEE - COMP OR SOCIAL 9 /18 YEOH, DANIEL 5 DAY LITTLE, KELVIN 7 DAY CHIERA, ANTHONY VISITOR - FUTURE GOLF ED available=False
2026-05-19 15:47:38 | INFO | Slot: time=09:50 am status=09:50 AM 1ST TEE - COMP OR SOCIAL 9 /18 available=False
2026-05-19 15:47:38 | INFO | Slot: time=09:58 am status=BOOK GROUP available=True
2026-05-19 15:47:38 | INFO | Slot: time=10:06 am status=BOOK GROUP available=True
2026-05-19 15:47:38 | INFO | Slot: time=10:14 am status=10:14 AM 1ST TEE - COMP OR SOCIAL 9 /18 CHURCH, GLENIS 5 DAY BULT, SHIRLEY 5 DAY MITCHELL, PAULA 5 DAY CHIN, ANNA NINE H available=False
2026-05-19 15:47:38 | INFO | Slot: time=10:14 am status=10:14 AM 1ST TEE - COMP OR SOCIAL 9 /18 available=False
2026-05-19 15:47:38 | INFO | Slot: time=10:22 am status=BOOK GROUP available=True
2026-05-19 15:47:38 | INFO | Slot: time=10:30 am status=10:30 AM 1ST TEE - COMP OR SOCIAL 9 /18 SIMPSON, CHRISTINE 5 DAY CONLAN, JUDI 5 DAY CARROLL, PHILLIP 7 DAY WHITE, CAROL  available=False
2026-05-19 15:47:38 | INFO | Slot: time=10:30 am status=10:30 AM 1ST TEE - COMP OR SOCIAL 9 /18 available=False
2026-05-19 15:47:38 | INFO | Slot: time=10:38 am status=BOOK GROUP available=True
2026-05-19 15:47:38 | INFO | Slot: time=10:46 am status=BOOK GROUP available=True
2026-05-19 15:47:38 | INFO | Slot: time=10:54 am status=BOOK GROUP available=True
2026-05-19 15:47:38 | INFO | Slot: time=11:02 am status=11:02 AM 1ST TEE - COMP OR SOCIAL 9 /18 LOCCISANO, STEPHEN 6 DAY LOCCISANO, VINCENT 6 DAY MONTESANO, BRUNO 6 DAY YOUNG,  available=False
2026-05-19 15:47:38 | INFO | Slot: time=11:02 am status=11:02 AM 1ST TEE - COMP OR SOCIAL 9 /18 available=False
2026-05-19 15:47:38 | INFO | Slot: time=11:10 am status=BOOK GROUP available=True
2026-05-19 15:47:38 | INFO | Slot: time=11:18 am status=BOOK GROUP available=True
2026-05-19 15:47:38 | INFO | Slot: time=11:26 am status=BOOK GROUP available=True
2026-05-19 15:47:38 | INFO | Slot: time=11:34 am status=BOOK GROUP available=True
2026-05-19 15:47:38 | INFO | Slot: time=11:42 am status=BOOK GROUP available=True
2026-05-19 15:47:38 | INFO | Slot: time=11:50 am status=BOOK GROUP available=True
2026-05-19 15:47:38 | INFO | Slot: time=11:58 am status=BOOK GROUP available=True
2026-05-19 15:47:38 | INFO | Slot: time=12:06 pm status=BOOK GROUP available=True
2026-05-19 15:47:38 | INFO | Slot: time=12:14 pm status=BOOK GROUP available=True
2026-05-19 15:47:38 | INFO | Slot: time=12:22 pm status=BOOK GROUP available=True
2026-05-19 15:47:38 | INFO | Slot: time=12:30 pm status=BOOK GROUP available=True
2026-05-19 15:47:38 | INFO | Slot: time=12:38 pm status=12:38 PM 1ST TEE - COMP OR SOCIAL 9 /18 SULLIVAN, ANTHONY 6 DAY WHITE, PHIL VISITOR GRAHAM, KENNETH 6 DAY LEARD, TONY VI available=False
2026-05-19 15:47:38 | INFO | Slot: time=12:38 pm status=12:38 PM 1ST TEE - COMP OR SOCIAL 9 /18 available=False
2026-05-19 15:47:38 | INFO | Slot: time=12:46 pm status=BOOK GROUP available=True
2026-05-19 15:47:38 | INFO | Slot: time=12:54 pm status=BOOK GROUP available=True
2026-05-19 15:47:38 | INFO | Slot: time=01:02 pm status=BOOK GROUP available=True
2026-05-19 15:47:38 | INFO | Slot: time=01:10 pm status=BOOK GROUP available=True
2026-05-19 15:47:38 | INFO | Slot: time=01:18 pm status=BOOK GROUP available=True
2026-05-19 15:47:38 | INFO | Slot: time=01:26 pm status=BOOK GROUP available=True
2026-05-19 15:47:38 | INFO | Slot: time=01:34 pm status=BOOK GROUP available=True
2026-05-19 15:47:38 | INFO | Slot: time=01:42 pm status=BOOK GROUP available=True
2026-05-19 15:47:38 | INFO | Slot: time=01:50 pm status=BOOK GROUP available=True
2026-05-19 15:47:38 | INFO | Slot: time=01:58 pm status=BOOK GROUP available=True
2026-05-19 15:47:38 | INFO | Slot: time=02:06 pm status=BOOK GROUP available=True
2026-05-19 15:47:38 | INFO | Slot: time=02:14 pm status=BOOK GROUP available=True
2026-05-19 15:47:38 | INFO | Slot: time=02:22 pm status=BOOK GROUP available=True
2026-05-19 15:47:38 | INFO | Slot: time=02:30 pm status=BOOK GROUP available=True
2026-05-19 15:47:38 | INFO | Slot: time=02:38 pm status=BOOK GROUP available=True
2026-05-19 15:47:38 | INFO | Slot: time=02:46 pm status=BOOK GROUP available=True
2026-05-19 15:47:38 | INFO | Slot: time=02:54 pm status=BOOK GROUP available=True
2026-05-19 15:47:38 | INFO | Slot: time=03:02 pm status=BOOK GROUP available=True
2026-05-19 15:47:38 | INFO | Slot: time=03:10 pm status=BOOK GROUP available=True
2026-05-19 15:47:38 | INFO | Slot: time=03:18 pm status=BOOK GROUP available=True
2026-05-19 15:47:38 | INFO | Slot: time=04:46 pm status=BOOK GROUP available=True
2026-05-19 15:47:38 | INFO | Slot: time=04:54 pm status=BOOK GROUP available=True
2026-05-19 15:47:38 | INFO | Slot: time=05:02 pm status=BOOK GROUP available=True
2026-05-19 15:47:38 | INFO | Slot: time=05:10 pm status=BOOK GROUP available=True
2026-05-19 15:47:38 | INFO | Slot: time=05:18 pm status=BOOK GROUP available=True
2026-05-19 15:47:38 | INFO | Slot: time=05:26 pm status=BOOK GROUP available=True
2026-05-19 15:47:38 | INFO | Slot: time=05:34 pm status=BOOK GROUP available=True
2026-05-19 15:47:38 | INFO | Slot: time=05:42 pm status=BOOK GROUP available=True
2026-05-19 15:47:38 | INFO | STATE => BOOK_FIRST_AVAILABLE
2026-05-19 15:47:38 | INFO | Found 54 eligible BOOK GROUP slots. Attempting bookings sequentially...
2026-05-19 15:47:38 | INFO | [1/54] Attempting to book slot: 07:18 am (BOOK GROUP)
2026-05-19 15:47:40 | WARNING | Browser alert popped up: This booking time has already been booked.  The bookings will be shown the next time this page is refreshed.
2026-05-19 15:47:40 | INFO | Slot 07:18 am is already booked, attempting next slot...
2026-05-19 15:47:40 | INFO | [2/54] Attempting to book slot: 07:42 am (BOOK GROUP)
2026-05-19 15:47:48 | INFO | No Playing Partners modal detected.
2026-05-19 15:47:48 | INFO | Successfully initiated booking flow for slot 07:42 am
2026-05-19 15:47:48 | INFO | STATE => CONFIRM_BOOKING
2026-05-19 15:47:50 | INFO | Saved screenshot: screenshots/20260519_104750_830288_pre_confirm_page.png
2026-05-19 15:47:50 | INFO | Confirm Booking button found: tag=button
2026-05-19 15:47:51 | INFO | Clicked Confirm Booking
2026-05-19 15:47:51 | INFO | STATE => VERIFY_SUCCESS
2026-05-19 15:47:57 | INFO | Verifying success. Current URL: https://northern.miclub.com.au/members/bookings/open/event.msp?booking_event_id=22475260&booking_resource_id=3000000&focus=22606778
2026-05-19 15:47:57 | INFO | Success! Detected booking redirect URL: https://northern.miclub.com.au/members/bookings/open/event.msp?booking_event_id=22475260&booking_resource_id=3000000&focus=22606778
2026-05-19 15:47:57 | INFO | BOOKING SECURED for Event 1: Slot 07:42 am!
2026-05-19 15:47:57 | INFO | STATE => RETURN_TO_EVENT_LIST
2026-05-19 15:47:57 | INFO | Returning to event list URL: https://northern.miclub.com.au/views/members/booking/eventList.xhtml
2026-05-19 15:48:07 | INFO | Processing OPEN event 2 of 8
2026-05-19 15:48:07 | INFO | STATE => OPEN_EVENT
2026-05-19 15:48:07 | INFO | Navigating into open event index 1: OPEN
2026-05-19 15:48:15 | INFO | Event tee sheet opened
2026-05-19 15:48:15 | INFO | STATE => COLLECT_TEE_ROWS
2026-05-19 15:48:22 | INFO | Discovered 116 candidate slots
2026-05-19 15:48:22 | INFO | Slot: time=07:15 am status=BOOK GROUP available=True
2026-05-19 15:48:22 | INFO | Slot: time=UNKNOWN status=BOOK GROUP available=True
2026-05-19 15:48:22 | INFO | Slot: time=07:23 am status=BOOK GROUP available=True
2026-05-19 15:48:22 | INFO | Slot: time=07:31 am status=BOOK GROUP available=True
2026-05-19 15:48:22 | INFO | Slot: time=07:39 am status=07:39 AM 1ST TEE - COMPETITION PENGELLY, KEN 7 DAY BOWLER, GREG 7 DAY HOWARTH, TOM HONORARY NV TURNER, BLAIR YOUNG ADULT available=False
2026-05-19 15:48:22 | INFO | Slot: time=07:39 am status=07:39 AM 1ST TEE - COMPETITION available=False
2026-05-19 15:48:22 | INFO | Slot: time=07:47 am status=07:47 AM 1ST TEE - COMPETITION WOTHERSPOON, IAN 6 DAY BANAVALI, GIRISH 6 DAY FERRIS, COLIN 6 DAY BELCHER, JANE 6 DAY available=False
2026-05-19 15:48:22 | INFO | Slot: time=07:47 am status=07:47 AM 1ST TEE - COMPETITION available=False
2026-05-19 15:48:22 | INFO | Slot: time=07:55 am status=BOOK GROUP available=True
2026-05-19 15:48:22 | INFO | Slot: time=08:03 am status=08:03 AM 1ST TEE - COMPETITION THOMPSON, BRUCE 7 DAY BAJORAS, TONY 6 DAY KELLY, ANDREW 6 DAY HARRIS, JOHN 6 DAY available=False
2026-05-19 15:48:22 | INFO | Slot: time=08:03 am status=08:03 AM 1ST TEE - COMPETITION available=False
2026-05-19 15:48:22 | INFO | Slot: time=08:11 am status=08:11 AM 1ST TEE - COMPETITION MCDONALD, LEIGH 6 DAY MCGRAW, PAUL 6 DAY SIDEBOTTOM, PAUL 6 DAY RODDA, MARK 7 DAY available=False
2026-05-19 15:48:22 | INFO | Slot: time=08:11 am status=08:11 AM 1ST TEE - COMPETITION available=False
2026-05-19 15:48:22 | INFO | Slot: time=08:19 am status=BOOK GROUP available=True
2026-05-19 15:48:22 | INFO | Slot: time=08:27 am status=08:27 AM 1ST TEE - COMPETITION GARDINER, GREG 7 DAY RYAN, ROBERT 7 DAY STEPHENS, DAN 7 DAY ABBENANTE, TONY 6 DAY available=False
2026-05-19 15:48:22 | INFO | Slot: time=08:27 am status=08:27 AM 1ST TEE - COMPETITION available=False
2026-05-19 15:48:22 | INFO | Slot: time=08:35 am status=08:35 AM 1ST TEE - COMPETITION PASHAKIS, PERRY 7 DAY ADAMS, PETER 7 DAY GAZZOLA, MARCO 7 DAY RHODES, JOHN 6 DAY available=False
2026-05-19 15:48:22 | INFO | Slot: time=08:35 am status=08:35 AM 1ST TEE - COMPETITION available=False
2026-05-19 15:48:22 | INFO | Slot: time=08:43 am status=08:43 AM 1ST TEE - COMPETITION CAVEN, TONY 6 DAY MADDEN, PAUL 6 DAY SUTCLIFFE, LEWIS 6 DAY LAWSON, JOHN 6 DAY available=False
2026-05-19 15:48:22 | INFO | Slot: time=08:43 am status=08:43 AM 1ST TEE - COMPETITION available=False
2026-05-19 15:48:22 | INFO | Slot: time=08:51 am status=08:51 AM 1ST TEE - COMPETITION QUINTON, ALAN 6 DAY HYNES, JIM 6 DAY TUTTLE, PHILIP 6 DAY MCCOLL, RICK 7 DAY available=False
2026-05-19 15:48:22 | INFO | Slot: time=08:51 am status=08:51 AM 1ST TEE - COMPETITION available=False
2026-05-19 15:48:22 | INFO | Slot: time=08:59 am status=08:59 AM 1ST TEE - COMPETITION LOCCISANO, STEPHEN 6 DAY ALOI, CHRISTOPHER 6 DAY LOCCISANO, VINCENT 6 DAY MONTESANO, BRUN available=False
2026-05-19 15:48:22 | INFO | Slot: time=08:59 am status=08:59 AM 1ST TEE - COMPETITION available=False
2026-05-19 15:48:22 | INFO | Slot: time=09:07 am status=BOOK GROUP available=True
2026-05-19 15:48:22 | INFO | Slot: time=07:15 am status=07:15 AM 10TH TEE - COMPETITION HOWITT, CHRIS 7 DAY SWEBBS, MICK 7 DAY KLEINIG, MICHAEL 7 DAY LAMBERT, COLIN 6 DAY available=False
2026-05-19 15:48:22 | INFO | Slot: time=07:15 am status=07:15 AM 10TH TEE - COMPETITION available=False
2026-05-19 15:48:22 | INFO | Slot: time=07:23 am status=07:23 AM 10TH TEE - COMPETITION GABRIELE, SAM 7 DAY HILL, GARY 7 DAY VUROVECZ, CAMERON 7 DAY CULAKOVSKI, SASHA 7 DAY available=False
2026-05-19 15:48:22 | INFO | Slot: time=07:23 am status=07:23 AM 10TH TEE - COMPETITION available=False
2026-05-19 15:48:22 | INFO | Slot: time=07:31 am status=07:31 AM 10TH TEE - COMPETITION DE CICCO, VINCE 7 DAY LORENZI, ANDREW 6 DAY HODDER, MATT 7 DAY HICKS, WAYNE 7 DAY available=False
2026-05-19 15:48:22 | INFO | Slot: time=07:31 am status=07:31 AM 10TH TEE - COMPETITION available=False
2026-05-19 15:48:22 | INFO | Slot: time=07:39 am status=07:39 AM 10TH TEE - COMPETITION MCCANN, STEPHEN N 6 DAY GREALY, MAURIE 7 DAY VULIN, MILO 7 DAY TENNI, JEFFREY 7 DAY available=False
2026-05-19 15:48:22 | INFO | Slot: time=07:39 am status=07:39 AM 10TH TEE - COMPETITION available=False
2026-05-19 15:48:22 | INFO | Slot: time=07:47 am status=07:47 AM 10TH TEE - COMPETITION COLLINS, DALE 7 DAY STEWART, SHANE 7 DAY AUSTIN, ALEXANDER 7 DAY WISE, PAUL 7 DAY available=False
2026-05-19 15:48:22 | INFO | Slot: time=07:47 am status=07:47 AM 10TH TEE - COMPETITION available=False
2026-05-19 15:48:22 | INFO | Slot: time=07:55 am status=07:55 AM 10TH TEE - COMPETITION MCMAHON, ANDREW 7 DAY TAN, GWI 7 DAY TORR, JOHN 7 DAY MOLONEY, MARK 6 DAY available=False
2026-05-19 15:48:22 | INFO | Slot: time=07:55 am status=07:55 AM 10TH TEE - COMPETITION available=False
2026-05-19 15:48:22 | INFO | Slot: time=08:03 am status=08:03 AM 10TH TEE - COMPETITION TOBIN, GEOFF 6 DAY CONROY, BILL 6 DAY HUNT, RAYMOND 6 DAY MOLONEY, BRENDAN 6 DAY available=False
2026-05-19 15:48:22 | INFO | Slot: time=08:03 am status=08:03 AM 10TH TEE - COMPETITION available=False
2026-05-19 15:48:22 | INFO | Slot: time=08:11 am status=08:11 AM 10TH TEE - COMPETITION ARMSTRONG, JOHN 7 DAY MULGREW, SIMON 6 DAY QUINLAN, ANTHONY 7 DAY JHOTY, JOE 7 DAY available=False
2026-05-19 15:48:22 | INFO | Slot: time=08:11 am status=08:11 AM 10TH TEE - COMPETITION available=False
2026-05-19 15:48:22 | INFO | Slot: time=08:19 am status=08:19 AM 10TH TEE - COMPETITION MCCARTHY, LEO 6 DAY SMITH, BRIAN 7 DAY GROOM, CHRIS 6 DAY HARRINGTON, BRETT 6 DAY available=False
2026-05-19 15:48:22 | INFO | Slot: time=08:19 am status=08:19 AM 10TH TEE - COMPETITION available=False
2026-05-19 15:48:22 | INFO | Slot: time=08:27 am status=08:27 AM 10TH TEE - COMPETITION ISHERWOOD, CHRIS 7 DAY PETRYSHYN, ARTUR YOUNG ADULT 26-30 VRSELJA, DANIEL 7 DAY MCINTYRE available=False
2026-05-19 15:48:22 | INFO | Slot: time=08:27 am status=08:27 AM 10TH TEE - COMPETITION available=False
2026-05-19 15:48:22 | INFO | Slot: time=08:35 am status=BOOK GROUP available=True
2026-05-19 15:48:22 | INFO | Slot: time=08:43 am status=BOOK GROUP available=True
2026-05-19 15:48:22 | INFO | Slot: time=08:51 am status=08:51 AM 10TH TEE - COMPETITION VOCALE, BEN 7 DAY MUNTONI, PIERO 7 DAY NORTON, JOCK 6 DAY CHOW, OLIVER 7 DAY available=False
2026-05-19 15:48:22 | INFO | Slot: time=08:51 am status=08:51 AM 10TH TEE - COMPETITION available=False
2026-05-19 15:48:22 | INFO | Slot: time=08:59 am status=08:59 AM 10TH TEE - COMPETITION OLOFSSON, CHRISTER 6 DAY PRESLAND, MICHAEL 7 DAY RYDER, LAURENCE 6 DAY ANTEQUERA, DAVID  available=False
2026-05-19 15:48:22 | INFO | Slot: time=08:59 am status=08:59 AM 10TH TEE - COMPETITION available=False
2026-05-19 15:48:22 | INFO | Slot: time=11:33 am status=11:33 AM 1ST TEE - COMPETITION CARROLL, PHILLIP 7 DAY GRIGGS, MICHAEL 7 DAY CAPECI, VINCE 7 DAY MEREDITH, BRIAN 7 DAY 11 available=False
2026-05-19 15:48:22 | INFO | Slot: time=11:33 am status=11:33 AM 1ST TEE - COMPETITION CARROLL, PHILLIP 7 DAY GRIGGS, MICHAEL 7 DAY CAPECI, VINCE 7 DAY MEREDITH, BRIAN 7 DAY available=False
2026-05-19 15:48:22 | INFO | Slot: time=11:33 am status=11:33 AM 1ST TEE - COMPETITION available=False
2026-05-19 15:48:22 | INFO | Slot: time=11:41 am status=11:41 AM 1ST TEE - COMPETITION BROCCHI, GLENN 7 DAY ITALIA, J P 7 DAY PARKER, CRAIG 6 DAY EMERY, MICHAEL 7 DAY available=False
2026-05-19 15:48:22 | INFO | Slot: time=11:41 am status=11:41 AM 1ST TEE - COMPETITION available=False
2026-05-19 15:48:22 | INFO | Slot: time=11:49 am status=11:49 AM 1ST TEE - COMPETITION MOTT, FRANCIS 7 DAY BLACK, PETER 7 DAY MCCARTIN, LEO 7 DAY SCARPA, SIMON 6 DAY available=False
2026-05-19 15:48:22 | INFO | Slot: time=11:49 am status=11:49 AM 1ST TEE - COMPETITION available=False
2026-05-19 15:48:22 | INFO | Slot: time=11:57 am status=11:57 AM 1ST TEE - COMPETITION RIEMER, HELMUT 6 DAY DRUMMOND, GRAEME 7 DAY MOSS, IAN 6 DAY MCSPEERIN, JASON 6 DAY available=False
2026-05-19 15:48:22 | INFO | Slot: time=11:57 am status=11:57 AM 1ST TEE - COMPETITION available=False
2026-05-19 15:48:22 | INFO | Slot: time=12:05 pm status=12:05 PM 1ST TEE - COMPETITION STANDFIELD, GRANT 6 DAY WILSON, PETER 6 DAY MOON, GRAEME 7 DAY JUKES, CHRIS 7 DAY available=False
2026-05-19 15:48:22 | INFO | Slot: time=12:05 pm status=12:05 PM 1ST TEE - COMPETITION available=False
2026-05-19 15:48:22 | INFO | Slot: time=12:13 pm status=12:13 PM 1ST TEE - COMPETITION SHEEDY, PAUL 7 DAY BAKER, GRAEME 6 DAY FURLONG, GEOFFREY 6 DAY MONAGHAN, PETER 6 DAY available=False
2026-05-19 15:48:22 | INFO | Slot: time=12:13 pm status=12:13 PM 1ST TEE - COMPETITION available=False
2026-05-19 15:48:22 | INFO | Slot: time=12:21 pm status=12:21 PM 1ST TEE - COMPETITION EFREMOV, BILL 6 DAY X2 GREAVES, PAUL 6 DAY TZAROS, THEO 6 DAY SHARWOOD, PAUL 6 DAY available=False
2026-05-19 15:48:22 | INFO | Slot: time=12:21 pm status=12:21 PM 1ST TEE - COMPETITION available=False
2026-05-19 15:48:22 | INFO | Slot: time=12:29 pm status=12:29 PM 1ST TEE - COMPETITION LEECH, LEON 7 DAY RIGHTON, RUSSELL 7 DAY VEALE, DAVID 7 DAY CLAYTON, WAYNE 7 DAY available=False
2026-05-19 15:48:22 | INFO | Slot: time=12:29 pm status=12:29 PM 1ST TEE - COMPETITION available=False
2026-05-19 15:48:22 | INFO | Slot: time=12:37 pm status=12:37 PM 1ST TEE - COMPETITION SMITH, PETER 7 DAY DIXON, PAUL 6 DAY DIXON, REUBEN 6 DAY MAHONEY, MICHAEL 6 DAY available=False
2026-05-19 15:48:22 | INFO | Slot: time=12:37 pm status=12:37 PM 1ST TEE - COMPETITION available=False
2026-05-19 15:48:22 | INFO | Slot: time=12:45 pm status=12:45 PM 1ST TEE - COMPETITION ARENA, SAM 6 DAY MEEHAN-LAURINS, ZENTIS JUNIORS 19-20 PALLISCO, JOHN 6 DAY PATTI, COSIMO  available=False
2026-05-19 15:48:22 | INFO | Slot: time=12:45 pm status=12:45 PM 1ST TEE - COMPETITION available=False
2026-05-19 15:48:22 | INFO | Slot: time=12:53 pm status=12:53 PM 1ST TEE - COMPETITION BERRY, CRAIG 7 DAY MCCANN, PAUL 7 DAY RICHARDSON, KEVIN 7 DAY CONSTABLE, PHILIP 7 DAY available=False
2026-05-19 15:48:22 | INFO | Slot: time=12:53 pm status=12:53 PM 1ST TEE - COMPETITION available=False
2026-05-19 15:48:22 | INFO | Slot: time=01:01 pm status=01:01 PM 1ST TEE - COMPETITION ABRAHAM, TERRY 7 DAY SCULLY, CON 7 DAY GACESA, ROBERT 7 DAY ABBOUCHI, NAZIH 7 DAY available=False
2026-05-19 15:48:22 | INFO | Slot: time=01:01 pm status=01:01 PM 1ST TEE - COMPETITION available=False
2026-05-19 15:48:22 | INFO | Slot: time=01:09 pm status=01:09 PM 1ST TEE - COMPETITION GORMAN, PETER 6 DAY RANDLES, PETER 6 DAY BLOOD, PETER 6 DAY O'KEEFE, NEIL COUNTRY available=False
2026-05-19 15:48:22 | INFO | Slot: time=01:09 pm status=01:09 PM 1ST TEE - COMPETITION available=False
2026-05-19 15:48:22 | INFO | Slot: time=11:33 am status=BOOK GROUP available=True
2026-05-19 15:48:22 | INFO | Slot: time=11:33 am status=11:33 AM 10TH TEE - COMPETITION CIABOTTI, ANTHONY 6 DAY LEMMO, JOHN 6 DAY LEYDEN, MICK 6 DAY MOORE, IAN 7 DAY available=False
2026-05-19 15:48:22 | INFO | Slot: time=11:33 am status=11:33 AM 10TH TEE - COMPETITION available=False
2026-05-19 15:48:22 | INFO | Slot: time=11:41 am status=11:41 AM 10TH TEE - COMPETITION SCARPA, JOE 6 DAY SEBASTIANO, GABRIEL 6 DAY DEL GUIDICE, NICHOLAS 6 DAY OLIVIERI, SILVIO available=False
2026-05-19 15:48:22 | INFO | Slot: time=11:41 am status=11:41 AM 10TH TEE - COMPETITION available=False
2026-05-19 15:48:22 | INFO | Slot: time=11:49 am status=11:49 AM 10TH TEE - COMPETITION RONNE, PETER 6 DAY FISICARO, JOE 6 DAY MANOVELLA, ANTHONY 6 DAY SILVIO, MARIO 7 DAY available=False
2026-05-19 15:48:22 | INFO | Slot: time=11:49 am status=11:49 AM 10TH TEE - COMPETITION available=False
2026-05-19 15:48:22 | INFO | Slot: time=11:57 am status=11:57 AM 10TH TEE - COMPETITION GILBERTSON, KEN 7 DAY CLINCH, BERNIE 7 DAY FORSTER, PETER 7 DAY DRAKE, PAUL 7 DAY available=False
2026-05-19 15:48:22 | INFO | Slot: time=11:57 am status=11:57 AM 10TH TEE - COMPETITION available=False
2026-05-19 15:48:22 | INFO | Slot: time=12:05 pm status=12:05 PM 10TH TEE - COMPETITION FARAJ, JOSEPH YOUNG ADULT 26-30 CARLTON, PATRICK JUNIORS 17-18 JOB, FABIAN 7 DAY FITOS,  available=False
2026-05-19 15:48:22 | INFO | Slot: time=12:05 pm status=12:05 PM 10TH TEE - COMPETITION available=False
2026-05-19 15:48:22 | INFO | Slot: time=12:13 pm status=12:13 PM 10TH TEE - COMPETITION GOODEAR, PAUL 6 DAY MARSTON, JASON 6 DAY EVANS, TERRY 6 DAY FRASER, CHRISTOPHER 6 DAY available=False
2026-05-19 15:48:22 | INFO | Slot: time=12:13 pm status=12:13 PM 10TH TEE - COMPETITION available=False
2026-05-19 15:48:22 | INFO | Slot: time=12:21 pm status=12:21 PM 10TH TEE - COMPETITION BURGESS, ANNE 7 DAY MONKCOM, BRAD 7 DAY LANE, PHILIP 7 DAY BURGESS, BENJAMIN VISITOR - B available=False
2026-05-19 15:48:22 | INFO | Slot: time=12:21 pm status=12:21 PM 10TH TEE - COMPETITION available=False
2026-05-19 15:48:22 | INFO | Slot: time=12:29 pm status=12:29 PM 10TH TEE - COMPETITION MOONEY, MARK 6 DAY GAVAGHAN, TONY 6 DAY KERR, ALLAN 6 DAY ROBSON, RICHARD 6 DAY available=False
2026-05-19 15:48:22 | INFO | Slot: time=12:29 pm status=12:29 PM 10TH TEE - COMPETITION available=False
2026-05-19 15:48:22 | INFO | Slot: time=12:37 pm status=12:37 PM 10TH TEE - COMPETITION CARNELI, SAM 6 DAY CARNELI, TONY 6 DAY FORMICA, JOE 6 DAY COMPAGNINO, PAUL 6 DAY available=False
2026-05-19 15:48:22 | INFO | Slot: time=12:37 pm status=12:37 PM 10TH TEE - COMPETITION available=False
2026-05-19 15:48:22 | INFO | Slot: time=12:45 pm status=12:45 PM 10TH TEE - COMPETITION CADIGAN, STEPHEN 7 DAY BLYTH, ROGER 7 DAY JOHNS, NEIL 7 DAY CHAMPION, PETER 7 DAY available=False
2026-05-19 15:48:22 | INFO | Slot: time=12:45 pm status=12:45 PM 10TH TEE - COMPETITION available=False
2026-05-19 15:48:22 | INFO | Slot: time=12:53 pm status=12:53 PM 10TH TEE - COMPETITION YARNTON, PAUL 6 DAY LACY, DENNIS 6 DAY CLEMENTS, MARTIN 6 DAY WATTERSON, BRIAN SPECIAL 5 available=False
2026-05-19 15:48:22 | INFO | Slot: time=12:53 pm status=12:53 PM 10TH TEE - COMPETITION available=False
2026-05-19 15:48:22 | INFO | Slot: time=01:01 pm status=01:01 PM 10TH TEE - COMPETITION BOURKE, DANIEL 6 DAY WILSON, STEPHEN 7 DAY GUINAN, GERARD 7 DAY GAY, JACK 7 DAY available=False
2026-05-19 15:48:22 | INFO | Slot: time=01:01 pm status=01:01 PM 10TH TEE - COMPETITION available=False
2026-05-19 15:48:22 | INFO | Slot: time=01:09 pm status=BOOK GROUP available=True
2026-05-19 15:48:22 | INFO | Slot: time=03:45 pm status=BOOK GROUP available=True
2026-05-19 15:48:22 | INFO | Slot: time=04:17 pm status=BOOK GROUP available=True
2026-05-19 15:48:22 | INFO | Slot: time=04:25 pm status=BOOK GROUP available=True
2026-05-19 15:48:22 | INFO | Slot: time=04:33 pm status=BOOK GROUP available=True
2026-05-19 15:48:22 | INFO | Slot: time=04:41 pm status=BOOK GROUP available=True
2026-05-19 15:48:22 | INFO | Slot: time=04:49 pm status=BOOK GROUP available=True
2026-05-19 15:48:22 | INFO | Slot: time=04:57 pm status=BOOK GROUP available=True
2026-05-19 15:48:22 | INFO | Slot: time=05:05 pm status=BOOK GROUP available=True
2026-05-19 15:48:22 | INFO | Slot: time=05:13 pm status=BOOK GROUP available=True
2026-05-19 15:48:22 | INFO | Slot: time=03:53 pm status=BOOK GROUP available=True
2026-05-19 15:48:22 | INFO | Slot: time=04:01 pm status=BOOK GROUP available=True
2026-05-19 15:48:22 | INFO | Slot: time=04:09 pm status=BOOK GROUP available=True
2026-05-19 15:48:22 | INFO | STATE => BOOK_FIRST_AVAILABLE
2026-05-19 15:48:22 | INFO | Found 23 eligible BOOK GROUP slots. Attempting bookings sequentially...
2026-05-19 15:48:22 | INFO | [1/23] Attempting to book slot: 07:15 am (BOOK GROUP)
2026-05-19 15:48:31 | INFO | No Playing Partners modal detected.
2026-05-19 15:48:31 | INFO | Successfully initiated booking flow for slot 07:15 am
2026-05-19 15:48:31 | INFO | STATE => CONFIRM_BOOKING
2026-05-19 15:48:33 | INFO | Saved screenshot: screenshots/20260519_104833_451768_pre_confirm_page.png
2026-05-19 15:48:33 | INFO | Confirm Booking button found: tag=button
2026-05-19 15:48:34 | INFO | Clicked Confirm Booking
2026-05-19 15:48:34 | INFO | STATE => VERIFY_SUCCESS
2026-05-19 15:48:39 | INFO | Verifying success. Current URL: https://northern.miclub.com.au/members/bookings/open/event.msp?booking_event_id=22475261&booking_resource_id=3000000&focus=22607033
2026-05-19 15:48:39 | INFO | Success! Detected booking redirect URL: https://northern.miclub.com.au/members/bookings/open/event.msp?booking_event_id=22475261&booking_resource_id=3000000&focus=22607033
2026-05-19 15:48:39 | INFO | BOOKING SECURED for Event 2: Slot 07:15 am!
2026-05-19 15:48:39 | INFO | STATE => RETURN_TO_EVENT_LIST
2026-05-19 15:48:39 | INFO | Returning to event list URL: https://northern.miclub.com.au/views/members/booking/eventList.xhtml
2026-05-19 15:48:49 | INFO | Processing OPEN event 3 of 8
2026-05-19 15:48:49 | INFO | STATE => OPEN_EVENT
2026-05-19 15:48:49 | INFO | Navigating into open event index 2: OPEN
2026-05-19 15:48:57 | INFO | Event tee sheet opened
2026-05-19 15:48:57 | INFO | STATE => COLLECT_TEE_ROWS
2026-05-19 15:49:04 | INFO | Discovered 99 candidate slots
2026-05-19 15:49:04 | INFO | Slot: time=08:02 am status=BOOK GROUP available=True
2026-05-19 15:49:04 | INFO | Slot: time=08:02 am status=08:02 AM 1ST - WOMEN'S COMP CLEMENTS, DEB 5 DAY FORSTER, JEN 5 DAY HIRCOE, RHONDA 5 DAY PLOZZA, HELENE 5 DAY available=False
2026-05-19 15:49:04 | INFO | Slot: time=08:02 am status=08:02 AM 1ST - WOMEN'S COMP available=False
2026-05-19 15:49:04 | INFO | Slot: time=08:10 am status=08:10 AM 1ST - WOMEN'S COMP DAVIES, DEIDRE 5 DAY KEYS, DEBBIE 5 DAY MALCOLM, KYLIE 5 DAY CORBETT, JULIE 6 DAY available=False
2026-05-19 15:49:04 | INFO | Slot: time=08:10 am status=08:10 AM 1ST - WOMEN'S COMP available=False
2026-05-19 15:49:04 | INFO | Slot: time=08:18 am status=08:18 AM 1ST - WOMEN'S COMP JONES, ANNIE 5 DAY GRIEVE, SANDRA 7 DAY BOYER, JULIE 5 DAY BISHOP, KATHRYN 5 DAY available=False
2026-05-19 15:49:04 | INFO | Slot: time=08:18 am status=08:18 AM 1ST - WOMEN'S COMP available=False
2026-05-19 15:49:04 | INFO | Slot: time=08:26 am status=08:26 AM 1ST - WOMEN'S COMP SPAIN, LEANNE 5 DAY VANO, LUCIE 7 DAY NGUYEN, RUTH 6 DAY WILLIAMS, JANETTE 5 DAY available=False
2026-05-19 15:49:04 | INFO | Slot: time=08:26 am status=08:26 AM 1ST - WOMEN'S COMP available=False
2026-05-19 15:49:04 | INFO | Slot: time=08:34 am status=08:34 AM 1ST - WOMEN'S COMP JUDD, AMANDA 5 DAY KEELAN, LOUISE 5 DAY DEASON, SUSAN 5 DAY BACKERRA, YVONNE 5 DAY available=False
2026-05-19 15:49:04 | INFO | Slot: time=08:34 am status=08:34 AM 1ST - WOMEN'S COMP available=False
2026-05-19 15:49:04 | INFO | Slot: time=08:42 am status=08:42 AM 1ST - WOMEN'S COMP VEALE, SHARON 5 DAY CHURCH, GLENIS 5 DAY RANDLES, MARGARET 5 DAY SHAW, LESLEY 5 DAY available=False
2026-05-19 15:49:04 | INFO | Slot: time=08:42 am status=08:42 AM 1ST - WOMEN'S COMP available=False
2026-05-19 15:49:04 | INFO | Slot: time=08:50 am status=08:50 AM 1ST - WOMEN'S COMP GORMAN, JUDITH 5 DAY O'HALLORAN, JAKI 5 DAY CULAKOVSKI, BARBARA 5 DAY CHRYSTIE, LOUISE 5 DAY available=False
2026-05-19 15:49:04 | INFO | Slot: time=08:50 am status=08:50 AM 1ST - WOMEN'S COMP available=False
2026-05-19 15:49:04 | INFO | Slot: time=08:58 am status=BOOK GROUP available=True
2026-05-19 15:49:04 | INFO | Slot: time=UNKNOWN status=BOOK GROUP available=True
2026-05-19 15:49:04 | INFO | Slot: time=09:06 am status=09:06 AM 1ST - 9 HOLES WOMEN'S 9 ALMOND, USHA NINE HOLE MCFARLANE, MARENA NINE HOLE CONLAN, JUDI 5 DAY HOERGER, MICHELLE available=False
2026-05-19 15:49:04 | INFO | Slot: time=09:06 am status=09:06 AM 1ST - 9 HOLES WOMEN'S 9 available=False
2026-05-19 15:49:04 | INFO | Slot: time=09:14 am status=09:14 AM 1ST - 9 HOLES WOMEN'S 9 WILKINSON, JAN SPECIAL 5.12 HILL, KAY 5 DAY KEATING, ELAINE 5 DAY GIBSON, FRANCES SPECI available=False
2026-05-19 15:49:04 | INFO | Slot: time=09:14 am status=09:14 AM 1ST - 9 HOLES WOMEN'S 9 available=False
2026-05-19 15:49:04 | INFO | Slot: time=09:22 am status=09:22 AM 1ST - 9 HOLES WOMEN'S 9 RAMALINGAM, SHEKILA NINE HOLE RAMALINGAM, SHAMINI NINE HOLE RAMALINGAM, SHAMALA NINE HO available=False
2026-05-19 15:49:04 | INFO | Slot: time=09:22 am status=09:22 AM 1ST - 9 HOLES WOMEN'S 9 available=False
2026-05-19 15:49:04 | INFO | Slot: time=09:30 am status=09:30 AM 1ST - 9 HOLES WOMEN'S 9 KODI, MEL NINE HOLE ROONEY, MARISA NINE HOLE ROBINSON, JOAN NINE HOLE REDMAN, GAIL 5 DA available=False
2026-05-19 15:49:04 | INFO | Slot: time=09:30 am status=09:30 AM 1ST - 9 HOLES WOMEN'S 9 available=False
2026-05-19 15:49:04 | INFO | Slot: time=09:38 am status=09:38 AM 1ST - 9 HOLES WOMEN'S 9 URQUHART, SHARON 6 DAY MCDONALD, MARIE NINE HOLE MURTAGH, KERRI NINE HOLE VILLANI, RAFF available=False
2026-05-19 15:49:04 | INFO | Slot: time=09:38 am status=09:38 AM 1ST - 9 HOLES WOMEN'S 9 available=False
2026-05-19 15:49:04 | INFO | Slot: time=09:46 am status=09:46 AM 1ST - 9 HOLES WOMEN'S 9 MITCHELL, PAULA 5 DAY FRATER, ROBIN 5 DAY WHITE, CAROL 5 DAY CHIN, ANNA NINE HOLE available=False
2026-05-19 15:49:04 | INFO | Slot: time=09:46 am status=09:46 AM 1ST - 9 HOLES WOMEN'S 9 available=False
2026-05-19 15:49:04 | INFO | Slot: time=08:02 am status=08:02 AM 10TH - WOMEN'S COMP TEMPLAR, HEATHER 5 DAY RYAN, JOY 5 DAY HUNT, ANNABEL 5 DAY BOULTON, JAN 5 DAY available=False
2026-05-19 15:49:04 | INFO | Slot: time=08:02 am status=08:02 AM 10TH - WOMEN'S COMP available=False
2026-05-19 15:49:04 | INFO | Slot: time=08:10 am status=08:10 AM 10TH - WOMEN'S COMP HILL, JENNIE 6 DAY HAY, JUDY 5 DAY CURLEY, JOY 5 DAY HEWAT, NORMA 5 DAY available=False
2026-05-19 15:49:04 | INFO | Slot: time=08:10 am status=08:10 AM 10TH - WOMEN'S COMP available=False
2026-05-19 15:49:04 | INFO | Slot: time=08:18 am status=08:18 AM 10TH - WOMEN'S COMP ANDRZEJEWSKI, BISERKA 5 DAY FINCH, CHRISTINE 5 DAY HARRISON, AMANDA 5 DAY LIU, RONG 6 DAY available=False
2026-05-19 15:49:04 | INFO | Slot: time=08:18 am status=08:18 AM 10TH - WOMEN'S COMP available=False
2026-05-19 15:49:04 | INFO | Slot: time=08:26 am status=08:26 AM 10TH - WOMEN'S COMP WOOD, SARAH 5 DAY SCHULZ, CARLA 7 DAY CUCANIC, BRYLEE 7 DAY MOLONEY, HELEN 5 DAY available=False
2026-05-19 15:49:04 | INFO | Slot: time=08:26 am status=08:26 AM 10TH - WOMEN'S COMP available=False
2026-05-19 15:49:04 | INFO | Slot: time=08:34 am status=08:34 AM 10TH - WOMEN'S COMP KIRKHAM, LYN 5 DAY GILLIN, JENNY 5 DAY BROOKS, JENNY 5 DAY LAWSON, ELIZABETH 5 DAY available=False
2026-05-19 15:49:04 | INFO | Slot: time=08:34 am status=08:34 AM 10TH - WOMEN'S COMP available=False
2026-05-19 15:49:04 | INFO | Slot: time=08:42 am status=08:42 AM 10TH - WOMEN'S COMP HAYES, JAN 5 DAY GALTIERI, LEEANNE 5 DAY PORTER, RAGNA 5 DAY MOYLAN, ANGELA 5 DAY available=False
2026-05-19 15:49:04 | INFO | Slot: time=08:42 am status=08:42 AM 10TH - WOMEN'S COMP available=False
2026-05-19 15:49:04 | INFO | Slot: time=08:50 am status=08:50 AM 10TH - WOMEN'S COMP SIMPSON, CHRISTINE 5 DAY GRAHAM, NOLA 5 DAY BYRNES, NOELENE 5 DAY WARTON, BERNADETTE 6 DAY available=False
2026-05-19 15:49:04 | INFO | Slot: time=08:50 am status=08:50 AM 10TH - WOMEN'S COMP available=False
2026-05-19 15:49:04 | INFO | Slot: time=08:58 am status=08:58 AM 10TH - WOMEN'S COMP WALKER, MARY 5 DAY WILLIAMS, JANINE 5 DAY ROBSON, CHRISTINE 5 DAY NIGHTINGALE, ALLISON 5 DA available=False
2026-05-19 15:49:04 | INFO | Slot: time=08:58 am status=08:58 AM 10TH - WOMEN'S COMP available=False
2026-05-19 15:49:04 | INFO | Slot: time=09:06 am status=BOOK GROUP available=True
2026-05-19 15:49:04 | INFO | Slot: time=09:14 am status=BOOK GROUP available=True
2026-05-19 15:49:04 | INFO | Slot: time=09:22 am status=BOOK GROUP available=True
2026-05-19 15:49:04 | INFO | Slot: time=09:30 am status=BOOK GROUP available=True
2026-05-19 15:49:04 | INFO | Slot: time=09:38 am status=09:38 AM 10TH - WOMEN'S COMP TABONE, DONNA 5 DAY MCDONOUGH, ANDREA 5 DAY BAKKER, JEANETTE 5 DAY VILLANI, ANGELA 5 DAY available=False
2026-05-19 15:49:04 | INFO | Slot: time=09:38 am status=09:38 AM 10TH - WOMEN'S COMP available=False
2026-05-19 15:49:04 | INFO | Slot: time=09:46 am status=09:46 AM 10TH - WOMEN'S COMP QUINTON, CELESTE 5 DAY SHEEDY, LIBBY 5 DAY MATCHPLAY MATCHPLAY available=False
2026-05-19 15:49:04 | INFO | Slot: time=09:46 am status=09:46 AM 10TH - WOMEN'S COMP available=False
2026-05-19 15:49:04 | INFO | Slot: time=12:00 pm status=BOOK GROUP available=True
2026-05-19 15:49:04 | INFO | Slot: time=12:00 pm status=12:00 PM 1ST TEE 9 /18 MOORE, IAN 7 DAY RYAN, STEPHEN 5 DAY TEMPLE, ADAM 5 DAY KERR, NICHOLAS 6 DAY available=False
2026-05-19 15:49:04 | INFO | Slot: time=12:00 pm status=12:00 PM 1ST TEE 9 /18 available=False
2026-05-19 15:49:04 | INFO | Slot: time=12:08 pm status=12:08 PM 1ST TEE 9 /18 CRISAPULLI, VINCE 5 DAY GALTIERI, VINCE 6 DAY CARLISLE, JOHN 5 DAY LANE, PHILIP 7 DAY available=False
2026-05-19 15:49:04 | INFO | Slot: time=12:08 pm status=12:08 PM 1ST TEE 9 /18 available=False
2026-05-19 15:49:04 | INFO | Slot: time=12:16 pm status=12:16 PM 1ST TEE 9 /18 INNER NORTH WEST INNER NORTH WEST INNER NORTH WEST INNER NORTH WEST available=False
2026-05-19 15:49:04 | INFO | Slot: time=12:16 pm status=12:16 PM 1ST TEE 9 /18 available=False
2026-05-19 15:49:04 | INFO | Slot: time=12:24 pm status=12:24 PM 1ST TEE 9 /18 INNER NORTH WEST INNER NORTH WEST INNER NORTH WEST INNER NORTH WEST available=False
2026-05-19 15:49:04 | INFO | Slot: time=12:24 pm status=12:24 PM 1ST TEE 9 /18 available=False
2026-05-19 15:49:04 | INFO | Slot: time=12:32 pm status=BOOK GROUP available=True
2026-05-19 15:49:04 | INFO | Slot: time=12:40 pm status=12:40 PM 1ST TEE 9 /18 TURNER, COLIN SPECIAL 5.12 MARCHESI, PETER 6 DAY CHAPMAN, GREG NINE HOLE SCARMOZZINO, JOSEPH NINE available=False
2026-05-19 15:49:04 | INFO | Slot: time=12:40 pm status=12:40 PM 1ST TEE 9 /18 available=False
2026-05-19 15:49:04 | INFO | Slot: time=12:48 pm status=BOOK GROUP available=True
2026-05-19 15:49:04 | INFO | Slot: time=12:56 pm status=BOOK GROUP available=True
2026-05-19 15:49:04 | INFO | Slot: time=01:04 pm status=BOOK GROUP available=True
2026-05-19 15:49:04 | INFO | Slot: time=01:12 pm status=01:12 PM 1ST TEE 9 /18 LARGE, KEVIN SPECIAL 5.12 CONNORS, TERRY 7 DAY SAUNDERS, RAYMOND 5 DAY ELLIOT, NEVILLE 5 DAY available=False
2026-05-19 15:49:04 | INFO | Slot: time=01:12 pm status=01:12 PM 1ST TEE 9 /18 available=False
2026-05-19 15:49:04 | INFO | Slot: time=01:20 pm status=BOOK GROUP available=True
2026-05-19 15:49:04 | INFO | Slot: time=01:28 pm status=BOOK GROUP available=True
2026-05-19 15:49:04 | INFO | Slot: time=01:36 pm status=BOOK GROUP available=True
2026-05-19 15:49:04 | INFO | Slot: time=01:44 pm status=BOOK GROUP available=True
2026-05-19 15:49:04 | INFO | Slot: time=01:52 pm status=BOOK GROUP available=True
2026-05-19 15:49:04 | INFO | Slot: time=02:00 pm status=BOOK GROUP available=True
2026-05-19 15:49:04 | INFO | Slot: time=02:08 pm status=BOOK GROUP available=True
2026-05-19 15:49:04 | INFO | Slot: time=02:16 pm status=BOOK GROUP available=True
2026-05-19 15:49:04 | INFO | Slot: time=02:24 pm status=BOOK GROUP available=True
2026-05-19 15:49:04 | INFO | Slot: time=02:32 pm status=BOOK GROUP available=True
2026-05-19 15:49:04 | INFO | Slot: time=02:40 pm status=BOOK GROUP available=True
2026-05-19 15:49:04 | INFO | Slot: time=02:48 pm status=BOOK GROUP available=True
2026-05-19 15:49:04 | INFO | Slot: time=02:56 pm status=BOOK GROUP available=True
2026-05-19 15:49:04 | INFO | Slot: time=03:04 pm status=BOOK GROUP available=True
2026-05-19 15:49:04 | INFO | Slot: time=03:12 pm status=BOOK GROUP available=True
2026-05-19 15:49:04 | INFO | Slot: time=04:48 pm status=BOOK GROUP available=True
2026-05-19 15:49:04 | INFO | Slot: time=04:56 pm status=BOOK GROUP available=True
2026-05-19 15:49:04 | INFO | Slot: time=05:04 pm status=BOOK GROUP available=True
2026-05-19 15:49:04 | INFO | Slot: time=05:12 pm status=BOOK GROUP available=True
2026-05-19 15:49:04 | INFO | Slot: time=05:20 pm status=BOOK GROUP available=True
2026-05-19 15:49:04 | INFO | Slot: time=05:28 pm status=BOOK GROUP available=True
2026-05-19 15:49:04 | INFO | Slot: time=05:36 pm status=BOOK GROUP available=True
2026-05-19 15:49:04 | INFO | Slot: time=05:44 pm status=BOOK GROUP available=True
2026-05-19 15:49:04 | INFO | Slot: time=05:52 pm status=BOOK GROUP available=True
2026-05-19 15:49:04 | INFO | Slot: time=06:00 pm status=BOOK GROUP available=True
2026-05-19 15:49:04 | INFO | Slot: time=06:08 pm status=BOOK GROUP available=True
2026-05-19 15:49:04 | INFO | Slot: time=06:16 pm status=BOOK GROUP available=True
2026-05-19 15:49:04 | INFO | Slot: time=06:24 pm status=BOOK GROUP available=True
2026-05-19 15:49:04 | INFO | Slot: time=06:32 pm status=BOOK GROUP available=True
2026-05-19 15:49:04 | INFO | STATE => BOOK_FIRST_AVAILABLE
2026-05-19 15:49:04 | INFO | Found 41 eligible BOOK GROUP slots. Attempting bookings sequentially...
2026-05-19 15:49:04 | INFO | [1/41] Attempting to book slot: 08:02 am (BOOK GROUP)
2026-05-19 15:49:06 | WARNING | Browser alert popped up: This booking time has already been booked.  The bookings will be shown the next time this page is refreshed.
2026-05-19 15:49:06 | INFO | Slot 08:02 am is already booked, attempting next slot...
2026-05-19 15:49:06 | INFO | [2/41] Attempting to book slot: 08:58 am (BOOK GROUP)
2026-05-19 15:49:08 | INFO | Playing Partners modal detected. Clicking 'No'.
2026-05-19 15:49:14 | INFO | Successfully initiated booking flow for slot 08:58 am
2026-05-19 15:49:14 | INFO | STATE => CONFIRM_BOOKING
2026-05-19 15:49:16 | INFO | Saved screenshot: screenshots/20260519_104916_704792_pre_confirm_page.png
2026-05-19 15:49:16 | INFO | Confirm Booking button found: tag=button
2026-05-19 15:49:17 | INFO | Clicked Confirm Booking
2026-05-19 15:49:17 | INFO | STATE => VERIFY_SUCCESS
2026-05-19 15:49:19 | INFO | Verifying success. Current URL: https://northern.miclub.com.au/views/members/booking/makebooking.xhtml?booking_row_id=22606861&compactview=false&fillwithpartners=undefined
2026-05-19 15:49:27 | INFO | No explicit success banner found, but using post-click page state as verification
2026-05-19 15:49:27 | INFO | BOOKING SECURED for Event 3: Slot 08:58 am!
2026-05-19 15:49:27 | INFO | STATE => RETURN_TO_EVENT_LIST
2026-05-19 15:49:27 | INFO | Returning to event list URL: https://northern.miclub.com.au/views/members/booking/eventList.xhtml
2026-05-19 15:49:38 | INFO | Processing OPEN event 4 of 8
2026-05-19 15:49:38 | INFO | STATE => OPEN_EVENT
2026-05-19 15:49:38 | INFO | Navigating into open event index 3: OPEN
2026-05-19 15:49:46 | INFO | Event tee sheet opened
2026-05-19 15:49:46 | INFO | STATE => COLLECT_TEE_ROWS
2026-05-19 15:49:56 | INFO | Discovered 107 candidate slots
2026-05-19 15:49:56 | INFO | Slot: time=07:07 am status=BOOK GROUP available=True
2026-05-19 15:49:56 | INFO | Slot: time=UNKNOWN status=BOOK GROUP available=True
2026-05-19 15:49:56 | INFO | Slot: time=07:15 am status=BOOK GROUP available=True
2026-05-19 15:49:56 | INFO | Slot: time=07:23 am status=07:23 AM COMP/SOCIAL 1ST AM 9 /18 FRIEDMAN, DANIEL 5 DAY CRISCIONE, JOHN 5 DAY MADDOCKS, WARRICK 5 DAY BEZZINA, LEIGH 5  available=False
2026-05-19 15:49:56 | INFO | Slot: time=07:23 am status=07:23 AM COMP/SOCIAL 1ST AM 9 /18 available=False
2026-05-19 15:49:56 | INFO | Slot: time=07:31 am status=BOOK GROUP available=True
2026-05-19 15:49:56 | INFO | Slot: time=07:39 am status=07:39 AM COMP/SOCIAL 1ST AM 9 /18 WHITE, PAUL 5 DAY CULAKOVSKI, SASHA 7 DAY CHRISTIE, NIGEL 5 DAY KING, BRENDON 6 DAY available=False
2026-05-19 15:49:56 | INFO | Slot: time=07:39 am status=07:39 AM COMP/SOCIAL 1ST AM 9 /18 available=False
2026-05-19 15:49:56 | INFO | Slot: time=07:47 am status=07:47 AM COMP/SOCIAL 1ST AM 9 /18 SULLIVAN, MAURICE 5 DAY PERRY, TREVOR 5 DAY SHEEDY, PAUL 7 DAY COGHLAN, ANDREW 5 DAY available=False
2026-05-19 15:49:56 | INFO | Slot: time=07:47 am status=07:47 AM COMP/SOCIAL 1ST AM 9 /18 available=False
2026-05-19 15:49:56 | INFO | Slot: time=07:55 am status=BOOK GROUP available=True
2026-05-19 15:49:56 | INFO | Slot: time=08:03 am status=08:03 AM COMP/SOCIAL 1ST AM 9 /18 MCDONALD, LEIGH 6 DAY FMG FMG FMG available=False
2026-05-19 15:49:56 | INFO | Slot: time=08:03 am status=08:03 AM COMP/SOCIAL 1ST AM 9 /18 available=False
2026-05-19 15:49:56 | INFO | Slot: time=08:11 am status=08:11 AM COMP/SOCIAL 1ST AM 9 /18 KNIGHT, TREVOR 5 DAY FMG FMG FMG available=False
2026-05-19 15:49:56 | INFO | Slot: time=08:11 am status=08:11 AM COMP/SOCIAL 1ST AM 9 /18 available=False
2026-05-19 15:49:56 | INFO | Slot: time=08:19 am status=08:19 AM COMP/SOCIAL 1ST AM 9 /18 FMG FMG FMG FMG available=False
2026-05-19 15:49:56 | INFO | Slot: time=08:19 am status=08:19 AM COMP/SOCIAL 1ST AM 9 /18 available=False
2026-05-19 15:49:56 | INFO | Slot: time=08:27 am status=08:27 AM COMP/SOCIAL 1ST AM 9 /18 FMG FMG FMG FMG available=False
2026-05-19 15:49:56 | INFO | Slot: time=08:27 am status=08:27 AM COMP/SOCIAL 1ST AM 9 /18 available=False
2026-05-19 15:49:56 | INFO | Slot: time=08:35 am status=BOOK GROUP available=True
2026-05-19 15:49:56 | INFO | Slot: time=08:43 am status=08:43 AM COMP/SOCIAL 1ST AM 9 /18 CAVEN, TONY 6 DAY MADDEN, PAUL 6 DAY SUTCLIFFE, LEWIS 6 DAY FROST, KEVIN 7 DAY available=False
2026-05-19 15:49:56 | INFO | Slot: time=08:43 am status=08:43 AM COMP/SOCIAL 1ST AM 9 /18 available=False
2026-05-19 15:49:56 | INFO | Slot: time=08:51 am status=BOOK GROUP available=True
2026-05-19 15:49:56 | INFO | Slot: time=08:59 am status=08:59 AM COMP/SOCIAL 1ST AM 9 /18 PAYNTER, JACK 6 DAY CAMERON, LOUIS 7 DAY COLLIN, EMILY MEMBER GUEST - FUTURE GOLF GAST available=False
2026-05-19 15:49:56 | INFO | Slot: time=08:59 am status=08:59 AM COMP/SOCIAL 1ST AM 9 /18 available=False
2026-05-19 15:49:56 | INFO | Slot: time=09:07 am status=09:07 AM COMP/SOCIAL 1ST AM 9 VINCITORIO, MATT SPECIAL 5.12 FMG FMG FMG available=False
2026-05-19 15:49:56 | INFO | Slot: time=09:07 am status=09:07 AM COMP/SOCIAL 1ST AM 9 available=False
2026-05-19 15:49:56 | INFO | Slot: time=09:15 am status=09:15 AM COMP/SOCIAL 1ST AM 9 FMG FMG FMG FMG available=False
2026-05-19 15:49:56 | INFO | Slot: time=09:15 am status=09:15 AM COMP/SOCIAL 1ST AM 9 available=False
2026-05-19 15:49:56 | INFO | Slot: time=09:23 am status=09:23 AM COMP/SOCIAL 1ST AM 9 FMG FMG FMG FMG available=False
2026-05-19 15:49:56 | INFO | Slot: time=09:23 am status=09:23 AM COMP/SOCIAL 1ST AM 9 available=False
2026-05-19 15:49:56 | INFO | Slot: time=09:31 am status=09:31 AM COMP/SOCIAL 1ST AM 9 FMG FMG FMG FMG available=False
2026-05-19 15:49:56 | INFO | Slot: time=09:31 am status=09:31 AM COMP/SOCIAL 1ST AM 9 available=False
2026-05-19 15:49:56 | INFO | Slot: time=08:03 am status=BOOK GROUP available=True
2026-05-19 15:49:56 | INFO | Slot: time=08:03 am status=08:03 AM COMP/SOCIAL 10TH AM 9 /18 FMG FMG FMG FMG available=False
2026-05-19 15:49:56 | INFO | Slot: time=08:03 am status=08:03 AM COMP/SOCIAL 10TH AM 9 /18 available=False
2026-05-19 15:49:56 | INFO | Slot: time=08:11 am status=08:11 AM COMP/SOCIAL 10TH AM 9 /18 FMG FMG FMG FMG available=False
2026-05-19 15:49:56 | INFO | Slot: time=08:11 am status=08:11 AM COMP/SOCIAL 10TH AM 9 /18 available=False
2026-05-19 15:49:56 | INFO | Slot: time=08:19 am status=08:19 AM COMP/SOCIAL 10TH AM 9 /18 FMG FMG FMG FMG available=False
2026-05-19 15:49:56 | INFO | Slot: time=08:19 am status=08:19 AM COMP/SOCIAL 10TH AM 9 /18 available=False
2026-05-19 15:49:56 | INFO | Slot: time=08:27 am status=08:27 AM COMP/SOCIAL 10TH AM 9 /18 FMG FMG FMG FMG available=False
2026-05-19 15:49:56 | INFO | Slot: time=08:27 am status=08:27 AM COMP/SOCIAL 10TH AM 9 /18 available=False
2026-05-19 15:49:56 | INFO | Slot: time=08:43 am status=BOOK GROUP available=True
2026-05-19 15:49:56 | INFO | Slot: time=08:59 am status=08:59 AM COMP/SOCIAL 10TH AM 9 /18 BRUGALETTA, MANNY SPECIAL 5.12 CRIVELLI, BRUNO SPECIAL 5.12 SCHIRATO, ROBERT SPECIAL  available=False
2026-05-19 15:49:56 | INFO | Slot: time=08:59 am status=08:59 AM COMP/SOCIAL 10TH AM 9 /18 available=False
2026-05-19 15:49:56 | INFO | Slot: time=11:28 am status=BOOK GROUP available=True
2026-05-19 15:49:56 | INFO | Slot: time=11:28 am status=11:28 AM COMP/SOCIAL 1ST PM 9 /18 SARACENO, DOMENIC YOUNG ADULT 21-25 RAIMONDI, CORRADO 6 DAY AQUARO, BENJAMIN 6 DAY DEL available=False
2026-05-19 15:49:56 | INFO | Slot: time=11:28 am status=11:28 AM COMP/SOCIAL 1ST PM 9 /18 available=False
2026-05-19 15:49:56 | INFO | Slot: time=11:36 am status=11:36 AM COMP/SOCIAL 1ST PM 9 /18 JONES, GEOFFREY SPECIAL 5.12 CORSETTI, JOSEPH SPECIAL 5.12 MCINERNEY, CHRIS SPECIAL 5. available=False
2026-05-19 15:49:56 | INFO | Slot: time=11:36 am status=11:36 AM COMP/SOCIAL 1ST PM 9 /18 available=False
2026-05-19 15:49:56 | INFO | Slot: time=11:44 am status=BOOK GROUP available=True
2026-05-19 15:49:56 | INFO | Slot: time=11:52 am status=BOOK GROUP available=True
2026-05-19 15:49:56 | INFO | Slot: time=12:00 pm status=12:00 PM COMP/SOCIAL 1ST PM 9 /18 FRIDAY BOYS FRIDAY BOYS FRIDAY BOYS FRIDAY BOYS available=False
2026-05-19 15:49:56 | INFO | Slot: time=12:00 pm status=12:00 PM COMP/SOCIAL 1ST PM 9 /18 available=False
2026-05-19 15:49:56 | INFO | Slot: time=12:08 pm status=12:08 PM COMP/SOCIAL 1ST PM 9 /18 FRIDAY BOYS FRIDAY BOYS FRIDAY BOYS FRIDAY BOYS available=False
2026-05-19 15:49:56 | INFO | Slot: time=12:08 pm status=12:08 PM COMP/SOCIAL 1ST PM 9 /18 available=False
2026-05-19 15:49:56 | INFO | Slot: time=12:16 pm status=12:16 PM COMP/SOCIAL 1ST PM 9 /18 FRIDAY BOYS FRIDAY BOYS FRIDAY BOYS FRIDAY BOYS available=False
2026-05-19 15:49:56 | INFO | Slot: time=12:16 pm status=12:16 PM COMP/SOCIAL 1ST PM 9 /18 available=False
2026-05-19 15:49:56 | INFO | Slot: time=12:24 pm status=12:24 PM COMP/SOCIAL 1ST PM 9 /18 FRIDAY BOYS FRIDAY BOYS FRIDAY BOYS FRIDAY BOYS available=False
2026-05-19 15:49:56 | INFO | Slot: time=12:24 pm status=12:24 PM COMP/SOCIAL 1ST PM 9 /18 available=False
2026-05-19 15:49:56 | INFO | Slot: time=12:32 pm status=BOOK GROUP available=True
2026-05-19 15:49:56 | INFO | Slot: time=12:40 pm status=12:40 PM COMP/SOCIAL 1ST PM 9 /18 CARLTON, PATRICK JUNIORS 17-18 TARANTELLI, ALESSANDRO JUNIORS 15-16 STEWART, SHANE 7 D available=False
2026-05-19 15:49:56 | INFO | Slot: time=12:40 pm status=12:40 PM COMP/SOCIAL 1ST PM 9 /18 available=False
2026-05-19 15:49:56 | INFO | Slot: time=12:48 pm status=BOOK GROUP available=True
2026-05-19 15:49:56 | INFO | Slot: time=12:56 pm status=BOOK GROUP available=True
2026-05-19 15:49:56 | INFO | Slot: time=01:04 pm status=01:04 PM COMP/SOCIAL 1ST PM 9 /18 ABBOUCHI, NAZIH 7 DAY ABOU - EID, KHALED VISITOR ABOU-EID, ISSAM YOUNG ADULT 26-30 ABO available=False
2026-05-19 15:49:56 | INFO | Slot: time=01:04 pm status=01:04 PM COMP/SOCIAL 1ST PM 9 /18 available=False
2026-05-19 15:49:56 | INFO | Slot: time=01:12 pm status=01:12 PM COMP/SOCIAL 1ST PM 9 /18 WOOD, SARAH 5 DAY MOYLAN, ANGELA 5 DAY MATCHPLAY MATCHPLAY available=False
2026-05-19 15:49:56 | INFO | Slot: time=01:12 pm status=01:12 PM COMP/SOCIAL 1ST PM 9 /18 available=False
2026-05-19 15:49:56 | INFO | Slot: time=11:36 am status=BOOK GROUP available=True
2026-05-19 15:49:56 | INFO | Slot: time=12:00 pm status=12:00 PM COMP/SOCIAL 10TH PM 9 /18 FRIDAY BOYS FRIDAY BOYS FRIDAY BOYS FRIDAY BOYS available=False
2026-05-19 15:49:56 | INFO | Slot: time=12:00 pm status=12:00 PM COMP/SOCIAL 10TH PM 9 /18 available=False
2026-05-19 15:49:56 | INFO | Slot: time=12:08 pm status=12:08 PM COMP/SOCIAL 10TH PM 9 /18 FRIDAY BOYS FRIDAY BOYS FRIDAY BOYS FRIDAY BOYS available=False
2026-05-19 15:49:56 | INFO | Slot: time=12:08 pm status=12:08 PM COMP/SOCIAL 10TH PM 9 /18 available=False
2026-05-19 15:49:56 | INFO | Slot: time=12:16 pm status=12:16 PM COMP/SOCIAL 10TH PM 9 /18 FRIDAY BOYS FRIDAY BOYS FRIDAY BOYS FRIDAY BOYS available=False
2026-05-19 15:49:56 | INFO | Slot: time=12:16 pm status=12:16 PM COMP/SOCIAL 10TH PM 9 /18 available=False
2026-05-19 15:49:56 | INFO | Slot: time=12:24 pm status=12:24 PM COMP/SOCIAL 10TH PM 9 /18 FRIDAY BOYS FRIDAY BOYS FRIDAY BOYS FRIDAY BOYS available=False
2026-05-19 15:49:56 | INFO | Slot: time=12:24 pm status=12:24 PM COMP/SOCIAL 10TH PM 9 /18 available=False
2026-05-19 15:49:56 | INFO | Slot: time=12:32 pm status=12:32 PM COMP/SOCIAL 10TH PM 9 /18 BREEN, BENJAMIN FLEXI BREEN, LIAM VISITOR LAU, SHANE VISITOR GUEST OF BEN available=False
2026-05-19 15:49:56 | INFO | Slot: time=12:32 pm status=12:32 PM COMP/SOCIAL 10TH PM 9 /18 available=False
2026-05-19 15:49:56 | INFO | Slot: time=12:40 pm status=BOOK GROUP available=True
2026-05-19 15:49:56 | INFO | Slot: time=12:56 pm status=12:56 PM COMP/SOCIAL 10TH PM 9 /18 HARRISON, AMANDA 5 DAY CHIN, ANNA NINE HOLE RHODES, ANDREA 5 DAY MUNRO, STEPHANIE 5 D available=False
2026-05-19 15:49:56 | INFO | Slot: time=12:56 pm status=12:56 PM COMP/SOCIAL 10TH PM 9 /18 available=False
2026-05-19 15:49:56 | INFO | Slot: time=01:04 pm status=BOOK GROUP available=True
2026-05-19 15:49:56 | INFO | Slot: time=04:50 pm status=BOOK GROUP available=True
2026-05-19 15:49:56 | INFO | Slot: time=04:58 pm status=BOOK GROUP available=True
2026-05-19 15:49:56 | INFO | Slot: time=05:06 pm status=BOOK GROUP available=True
2026-05-19 15:49:56 | INFO | Slot: time=05:14 pm status=BOOK GROUP available=True
2026-05-19 15:49:56 | INFO | Slot: time=05:22 pm status=BOOK GROUP available=True
2026-05-19 15:49:56 | INFO | Slot: time=05:30 pm status=BOOK GROUP available=True
2026-05-19 15:49:56 | INFO | Slot: time=05:38 pm status=BOOK GROUP available=True
2026-05-19 15:49:56 | INFO | Slot: time=05:46 pm status=BOOK GROUP available=True
2026-05-19 15:49:56 | INFO | Slot: time=05:54 pm status=BOOK GROUP available=True
2026-05-19 15:49:56 | INFO | Slot: time=06:02 pm status=BOOK GROUP available=True
2026-05-19 15:49:56 | INFO | Slot: time=06:10 pm status=BOOK GROUP available=True
2026-05-19 15:49:56 | INFO | Slot: time=06:18 pm status=BOOK GROUP available=True
2026-05-19 15:49:56 | INFO | Slot: time=06:26 pm status=BOOK GROUP available=True
2026-05-19 15:49:56 | INFO | Slot: time=03:30 pm status=BOOK GROUP available=True
2026-05-19 15:49:56 | INFO | Slot: time=03:38 pm status=BOOK GROUP available=True
2026-05-19 15:49:56 | INFO | Slot: time=03:46 pm status=BOOK GROUP available=True
2026-05-19 15:49:56 | INFO | Slot: time=03:54 pm status=BOOK GROUP available=True
2026-05-19 15:49:56 | INFO | Slot: time=04:02 pm status=BOOK GROUP available=True
2026-05-19 15:49:56 | INFO | Slot: time=04:10 pm status=BOOK GROUP available=True
2026-05-19 15:49:56 | INFO | Slot: time=04:18 pm status=BOOK GROUP available=True
2026-05-19 15:49:56 | INFO | Slot: time=04:26 pm status=BOOK GROUP available=True
2026-05-19 15:49:56 | INFO | Slot: time=04:34 pm status=BOOK GROUP available=True
2026-05-19 15:49:56 | INFO | Slot: time=04:42 pm status=BOOK GROUP available=True
2026-05-19 15:49:56 | INFO | STATE => BOOK_FIRST_AVAILABLE
2026-05-19 15:49:56 | INFO | Found 41 eligible BOOK GROUP slots. Attempting bookings sequentially...
2026-05-19 15:49:56 | INFO | [1/41] Attempting to book slot: 07:07 am (BOOK GROUP)
2026-05-19 15:50:05 | INFO | No Playing Partners modal detected.
2026-05-19 15:50:05 | INFO | Successfully initiated booking flow for slot 07:07 am
2026-05-19 15:50:05 | INFO | STATE => CONFIRM_BOOKING
2026-05-19 15:50:07 | INFO | Saved screenshot: screenshots/20260519_105007_220299_pre_confirm_page.png
2026-05-19 15:50:07 | INFO | Confirm Booking button found: tag=button
2026-05-19 15:50:08 | INFO | Clicked Confirm Booking
2026-05-19 15:50:08 | INFO | STATE => VERIFY_SUCCESS
2026-05-19 15:50:12 | INFO | Verifying success. Current URL: https://northern.miclub.com.au/members/bookings/open/event.msp?booking_event_id=22475263&booking_resource_id=3000000&focus=22606932
2026-05-19 15:50:12 | INFO | Success! Detected booking redirect URL: https://northern.miclub.com.au/members/bookings/open/event.msp?booking_event_id=22475263&booking_resource_id=3000000&focus=22606932
2026-05-19 15:50:12 | INFO | BOOKING SECURED for Event 4: Slot 07:07 am!
2026-05-19 15:50:12 | INFO | STATE => RETURN_TO_EVENT_LIST
2026-05-19 15:50:12 | INFO | Returning to event list URL: https://northern.miclub.com.au/views/members/booking/eventList.xhtml
2026-05-19 15:50:18 | INFO | Processing OPEN event 5 of 8
2026-05-19 15:50:18 | INFO | STATE => OPEN_EVENT
2026-05-19 15:50:18 | INFO | Navigating into open event index 4: OPEN
2026-05-19 15:50:25 | INFO | Event tee sheet opened
2026-05-19 15:50:25 | INFO | STATE => COLLECT_TEE_ROWS
2026-05-19 15:50:34 | INFO | Discovered 121 candidate slots
2026-05-19 15:50:34 | INFO | Slot: time=07:16 am status=BOOK GROUP available=True
2026-05-19 15:50:34 | INFO | Slot: time=07:16 am status=07:16 AM 1ST TEE - COMPETITION MANTLE, JULIAN 7 DAY DUFF, CHRIS 7 DAY BRADLER, JAMES 7 DAY WARD, SAM 7 DAY 07:24 AM 1ST  available=False
2026-05-19 15:50:34 | INFO | Slot: time=07:16 am status=07:16 AM 1ST TEE - COMPETITION MANTLE, JULIAN 7 DAY DUFF, CHRIS 7 DAY BRADLER, JAMES 7 DAY WARD, SAM 7 DAY available=False
2026-05-19 15:50:34 | INFO | Slot: time=07:16 am status=07:16 AM 1ST TEE - COMPETITION available=False
2026-05-19 15:50:34 | INFO | Slot: time=07:24 am status=07:24 AM 1ST TEE - COMPETITION MARSHALL, NICK 7 DAY DUDDINGTON, MATHEW 7 DAY HOWITT, CHRIS 7 DAY KLEINIG, MICHAEL 7 DAY available=False
2026-05-19 15:50:34 | INFO | Slot: time=07:24 am status=07:24 AM 1ST TEE - COMPETITION available=False
2026-05-19 15:50:34 | INFO | Slot: time=07:32 am status=07:32 AM 1ST TEE - COMPETITION CAPECI, VINCE 7 DAY TAN, GWI 7 DAY MCMAHON, ANDREW 7 DAY TORR, JOHN 7 DAY available=False
2026-05-19 15:50:34 | INFO | Slot: time=07:32 am status=07:32 AM 1ST TEE - COMPETITION available=False
2026-05-19 15:50:34 | INFO | Slot: time=07:40 am status=07:40 AM 1ST TEE - COMPETITION BOWDEN, MURRAY 7 DAY O'CONNOR, BARRY 7 DAY BOWDEN, TOM YOUNG ADULT 21-25 TASSONE, VINCENT available=False
2026-05-19 15:50:34 | INFO | Slot: time=07:40 am status=07:40 AM 1ST TEE - COMPETITION available=False
2026-05-19 15:50:34 | INFO | Slot: time=07:48 am status=07:48 AM 1ST TEE - COMPETITION SARACENO, DOMENIC YOUNG ADULT 21-25 TABACCO, ZAC YOUNG ADULT 21-25 WEILAND, WILLIAM YOUNG available=False
2026-05-19 15:50:34 | INFO | Slot: time=07:48 am status=07:48 AM 1ST TEE - COMPETITION available=False
2026-05-19 15:50:34 | INFO | Slot: time=07:56 am status=07:56 AM 1ST TEE - COMPETITION JULIAN, RANNY 7 DAY IACONO, JIM 7 DAY RISTOVICHIS, VICTOR 7 DAY TORTORELLA, ANDREW 7 DAY available=False
2026-05-19 15:50:34 | INFO | Slot: time=07:56 am status=07:56 AM 1ST TEE - COMPETITION available=False
2026-05-19 15:50:34 | INFO | Slot: time=08:04 am status=08:04 AM 1ST TEE - COMPETITION HODDER, MATT 7 DAY HICKS, WAYNE 7 DAY MULLEN, BAETHAN 7 DAY COOK, BRENDAN 7 DAY available=False
2026-05-19 15:50:34 | INFO | Slot: time=08:04 am status=08:04 AM 1ST TEE - COMPETITION available=False
2026-05-19 15:50:34 | INFO | Slot: time=08:12 am status=08:12 AM 1ST TEE - COMPETITION RIPA, FRANK 7 DAY IMERI, RUSSELL 7 DAY MCCANN, PAUL 7 DAY WATKINS, TONY 7 DAY available=False
2026-05-19 15:50:34 | INFO | Slot: time=08:12 am status=08:12 AM 1ST TEE - COMPETITION available=False
2026-05-19 15:50:34 | INFO | Slot: time=08:20 am status=08:20 AM 1ST TEE - COMPETITION GABRIELE, SAM 7 DAY SCHERIAN, BRUNO 7 DAY TUMNEY, CLIFF 7 DAY STEPIEN, PAUL 7 DAY available=False
2026-05-19 15:50:34 | INFO | Slot: time=08:20 am status=08:20 AM 1ST TEE - COMPETITION available=False
2026-05-19 15:50:34 | INFO | Slot: time=08:28 am status=08:28 AM 1ST TEE - COMPETITION GARDINER, GREG 7 DAY RYAN, ROBERT 7 DAY STELLA, LUKE 7 DAY LYNCH, VAUGHN 7 DAY available=False
2026-05-19 15:50:34 | INFO | Slot: time=08:28 am status=08:28 AM 1ST TEE - COMPETITION available=False
2026-05-19 15:50:34 | INFO | Slot: time=08:36 am status=08:36 AM 1ST TEE - COMPETITION ADAMS, PETER 7 DAY PASHAKIS, PERRY 7 DAY GAZZOLA, MARCO 7 DAY PASHAKIS, ELIAS YOUNG ADULT available=False
2026-05-19 15:50:34 | INFO | Slot: time=08:36 am status=08:36 AM 1ST TEE - COMPETITION available=False
2026-05-19 15:50:34 | INFO | Slot: time=08:44 am status=08:44 AM 1ST TEE - COMPETITION SERRATORE, JACKSON YOUNG ADULT 21-25 ESMORE, STEVE YOUNG ADULT 26-30 SERRATORE, JOE 7 DAY available=False
2026-05-19 15:50:34 | INFO | Slot: time=08:44 am status=08:44 AM 1ST TEE - COMPETITION available=False
2026-05-19 15:50:34 | INFO | Slot: time=08:52 am status=08:52 AM 1ST TEE - COMPETITION MOUNTER, PHIL 7 DAY BROCCHI, GLENN 7 DAY DE CICCO, VINCE 7 DAY ITALIA, J P 7 DAY available=False
2026-05-19 15:50:34 | INFO | Slot: time=08:52 am status=08:52 AM 1ST TEE - COMPETITION available=False
2026-05-19 15:50:34 | INFO | Slot: time=09:00 am status=09:00 AM 1ST TEE - COMPETITION BASANISI, ANTON YOUNG ADULT 26-30 GRACEV, STEVEN YOUNG ADULT 26-30 PITTO, PETER 7 DAY PAR available=False
2026-05-19 15:50:34 | INFO | Slot: time=09:00 am status=09:00 AM 1ST TEE - COMPETITION available=False
2026-05-19 15:50:34 | INFO | Slot: time=09:08 am status=09:08 AM 1ST TEE - COMPETITION LO PRESTI, JUSTIN YOUNG ADULT 21-25 GODINO, LIAM YOUNG ADULT 21-25 PORTARO, NASH YOUNG AD available=False
2026-05-19 15:50:34 | INFO | Slot: time=09:08 am status=09:08 AM 1ST TEE - COMPETITION available=False
2026-05-19 15:50:34 | INFO | Slot: time=07:16 am status=07:16 AM 10TH TEE - COMPETITION TICKNER, ADAM 7 DAY BESLIS, WILL 7 DAY SONG, JIN 7 DAY HILL, GARY 7 DAY 07:24 AM 10TH TE available=False
2026-05-19 15:50:34 | INFO | Slot: time=07:16 am status=07:16 AM 10TH TEE - COMPETITION TICKNER, ADAM 7 DAY BESLIS, WILL 7 DAY SONG, JIN 7 DAY HILL, GARY 7 DAY available=False
2026-05-19 15:50:34 | INFO | Slot: time=07:16 am status=07:16 AM 10TH TEE - COMPETITION available=False
2026-05-19 15:50:34 | INFO | Slot: time=07:24 am status=07:24 AM 10TH TEE - COMPETITION NIEMANN, BRETT 7 DAY WILKES, STEVEN 7 DAY RODDA, MARK 7 DAY THOMPSON, CRAIG 7 DAY available=False
2026-05-19 15:50:34 | INFO | Slot: time=07:24 am status=07:24 AM 10TH TEE - COMPETITION available=False
2026-05-19 15:50:34 | INFO | Slot: time=07:32 am status=07:32 AM 10TH TEE - COMPETITION CULLEN, DANNY 7 DAY ALLAN, DAVID 7 DAY EMPEY, PHIL 7 DAY CULHANE, MARK 7 DAY available=False
2026-05-19 15:50:34 | INFO | Slot: time=07:32 am status=07:32 AM 10TH TEE - COMPETITION available=False
2026-05-19 15:50:34 | INFO | Slot: time=07:40 am status=07:40 AM 10TH TEE - COMPETITION KIM, SIMON 7 DAY COLOSIMO, SIMON 7 DAY CHUNG, YUN 7 DAY BOURKE, BEN 7 DAY available=False
2026-05-19 15:50:34 | INFO | Slot: time=07:40 am status=07:40 AM 10TH TEE - COMPETITION available=False
2026-05-19 15:50:34 | INFO | Slot: time=07:48 am status=07:48 AM 10TH TEE - COMPETITION PANELLA, JOSEPH 7 DAY BARING, OSCAR 7 DAY HEALES, NICHOLAS 7 DAY CHIRCOP, BRENDAN 7 DAY available=False
2026-05-19 15:50:34 | INFO | Slot: time=07:48 am status=07:48 AM 10TH TEE - COMPETITION available=False
2026-05-19 15:50:34 | INFO | Slot: time=07:56 am status=07:56 AM 10TH TEE - COMPETITION PENGELLY, KEN 7 DAY BOWLER, GREG 7 DAY TURNER, BLAIR YOUNG ADULT 21-25 BROCKWELL, KEVIN  available=False
2026-05-19 15:50:34 | INFO | Slot: time=07:56 am status=07:56 AM 10TH TEE - COMPETITION available=False
2026-05-19 15:50:34 | INFO | Slot: time=08:04 am status=08:04 AM 10TH TEE - COMPETITION MIDDLING, CORY 7 DAY BRASHER, WAYNE 7 DAY CADIGAN, STEPHEN 7 DAY VULIN, MILO 7 DAY available=False
2026-05-19 15:50:34 | INFO | Slot: time=08:04 am status=08:04 AM 10TH TEE - COMPETITION available=False
2026-05-19 15:50:34 | INFO | Slot: time=08:12 am status=08:12 AM 10TH TEE - COMPETITION ELDER, ROSS 7 DAY RYAN, BEN 7 DAY TING, JAY 7 DAY WALTA, BERNARD 7 DAY available=False
2026-05-19 15:50:34 | INFO | Slot: time=08:12 am status=08:12 AM 10TH TEE - COMPETITION available=False
2026-05-19 15:50:34 | INFO | Slot: time=08:20 am status=08:20 AM 10TH TEE - COMPETITION STEWART, SHANE 7 DAY AUSTIN, ALEXANDER 7 DAY COLLINS, DALE 7 DAY WISE, PAUL 7 DAY available=False
2026-05-19 15:50:34 | INFO | Slot: time=08:20 am status=08:20 AM 10TH TEE - COMPETITION available=False
2026-05-19 15:50:34 | INFO | Slot: time=08:28 am status=08:28 AM 10TH TEE - COMPETITION ARBON, CHRIS 7 DAY BAINBRIDGE, STEPHEN 7 DAY CHAN, STEVEN 7 DAY HOGAN, ANTHONY 7 DAY available=False
2026-05-19 15:50:34 | INFO | Slot: time=08:28 am status=08:28 AM 10TH TEE - COMPETITION available=False
2026-05-19 15:50:34 | INFO | Slot: time=08:36 am status=08:36 AM 10TH TEE - COMPETITION LALOR, SIMON 7 DAY PRESLAND, MICHAEL 7 DAY GILL, ANDREW 7 DAY YOUNG, GARY 7 DAY available=False
2026-05-19 15:50:34 | INFO | Slot: time=08:36 am status=08:36 AM 10TH TEE - COMPETITION available=False
2026-05-19 15:50:34 | INFO | Slot: time=08:44 am status=08:44 AM 10TH TEE - COMPETITION TARANTELLI, LUCA 7 DAY TARANTELLI, JORDAN JUNIORS 15-16 MUNTONI, PIERO 7 DAY TARANTELLI, available=False
2026-05-19 15:50:34 | INFO | Slot: time=08:44 am status=08:44 AM 10TH TEE - COMPETITION available=False
2026-05-19 15:50:34 | INFO | Slot: time=08:52 am status=08:52 AM 10TH TEE - COMPETITION THOMPSON, BRUCE 7 DAY QUINLAN, ANTHONY 7 DAY JHOTY, JOE 7 DAY LOGAN, TIM 7 DAY available=False
2026-05-19 15:50:34 | INFO | Slot: time=08:52 am status=08:52 AM 10TH TEE - COMPETITION available=False
2026-05-19 15:50:34 | INFO | Slot: time=09:00 am status=09:00 AM 10TH TEE - COMPETITION DECLEVA, MARK 7 DAY DEBEVC, MARK 7 DAY VELARDO, ROMEO 7 DAY VELARDO, JOSHUA YOUNG ADULT  available=False
2026-05-19 15:50:34 | INFO | Slot: time=09:00 am status=09:00 AM 10TH TEE - COMPETITION available=False
2026-05-19 15:50:34 | INFO | Slot: time=09:08 am status=09:08 AM 10TH TEE - COMPETITION PUGLIESE, PETER 7 DAY BUDGE, FRANK 7 DAY WILSON, HARVEY 7 DAY BOND, STEPHEN COUNTRY available=False
2026-05-19 15:50:34 | INFO | Slot: time=09:08 am status=09:08 AM 10TH TEE - COMPETITION available=False
2026-05-19 15:50:34 | INFO | Slot: time=11:35 am status=BOOK GROUP available=True
2026-05-19 15:50:34 | INFO | Slot: time=11:35 am status=11:35 AM 1ST TEE - COMPETITION ELLIS, DAVID 7 DAY FORSTER, PETER 7 DAY SWEBBS, MICK 7 DAY EDNIE, MARK 7 DAY available=False
2026-05-19 15:50:34 | INFO | Slot: time=11:35 am status=11:35 AM 1ST TEE - COMPETITION available=False
2026-05-19 15:50:34 | INFO | Slot: time=11:43 am status=11:43 AM 1ST TEE - COMPETITION JENKINS, SHAUN 7 DAY READER, SAMUEL YOUNG ADULT 26-30 COOKE, JAMIE 7 DAY WATSON, JED 7 DA available=False
2026-05-19 15:50:34 | INFO | Slot: time=11:43 am status=11:43 AM 1ST TEE - COMPETITION available=False
2026-05-19 15:50:34 | INFO | Slot: time=11:51 am status=11:51 AM 1ST TEE - COMPETITION CARROLL, PHILLIP 7 DAY LAVENDER, JAMES 7 DAY GRIGGS, MICHAEL 7 DAY WEIGHT, SCOTT 7 DAY available=False
2026-05-19 15:50:34 | INFO | Slot: time=11:51 am status=11:51 AM 1ST TEE - COMPETITION available=False
2026-05-19 15:50:34 | INFO | Slot: time=11:59 am status=11:59 AM 1ST TEE - COMPETITION MEREDITH, BRIAN 7 DAY GACESA, ROBERT 7 DAY ABRAHAM, TERRY 7 DAY STRAUBENMUELLER, JOEL 7 D available=False
2026-05-19 15:50:34 | INFO | Slot: time=11:59 am status=11:59 AM 1ST TEE - COMPETITION available=False
2026-05-19 15:50:34 | INFO | Slot: time=12:07 pm status=12:07 PM 1ST TEE - COMPETITION VERNALI, ROBERT 7 DAY VERNALI, BRIDGET 7 DAY CATTLIN, LUKE 7 DAY DALY, KEVIN COUNTRY available=False
2026-05-19 15:50:34 | INFO | Slot: time=12:07 pm status=12:07 PM 1ST TEE - COMPETITION available=False
2026-05-19 15:50:34 | INFO | Slot: time=12:15 pm status=12:15 PM 1ST TEE - COMPETITION HILL, MATTHEW 7 DAY WILSON, LEIGH 7 DAY WILSON, STEPHEN 7 DAY WILLETT, ISAAC YOUNG ADULT  available=False
2026-05-19 15:50:34 | INFO | Slot: time=12:15 pm status=12:15 PM 1ST TEE - COMPETITION available=False
2026-05-19 15:50:34 | INFO | Slot: time=12:23 pm status=12:23 PM 1ST TEE - COMPETITION DYE, DARREN 7 DAY MURRAY, BENNY 7 DAY MOON, GRAEME 7 DAY JUKES, CHRIS 7 DAY available=False
2026-05-19 15:50:34 | INFO | Slot: time=12:23 pm status=12:23 PM 1ST TEE - COMPETITION available=False
2026-05-19 15:50:34 | INFO | Slot: time=12:31 pm status=12:31 PM 1ST TEE - COMPETITION DRUMMOND, GRAEME 7 DAY CLINCH, BERNIE 7 DAY GILBERTSON, KEN 7 DAY DRAKE, PAUL 7 DAY available=False
2026-05-19 15:50:34 | INFO | Slot: time=12:31 pm status=12:31 PM 1ST TEE - COMPETITION available=False
2026-05-19 15:50:34 | INFO | Slot: time=12:39 pm status=12:39 PM 1ST TEE - COMPETITION SMITH, PETER 7 DAY GRIBUSTS, RAYMOND 7 DAY SLEVISON, MARK 7 DAY VILLELLA, JOHN 7 DAY available=False
2026-05-19 15:50:34 | INFO | Slot: time=12:39 pm status=12:39 PM 1ST TEE - COMPETITION available=False
2026-05-19 15:50:34 | INFO | Slot: time=12:47 pm status=BOOK GROUP available=True
2026-05-19 15:50:34 | INFO | Slot: time=UNKNOWN status=BOOK GROUP available=True
2026-05-19 15:50:34 | INFO | Slot: time=12:55 pm status=BOOK GROUP available=True
2026-05-19 15:50:34 | INFO | Slot: time=01:03 pm status=BOOK GROUP available=True
2026-05-19 15:50:34 | INFO | Slot: time=11:35 am status=11:35 AM 10TH TEE - COMPETITION MOORE, IAN 7 DAY CONSTABLE, PHILIP 7 DAY ABBOUCHI, NAZIH 7 DAY JANSEN, TYSON 7 DAY available=False
2026-05-19 15:50:34 | INFO | Slot: time=11:35 am status=11:35 AM 10TH TEE - COMPETITION available=False
2026-05-19 15:50:34 | INFO | Slot: time=11:43 am status=11:43 AM 10TH TEE - COMPETITION CLEMENTS, PHIL 7 DAY MCNAMARA, PHILIP 7 DAY CONDRON, ALAN 7 DAY SILVIO, MARIO 7 DAY available=False
2026-05-19 15:50:34 | INFO | Slot: time=11:43 am status=11:43 AM 10TH TEE - COMPETITION available=False
2026-05-19 15:50:34 | INFO | Slot: time=11:51 am status=11:51 AM 10TH TEE - COMPETITION VOCALE, BEN 7 DAY KOPPANY, PETER 7 DAY RAFEI, AMER 7 DAY METINTOK, ALAN 7 DAY available=False
2026-05-19 15:50:34 | INFO | Slot: time=11:51 am status=11:51 AM 10TH TEE - COMPETITION available=False
2026-05-19 15:50:34 | INFO | Slot: time=11:59 am status=11:59 AM 10TH TEE - COMPETITION BORG, TONY 7 DAY PAOLO, DOMINIC 7 DAY MARNELL, JOHN 7 DAY CARUSO, JOHN 7 DAY available=False
2026-05-19 15:50:34 | INFO | Slot: time=11:59 am status=11:59 AM 10TH TEE - COMPETITION available=False
2026-05-19 15:50:34 | INFO | Slot: time=12:07 pm status=12:07 PM 10TH TEE - COMPETITION GUGLIOTTI, MANNY JUNIORS 12-14 GUGLIOTTI, ROBERT 7 DAY PITLIANGAS, MINA 7 DAY PITLIANGAS available=False
2026-05-19 15:50:34 | INFO | Slot: time=12:07 pm status=12:07 PM 10TH TEE - COMPETITION available=False
2026-05-19 15:50:34 | INFO | Slot: time=12:15 pm status=12:15 PM 10TH TEE - COMPETITION BURGESS, ANNE 7 DAY MONKCOM, BRAD 7 DAY BURGESS, BENJAMIN VISITOR - BURLEIGH GOLF CLUB C available=False
2026-05-19 15:50:34 | INFO | Slot: time=12:15 pm status=12:15 PM 10TH TEE - COMPETITION available=False
2026-05-19 15:50:34 | INFO | Slot: time=12:23 pm status=12:23 PM 10TH TEE - COMPETITION MOTT, FRANCIS 7 DAY BLACK, PETER 7 DAY MCCARTIN, LEO 7 DAY EMERY, MICHAEL 7 DAY available=False
2026-05-19 15:50:34 | INFO | Slot: time=12:23 pm status=12:23 PM 10TH TEE - COMPETITION available=False
2026-05-19 15:50:34 | INFO | Slot: time=12:31 pm status=12:31 PM 10TH TEE - COMPETITION LEECH, LEON 7 DAY RIGHTON, RUSSELL 7 DAY VEALE, DAVID 7 DAY CLAYTON, WAYNE 7 DAY available=False
2026-05-19 15:50:34 | INFO | Slot: time=12:31 pm status=12:31 PM 10TH TEE - COMPETITION available=False
2026-05-19 15:50:34 | INFO | Slot: time=12:39 pm status=BOOK GROUP available=True
2026-05-19 15:50:34 | INFO | Slot: time=03:45 pm status=BOOK GROUP available=True
2026-05-19 15:50:34 | INFO | Slot: time=03:53 pm status=BOOK GROUP available=True
2026-05-19 15:50:34 | INFO | Slot: time=04:01 pm status=BOOK GROUP available=True
2026-05-19 15:50:34 | INFO | Slot: time=04:09 pm status=BOOK GROUP available=True
2026-05-19 15:50:34 | INFO | Slot: time=04:17 pm status=BOOK GROUP available=True
2026-05-19 15:50:34 | INFO | Slot: time=04:25 pm status=BOOK GROUP available=True
2026-05-19 15:50:34 | INFO | Slot: time=04:33 pm status=BOOK GROUP available=True
2026-05-19 15:50:34 | INFO | Slot: time=04:41 pm status=BOOK GROUP available=True
2026-05-19 15:50:34 | INFO | Slot: time=04:49 pm status=BOOK GROUP available=True
2026-05-19 15:50:34 | INFO | Slot: time=04:57 pm status=BOOK GROUP available=True
2026-05-19 15:50:34 | INFO | Slot: time=05:05 pm status=BOOK GROUP available=True
2026-05-19 15:50:34 | INFO | Slot: time=05:13 pm status=BOOK GROUP available=True
2026-05-19 15:50:34 | INFO | Slot: time=05:21 pm status=BOOK GROUP available=True
2026-05-19 15:50:34 | INFO | Slot: time=05:29 pm status=BOOK GROUP available=True
2026-05-19 15:50:34 | INFO | Slot: time=05:37 pm status=BOOK GROUP available=True
2026-05-19 15:50:34 | INFO | Slot: time=05:45 pm status=BOOK GROUP available=True
2026-05-19 15:50:34 | INFO | Slot: time=05:53 pm status=BOOK GROUP available=True
2026-05-19 15:50:34 | INFO | Slot: time=06:01 pm status=BOOK GROUP available=True
2026-05-19 15:50:34 | INFO | STATE => BOOK_FIRST_AVAILABLE
2026-05-19 15:50:34 | INFO | Found 25 eligible BOOK GROUP slots. Attempting bookings sequentially...
2026-05-19 15:50:34 | INFO | [1/25] Attempting to book slot: 07:16 am (BOOK GROUP)
2026-05-19 15:50:37 | WARNING | Browser alert popped up: This booking time has already been booked.  The bookings will be shown the next time this page is refreshed.
2026-05-19 15:50:37 | INFO | Slot 07:16 am is already booked, attempting next slot...
2026-05-19 15:50:37 | INFO | [2/25] Attempting to book slot: 11:35 am (BOOK GROUP)
2026-05-19 15:50:40 | WARNING | Browser alert popped up: This booking time has already been booked.  The bookings will be shown the next time this page is refreshed.
2026-05-19 15:50:40 | INFO | Slot 11:35 am is already booked, attempting next slot...
2026-05-19 15:50:40 | INFO | [3/25] Attempting to book slot: 12:39 pm (BOOK GROUP)
2026-05-19 15:50:48 | INFO | No Playing Partners modal detected.
2026-05-19 15:50:48 | INFO | Successfully initiated booking flow for slot 12:39 pm
2026-05-19 15:50:48 | INFO | STATE => CONFIRM_BOOKING
2026-05-19 15:50:50 | INFO | Saved screenshot: screenshots/20260519_105050_239110_pre_confirm_page.png
2026-05-19 15:50:50 | INFO | Confirm Booking button found: tag=button
2026-05-19 15:50:51 | INFO | Clicked Confirm Booking
2026-05-19 15:50:51 | INFO | STATE => VERIFY_SUCCESS
2026-05-19 15:50:56 | INFO | Verifying success. Current URL: https://northern.miclub.com.au/members/bookings/open/event.msp?booking_event_id=22475264&booking_resource_id=3000000&focus=22607381
2026-05-19 15:50:56 | INFO | Success! Detected booking redirect URL: https://northern.miclub.com.au/members/bookings/open/event.msp?booking_event_id=22475264&booking_resource_id=3000000&focus=22607381
2026-05-19 15:50:56 | INFO | BOOKING SECURED for Event 5: Slot 12:39 pm!
2026-05-19 15:50:56 | INFO | STATE => RETURN_TO_EVENT_LIST
2026-05-19 15:50:56 | INFO | Returning to event list URL: https://northern.miclub.com.au/views/members/booking/eventList.xhtml
2026-05-19 15:51:05 | INFO | Processing OPEN event 6 of 8
2026-05-19 15:51:05 | INFO | STATE => OPEN_EVENT
2026-05-19 15:51:05 | INFO | Navigating into open event index 5: OPEN
2026-05-19 15:51:13 | INFO | Event tee sheet opened
2026-05-19 15:51:13 | INFO | STATE => COLLECT_TEE_ROWS
2026-05-19 15:51:20 | INFO | Discovered 130 candidate slots
2026-05-19 15:51:20 | INFO | Slot: time=07:16 am status=BOOK GROUP available=True
2026-05-19 15:51:20 | INFO | Slot: time=07:16 am status=07:16 AM 1ST TEE - COMPETITION PANELLA, JOSEPH 7 DAY BARING, OSCAR 7 DAY CHIRCOP, BRENDAN 7 DAY COOK, BRENDAN 7 DAY 07:2 available=False
2026-05-19 15:51:20 | INFO | Slot: time=07:16 am status=07:16 AM 1ST TEE - COMPETITION PANELLA, JOSEPH 7 DAY BARING, OSCAR 7 DAY CHIRCOP, BRENDAN 7 DAY COOK, BRENDAN 7 DAY available=False
2026-05-19 15:51:20 | INFO | Slot: time=07:16 am status=07:16 AM 1ST TEE - COMPETITION available=False
2026-05-19 15:51:20 | INFO | Slot: time=07:24 am status=07:24 AM 1ST TEE - COMPETITION TAN, GWI 7 DAY TARALLO, GUIDO 5 DAY MOTT, GAVAN 5 DAY MOTT, CHRIS 7 DAY available=False
2026-05-19 15:51:20 | INFO | Slot: time=07:24 am status=07:24 AM 1ST TEE - COMPETITION available=False
2026-05-19 15:51:20 | INFO | Slot: time=07:32 am status=07:32 AM 1ST TEE - COMPETITION TORR, JOHN 7 DAY MOONEY, MARK 6 DAY BEARDER, DANIEL 6 DAY MOLONEY, MARK 6 DAY available=False
2026-05-19 15:51:20 | INFO | Slot: time=07:32 am status=07:32 AM 1ST TEE - COMPETITION available=False
2026-05-19 15:51:20 | INFO | Slot: time=07:40 am status=07:40 AM 1ST TEE - COMPETITION MAHON, NATHAN 5 DAY YOUNG, GARY 7 DAY GILL, ANDREW 7 DAY KASSIS, NICK FLEXI available=False
2026-05-19 15:51:20 | INFO | Slot: time=07:40 am status=07:40 AM 1ST TEE - COMPETITION available=False
2026-05-19 15:51:20 | INFO | Slot: time=07:48 am status=07:48 AM 1ST TEE - COMPETITION KING, BRENDON 6 DAY GUERCIO, JACK 7 DAY STELLA, LUKE 7 DAY SALIBA, DAVID 7 DAY available=False
2026-05-19 15:51:20 | INFO | Slot: time=07:48 am status=07:48 AM 1ST TEE - COMPETITION available=False
2026-05-19 15:51:20 | INFO | Slot: time=07:56 am status=07:56 AM 1ST TEE - COMPETITION HURREN, LAURIE 5 DAY MORRAN, ANDREW 5 DAY GOUWS, MARIUS 5 DAY FERELLA, LUCA 5 DAY available=False
2026-05-19 15:51:20 | INFO | Slot: time=07:56 am status=07:56 AM 1ST TEE - COMPETITION available=False
2026-05-19 15:51:20 | INFO | Slot: time=08:04 am status=08:04 AM 1ST TEE - COMPETITION KIM, SIMON 7 DAY CHUNG, YUN 7 DAY NGUYEN, MINH 5 DAY KOVACEVIC, NICK 5 DAY available=False
2026-05-19 15:51:20 | INFO | Slot: time=08:04 am status=08:04 AM 1ST TEE - COMPETITION available=False
2026-05-19 15:51:20 | INFO | Slot: time=08:12 am status=08:12 AM 1ST TEE - COMPETITION LYMBOURIS, GEORGE 5 DAY SONG, JIN 7 DAY JONES, SCOTT 7 DAY HOGAN, ANTHONY 7 DAY available=False
2026-05-19 15:51:20 | INFO | Slot: time=08:12 am status=08:12 AM 1ST TEE - COMPETITION available=False
2026-05-19 15:51:20 | INFO | Slot: time=08:20 am status=08:20 AM 1ST TEE - COMPETITION TARANTELLI, LUCA 7 DAY TARANTELLI, JORDAN JUNIORS 15-16 TARANTELLI, ERMINIO 7 DAY TARANTE available=False
2026-05-19 15:51:20 | INFO | Slot: time=08:20 am status=08:20 AM 1ST TEE - COMPETITION available=False
2026-05-19 15:51:20 | INFO | Slot: time=08:28 am status=08:28 AM 1ST TEE - COMPETITION WEST, ALAN 5 DAY WEST, JIE 5 DAY GALTIERI, LEEANNE 5 DAY GALTIERI, VINCE 6 DAY available=False
2026-05-19 15:51:20 | INFO | Slot: time=08:28 am status=08:28 AM 1ST TEE - COMPETITION available=False
2026-05-19 15:51:20 | INFO | Slot: time=08:36 am status=08:36 AM 1ST TEE - COMPETITION MIDDLING, CORY 7 DAY LORENZI, ANDREW 6 DAY BRASHER, WAYNE 7 DAY BELCHER, JANE 6 DAY available=False
2026-05-19 15:51:20 | INFO | Slot: time=08:36 am status=08:36 AM 1ST TEE - COMPETITION available=False
2026-05-19 15:51:20 | INFO | Slot: time=08:44 am status=08:44 AM 1ST TEE - COMPETITION GREALY, MAURIE 7 DAY CORBEN, DAVID 6 DAY SUTCLIFFE, LEWIS 6 DAY MILLION, JAMES 7 DAY available=False
2026-05-19 15:51:20 | INFO | Slot: time=08:44 am status=08:44 AM 1ST TEE - COMPETITION available=False
2026-05-19 15:51:20 | INFO | Slot: time=08:52 am status=08:52 AM 1ST TEE - COMPETITION CLARKSON, JOSH 7 DAY BENHIM, ADNAN 7 DAY HAMMOUD, SHOUE 5 DAY SAAD, ALI 5 DAY available=False
2026-05-19 15:51:20 | INFO | Slot: time=08:52 am status=08:52 AM 1ST TEE - COMPETITION available=False
2026-05-19 15:51:20 | INFO | Slot: time=09:00 am status=09:00 AM 1ST TEE - COMPETITION CULAKOVSKI, BARBARA 5 DAY CULAKOVSKI, SASHA 7 DAY BACKERRA, YVONNE 5 DAY SCOTT, ROB 6 DAY available=False
2026-05-19 15:51:20 | INFO | Slot: time=09:00 am status=09:00 AM 1ST TEE - COMPETITION available=False
2026-05-19 15:51:20 | INFO | Slot: time=09:08 am status=09:08 AM 1ST TEE - COMPETITION BASANISI, ANTON YOUNG ADULT 26-30 STEINMANN, GUS YOUNG ADULT 26-30 MCNAMARA, PHILIP 7 DAY available=False
2026-05-19 15:51:20 | INFO | Slot: time=09:08 am status=09:08 AM 1ST TEE - COMPETITION available=False
2026-05-19 15:51:20 | INFO | Slot: time=07:16 am status=07:16 AM 10TH TEE - COMPETITION GAN, SEAN 5 DAY BARWELL, NICK 5 DAY FAIRCHILD, BRADLEY 5 DAY TALARICO, ANGELO 7 DAY 07:2 available=False
2026-05-19 15:51:20 | INFO | Slot: time=07:16 am status=07:16 AM 10TH TEE - COMPETITION GAN, SEAN 5 DAY BARWELL, NICK 5 DAY FAIRCHILD, BRADLEY 5 DAY TALARICO, ANGELO 7 DAY available=False
2026-05-19 15:51:20 | INFO | Slot: time=07:16 am status=07:16 AM 10TH TEE - COMPETITION available=False
2026-05-19 15:51:20 | INFO | Slot: time=07:24 am status=07:24 AM 10TH TEE - COMPETITION ALECKSON, KURT 5 DAY DEVLIN, BRENDAN 5 DAY DINH, NATHAN 5 DAY SKOLARIKIS, MICHAEL YOUNG  available=False
2026-05-19 15:51:20 | INFO | Slot: time=07:24 am status=07:24 AM 10TH TEE - COMPETITION available=False
2026-05-19 15:51:20 | INFO | Slot: time=07:32 am status=07:32 AM 10TH TEE - COMPETITION LAMBERT, COLIN 6 DAY WILLIAMS, JANETTE 5 DAY MURPHY, WARWICK 5 DAY BROWN, MICHAEL 5 DAY available=False
2026-05-19 15:51:20 | INFO | Slot: time=07:32 am status=07:32 AM 10TH TEE - COMPETITION available=False
2026-05-19 15:51:20 | INFO | Slot: time=07:40 am status=07:40 AM 10TH TEE - COMPETITION ALLAN, DAVID 7 DAY CULLEN, DANNY 7 DAY EMPEY, PHIL 7 DAY CAPECI, VINCE 7 DAY available=False
2026-05-19 15:51:20 | INFO | Slot: time=07:40 am status=07:40 AM 10TH TEE - COMPETITION available=False
2026-05-19 15:51:20 | INFO | Slot: time=07:48 am status=07:48 AM 10TH TEE - COMPETITION HODDER, MATT 7 DAY BYGATE, WAYNE 6 DAY PENGELLY, KEN 7 DAY BOWLER, GREG 7 DAY available=False
2026-05-19 15:51:20 | INFO | Slot: time=07:48 am status=07:48 AM 10TH TEE - COMPETITION available=False
2026-05-19 15:51:20 | INFO | Slot: time=07:56 am status=07:56 AM 10TH TEE - COMPETITION DE CICCO, VINCE 7 DAY DE CICCO, MICHAEL YOUNG ADULT 21-25 PITTO, PETER 7 DAY PARTHIMOS,  available=False
2026-05-19 15:51:20 | INFO | Slot: time=07:56 am status=07:56 AM 10TH TEE - COMPETITION available=False
2026-05-19 15:51:20 | INFO | Slot: time=08:04 am status=08:04 AM 10TH TEE - COMPETITION DINES, PAUL 6 DAY STEVENSON, DAVID 5 DAY BROCKWELL, KEVIN 7 DAY MCCANN, STEPHEN N 6 DAY available=False
2026-05-19 15:51:20 | INFO | Slot: time=08:04 am status=08:04 AM 10TH TEE - COMPETITION available=False
2026-05-19 15:51:20 | INFO | Slot: time=08:12 am status=08:12 AM 10TH TEE - COMPETITION WOTHERSPOON, IAN 6 DAY BANAVALI, GIRISH 6 DAY FERRIS, COLIN 6 DAY HARRIS, JOHN 6 DAY available=False
2026-05-19 15:51:20 | INFO | Slot: time=08:12 am status=08:12 AM 10TH TEE - COMPETITION available=False
2026-05-19 15:51:20 | INFO | Slot: time=08:20 am status=08:20 AM 10TH TEE - COMPETITION MUNRO, STEPHANIE 5 DAY CAMERON, LOUIS 7 DAY FRIEDMAN, DANIEL 5 DAY COMMISSO, MICHAEL YOU available=False
2026-05-19 15:51:20 | INFO | Slot: time=08:20 am status=08:20 AM 10TH TEE - COMPETITION available=False
2026-05-19 15:51:20 | INFO | Slot: time=08:28 am status=08:28 AM 10TH TEE - COMPETITION ESSEX, TREVOR 6 DAY HYNES, JIM 6 DAY QUINTON, ALAN 6 DAY HILL, JENNIE 6 DAY available=False
2026-05-19 15:51:20 | INFO | Slot: time=08:28 am status=08:28 AM 10TH TEE - COMPETITION available=False
2026-05-19 15:51:20 | INFO | Slot: time=08:36 am status=08:36 AM 10TH TEE - COMPETITION RONALDSON, LACHLAN YOUNG ADULT 26-30 CLEMENTE, ADAM YOUNG ADULT 26-30 DEL BUSSO, ADAM YO available=False
2026-05-19 15:51:20 | INFO | Slot: time=08:36 am status=08:36 AM 10TH TEE - COMPETITION available=False
2026-05-19 15:51:20 | INFO | Slot: time=08:44 am status=08:44 AM 10TH TEE - COMPETITION TEMPERLEY, CHRIS 5 DAY SYMONS, TYSON 5 DAY PHELAN, KEVIN 5 DAY DE PETRO, ANDREW 5 DAY available=False
2026-05-19 15:51:20 | INFO | Slot: time=08:44 am status=08:44 AM 10TH TEE - COMPETITION available=False
2026-05-19 15:51:20 | INFO | Slot: time=08:52 am status=08:52 AM 10TH TEE - COMPETITION PITLIANGAS, MINA 7 DAY PITLIANGAS, ANTHONY YOUNG ADULT 26-30 LYNCH, VAUGHN 7 DAY PEZZIME available=False
2026-05-19 15:51:20 | INFO | Slot: time=08:52 am status=08:52 AM 10TH TEE - COMPETITION available=False
2026-05-19 15:51:20 | INFO | Slot: time=09:00 am status=09:00 AM 10TH TEE - COMPETITION HURST, JEFF 6 DAY LO GIUDICE, JOE 6 DAY CALDARARO, LOU 6 DAY LOGIUDICE, TONY 6 DAY available=False
2026-05-19 15:51:20 | INFO | Slot: time=09:00 am status=09:00 AM 10TH TEE - COMPETITION available=False
2026-05-19 15:51:20 | INFO | Slot: time=09:08 am status=09:08 AM 10TH TEE - COMPETITION PERRY, TREVOR 5 DAY JOYNER, DAVID 5 DAY SULLIVAN, MAURICE 5 DAY FEEHAN, TONY 5 DAY available=False
2026-05-19 15:51:20 | INFO | Slot: time=09:08 am status=09:08 AM 10TH TEE - COMPETITION available=False
2026-05-19 15:51:20 | INFO | Slot: time=11:41 am status=11:41 AM 1ST TEE - COMPETITION BROWN, ANTHONY COUNTRY HEALEY, JASON 7 DAY WEIGHT, SCOTT 7 DAY PEATE, TONY 7 DAY 11:49 AM available=False
2026-05-19 15:51:20 | INFO | Slot: time=11:41 am status=11:41 AM 1ST TEE - COMPETITION BROWN, ANTHONY COUNTRY HEALEY, JASON 7 DAY WEIGHT, SCOTT 7 DAY PEATE, TONY 7 DAY available=False
2026-05-19 15:51:20 | INFO | Slot: time=11:41 am status=11:41 AM 1ST TEE - COMPETITION available=False
2026-05-19 15:51:20 | INFO | Slot: time=11:49 am status=11:49 AM 1ST TEE - COMPETITION BORG, TONY 7 DAY MARNELL, JOHN 7 DAY PARKER, CRAIG 6 DAY NORTON, JOCK 6 DAY available=False
2026-05-19 15:51:20 | INFO | Slot: time=11:49 am status=11:49 AM 1ST TEE - COMPETITION available=False
2026-05-19 15:51:20 | INFO | Slot: time=11:57 am status=11:57 AM 1ST TEE - COMPETITION COORAY, SEAN 7 DAY BOZIKIS, ANGE 7 DAY TAYLOR, DAVID 5 DAY LOGAN, TIM 7 DAY available=False
2026-05-19 15:51:20 | INFO | Slot: time=11:57 am status=11:57 AM 1ST TEE - COMPETITION available=False
2026-05-19 15:51:20 | INFO | Slot: time=12:05 pm status=12:05 PM 1ST TEE - COMPETITION SMITH, BRIAN 7 DAY SMITH, JAN 5 DAY GORMAN, PETER 6 DAY GORMAN, JUDITH 5 DAY available=False
2026-05-19 15:51:20 | INFO | Slot: time=12:05 pm status=12:05 PM 1ST TEE - COMPETITION available=False
2026-05-19 15:51:20 | INFO | Slot: time=12:13 pm status=12:13 PM 1ST TEE - COMPETITION RIGHTON, RUSSELL 7 DAY RIGHTON, JILL 5 DAY RISTOVICHIS, VICTOR 7 DAY NGUYEN, LINH 6 DAY available=False
2026-05-19 15:51:20 | INFO | Slot: time=12:13 pm status=12:13 PM 1ST TEE - COMPETITION available=False
2026-05-19 15:51:20 | INFO | Slot: time=12:21 pm status=12:21 PM 1ST TEE - COMPETITION MONKCOM, BRAD 7 DAY BURGESS, ANNE 7 DAY AGIUS, FRANK 6 DAY AGIUS, JOYCE 5 DAY available=False
2026-05-19 15:51:20 | INFO | Slot: time=12:21 pm status=12:21 PM 1ST TEE - COMPETITION available=False
2026-05-19 15:51:20 | INFO | Slot: time=12:29 pm status=12:29 PM 1ST TEE - COMPETITION CLEMENTS, DEB 5 DAY CLEMENTS, PHIL 7 DAY RYAN, STEPHEN 5 DAY RYAN, JOY 5 DAY available=False
2026-05-19 15:51:20 | INFO | Slot: time=12:29 pm status=12:29 PM 1ST TEE - COMPETITION available=False
2026-05-19 15:51:20 | INFO | Slot: time=12:37 pm status=12:37 PM 1ST TEE - COMPETITION WALKER, MARY 5 DAY BISHOP, KATHRYN 5 DAY GRIBUSTS, RAYMOND 7 DAY CARROLL, PHILLIP 7 DAY available=False
2026-05-19 15:51:20 | INFO | Slot: time=12:37 pm status=12:37 PM 1ST TEE - COMPETITION available=False
2026-05-19 15:51:20 | INFO | Slot: time=12:45 pm status=12:45 PM 1ST TEE - COMPETITION CERRA, MARIO 5 DAY CURRAN, PETER 7 DAY GRIGGS, MICHAEL 7 DAY GRIGGS, MATTHEW YOUNG ADULT  available=False
2026-05-19 15:51:20 | INFO | Slot: time=12:45 pm status=12:45 PM 1ST TEE - COMPETITION available=False
2026-05-19 15:51:20 | INFO | Slot: time=12:53 pm status=12:53 PM 1ST TEE - COMPETITION TUTTLE, PHILIP 6 DAY MCCOLL, RICK 7 DAY FEIL, JOSHUA JUNIORS 17-18 CLOUGH, SAM JUNIORS 19 available=False
2026-05-19 15:51:20 | INFO | Slot: time=12:53 pm status=12:53 PM 1ST TEE - COMPETITION available=False
2026-05-19 15:51:20 | INFO | Slot: time=01:01 pm status=01:01 PM 1ST TEE - COMPETITION ARMSTRONG, JOHN 7 DAY JHOTY, JOE 7 DAY MACHADO, SAM JUNIORS 12-14 MOORE, IAN 7 DAY available=False
2026-05-19 15:51:20 | INFO | Slot: time=01:01 pm status=01:01 PM 1ST TEE - COMPETITION available=False
2026-05-19 15:51:20 | INFO | Slot: time=11:35 am status=11:35 AM 10TH TEE - COMPETITION SPAIN, LEANNE 5 DAY KIRKHAM, LYN 5 DAY BROOKS, JENNY 5 DAY SIMPSON, CHRISTINE 5 DAY 11:4 available=False
2026-05-19 15:51:20 | INFO | Slot: time=11:35 am status=11:35 AM 10TH TEE - COMPETITION SPAIN, LEANNE 5 DAY KIRKHAM, LYN 5 DAY BROOKS, JENNY 5 DAY SIMPSON, CHRISTINE 5 DAY available=False
2026-05-19 15:51:20 | INFO | Slot: time=11:35 am status=11:35 AM 10TH TEE - COMPETITION available=False
2026-05-19 15:51:20 | INFO | Slot: time=11:43 am status=11:43 AM 10TH TEE - COMPETITION LAWSON, JOHN 6 DAY LAWSON, ELIZABETH 5 DAY GIBSON, PETER 6 DAY GIBSON, SAM 5 DAY available=False
2026-05-19 15:51:20 | INFO | Slot: time=11:43 am status=11:43 AM 10TH TEE - COMPETITION available=False
2026-05-19 15:51:20 | INFO | Slot: time=11:51 am status=11:51 AM 10TH TEE - COMPETITION PLOZZA, HELENE 5 DAY BOYER, JULIE 5 DAY TRITT, SUE 5 DAY MALCOLM, KYLIE 5 DAY available=False
2026-05-19 15:51:20 | INFO | Slot: time=11:51 am status=11:51 AM 10TH TEE - COMPETITION available=False
2026-05-19 15:51:20 | INFO | Slot: time=11:59 am status=11:59 AM 10TH TEE - COMPETITION WILLIAMS, JANINE 5 DAY SHEEDY, LIBBY 5 DAY ROBSON, CHRISTINE 5 DAY MARTELL, CLARE 5 DAY available=False
2026-05-19 15:51:20 | INFO | Slot: time=11:59 am status=11:59 AM 10TH TEE - COMPETITION available=False
2026-05-19 15:51:20 | INFO | Slot: time=12:07 pm status=12:07 PM 10TH TEE - COMPETITION COULSELL, ANDREA 5 DAY QUINTON, CELESTE 5 DAY DICONZA, ROBERT 5 DAY ATKINSON, HARALD 7 D available=False
2026-05-19 15:51:20 | INFO | Slot: time=12:07 pm status=12:07 PM 10TH TEE - COMPETITION available=False
2026-05-19 15:51:20 | INFO | Slot: time=12:15 pm status=12:15 PM 10TH TEE - COMPETITION BAKKER, JEANETTE 5 DAY MCQUEEN, DON 5 DAY BAKKER, GERRY 5 DAY CARROLL, RHONDA 5 DAY available=False
2026-05-19 15:51:20 | INFO | Slot: time=12:15 pm status=12:15 PM 10TH TEE - COMPETITION available=False
2026-05-19 15:51:20 | INFO | Slot: time=12:23 pm status=12:23 PM 10TH TEE - COMPETITION PALLISCO, JOHN 6 DAY PATTI, COSIMO 6 DAY ARENA, SAM 6 DAY DEL MASTRO, ANGELO 7 DAY available=False
2026-05-19 15:51:20 | INFO | Slot: time=12:23 pm status=12:23 PM 10TH TEE - COMPETITION available=False
2026-05-19 15:51:20 | INFO | Slot: time=12:31 pm status=12:31 PM 10TH TEE - COMPETITION DUNNING, JONATHAN 7 DAY O'DRISCOLL, JACK 7 DAY NUCIFORA, ROB 7 DAY FITOS, CON 7 DAY available=False
2026-05-19 15:51:20 | INFO | Slot: time=12:31 pm status=12:31 PM 10TH TEE - COMPETITION available=False
2026-05-19 15:51:20 | INFO | Slot: time=12:39 pm status=12:39 PM 10TH TEE - COMPETITION RICHARDSON, KEVIN 7 DAY CONSTABLE, PHILIP 7 DAY MARSTON, JASON 6 DAY EVANS, TERRY 6 DAY available=False
2026-05-19 15:51:20 | INFO | Slot: time=12:39 pm status=12:39 PM 10TH TEE - COMPETITION available=False
2026-05-19 15:51:20 | INFO | Slot: time=12:47 pm status=12:47 PM 10TH TEE - COMPETITION ROBSON, RICHARD 6 DAY KERR, ALLAN 6 DAY FOX, PETER 6 DAY BAILEY, DAVID 6 DAY available=False
2026-05-19 15:51:20 | INFO | Slot: time=12:47 pm status=12:47 PM 10TH TEE - COMPETITION available=False
2026-05-19 15:51:20 | INFO | Slot: time=12:55 pm status=12:55 PM 10TH TEE - COMPETITION PAYTON, PETER 5 DAY WILLIAMS, CRAIG 6 DAY COGHLAN, ANDREW 5 DAY MONAGHAN, PETER 6 DAY available=False
2026-05-19 15:51:20 | INFO | Slot: time=12:55 pm status=12:55 PM 10TH TEE - COMPETITION available=False
2026-05-19 15:51:20 | INFO | Slot: time=01:03 pm status=01:03 PM 10TH TEE - COMPETITION BLYTH, ROGER 7 DAY JOHNS, NEIL 7 DAY CHAMPION, PETER 7 DAY HUNT, IAN 7 DAY available=False
2026-05-19 15:51:20 | INFO | Slot: time=01:03 pm status=01:03 PM 10TH TEE - COMPETITION available=False
2026-05-19 15:51:20 | INFO | Slot: time=03:45 pm status=BOOK GROUP available=True
2026-05-19 15:51:20 | INFO | Slot: time=03:45 pm status=03:45 PM 1ST TEE - SOCIAL 9 /18 HARRISON, AMANDA 5 DAY CHRYSTIE, LOUISE 5 DAY BYRNES, NOELENE 5 DAY KERR, NATALIE NINE H available=False
2026-05-19 15:51:20 | INFO | Slot: time=03:45 pm status=03:45 PM 1ST TEE - SOCIAL 9 /18 available=False
2026-05-19 15:51:20 | INFO | Slot: time=03:53 pm status=03:53 PM 1ST TEE - SOCIAL 9 /18 EDWARDS, GARETH NINE HOLE WAKEFORD, MITCHELL NINE HOLE BALACHANDRAN, VISHNU NINE HOLE GR available=False
2026-05-19 15:51:20 | INFO | Slot: time=03:53 pm status=03:53 PM 1ST TEE - SOCIAL 9 /18 available=False
2026-05-19 15:51:20 | INFO | Slot: time=04:01 pm status=BOOK GROUP available=True
2026-05-19 15:51:20 | INFO | Slot: time=UNKNOWN status=BOOK GROUP available=True
2026-05-19 15:51:20 | INFO | Slot: time=04:09 pm status=BOOK GROUP available=True
2026-05-19 15:51:20 | INFO | Slot: time=04:17 pm status=BOOK GROUP available=True
2026-05-19 15:51:20 | INFO | Slot: time=04:25 pm status=BOOK GROUP available=True
2026-05-19 15:51:20 | INFO | Slot: time=04:33 pm status=BOOK GROUP available=True
2026-05-19 15:51:20 | INFO | Slot: time=04:41 pm status=BOOK GROUP available=True
2026-05-19 15:51:20 | INFO | Slot: time=04:49 pm status=BOOK GROUP available=True
2026-05-19 15:51:20 | INFO | Slot: time=04:57 pm status=BOOK GROUP available=True
2026-05-19 15:51:20 | INFO | Slot: time=05:05 pm status=BOOK GROUP available=True
2026-05-19 15:51:20 | INFO | Slot: time=05:13 pm status=BOOK GROUP available=True
2026-05-19 15:51:20 | INFO | Slot: time=03:45 pm status=03:45 PM 10TH TEE - SOCIAL 9 /18 WILLIAMS, BRADLEY FLEXI POLACSEK, ELLEN YOUNG ADULT 26-30 POLACSEK, CHANTELLE NINE HOLE available=False
2026-05-19 15:51:20 | INFO | Slot: time=03:45 pm status=03:45 PM 10TH TEE - SOCIAL 9 /18 available=False
2026-05-19 15:51:20 | INFO | Slot: time=03:53 pm status=BOOK GROUP available=True
2026-05-19 15:51:20 | INFO | STATE => BOOK_FIRST_AVAILABLE
2026-05-19 15:51:20 | INFO | Found 14 eligible BOOK GROUP slots. Attempting bookings sequentially...
2026-05-19 15:51:20 | INFO | [1/14] Attempting to book slot: 07:16 am (BOOK GROUP)
2026-05-19 15:51:23 | WARNING | Browser alert popped up: This booking time has already been booked.  The bookings will be shown the next time this page is refreshed.
2026-05-19 15:51:23 | INFO | Slot 07:16 am is already booked, attempting next slot...
2026-05-19 15:51:23 | INFO | [2/14] Attempting to book slot: 03:45 pm (BOOK GROUP)
2026-05-19 15:51:25 | WARNING | Browser alert popped up: This booking time has already been booked.  The bookings will be shown the next time this page is refreshed.
2026-05-19 15:51:25 | INFO | Slot 03:45 pm is already booked, attempting next slot...
2026-05-19 15:51:25 | INFO | [3/14] Attempting to book slot: 03:53 pm (BOOK GROUP)
2026-05-19 15:51:33 | INFO | No Playing Partners modal detected.
2026-05-19 15:51:33 | INFO | Successfully initiated booking flow for slot 03:53 pm
2026-05-19 15:51:33 | INFO | STATE => CONFIRM_BOOKING
2026-05-19 15:51:35 | INFO | Saved screenshot: screenshots/20260519_105135_872854_pre_confirm_page.png
2026-05-19 15:51:35 | INFO | Confirm Booking button found: tag=button
2026-05-19 15:51:36 | INFO | Clicked Confirm Booking
2026-05-19 15:51:36 | INFO | STATE => VERIFY_SUCCESS
2026-05-19 15:51:40 | INFO | Verifying success. Current URL: https://northern.miclub.com.au/members/bookings/open/event.msp?booking_event_id=22475265&booking_resource_id=3000000&focus=22607212
2026-05-19 15:51:40 | INFO | Success! Detected booking redirect URL: https://northern.miclub.com.au/members/bookings/open/event.msp?booking_event_id=22475265&booking_resource_id=3000000&focus=22607212
2026-05-19 15:51:40 | INFO | BOOKING SECURED for Event 6: Slot 03:53 pm!
2026-05-19 15:51:40 | INFO | STATE => RETURN_TO_EVENT_LIST
2026-05-19 15:51:40 | INFO | Returning to event list URL: https://northern.miclub.com.au/views/members/booking/eventList.xhtml
2026-05-19 15:51:48 | INFO | Processing OPEN event 7 of 8
2026-05-19 15:51:48 | INFO | STATE => OPEN_EVENT
2026-05-19 15:51:48 | INFO | Navigating into open event index 6: OPEN
2026-05-19 15:51:55 | INFO | Event tee sheet opened
2026-05-19 15:51:55 | INFO | STATE => COLLECT_TEE_ROWS
2026-05-19 15:52:04 | INFO | Discovered 96 candidate slots
2026-05-19 15:52:04 | INFO | Slot: time=07:18 am status=BOOK GROUP available=True
2026-05-19 15:52:04 | INFO | Slot: time=07:18 am status=07:18 AM 1ST TEE - COMP OR SOCIAL 9 /18 POTTER, CHARLES 6 DAY PRATT, STAN 6 DAY RICHARDS, TODD 6 DAY PHELAN, ADAM 6 DAY available=False
2026-05-19 15:52:04 | INFO | Slot: time=07:18 am status=07:18 AM 1ST TEE - COMP OR SOCIAL 9 /18 available=False
2026-05-19 15:52:04 | INFO | Slot: time=07:26 am status=BOOK GROUP available=True
2026-05-19 15:52:04 | INFO | Slot: time=UNKNOWN status=BOOK GROUP available=True
2026-05-19 15:52:04 | INFO | Slot: time=07:34 am status=07:34 AM 1ST TEE - COMP OR SOCIAL 9 /18 WHITE, PAUL 5 DAY CULAKOVSKI, SASHA 7 DAY CARLISLE, JOHN 5 DAY CHRISTIE, NIGEL 5 available=False
2026-05-19 15:52:04 | INFO | Slot: time=07:34 am status=07:34 AM 1ST TEE - COMP OR SOCIAL 9 /18 available=False
2026-05-19 15:52:04 | INFO | Slot: time=07:42 am status=BOOK GROUP available=True
2026-05-19 15:52:04 | INFO | Slot: time=07:50 am status=07:50 AM 1ST TEE - COMP OR SOCIAL 9 /18 SULLIVAN, MAURICE 5 DAY PERRY, TREVOR 5 DAY LARKIN, KEVIN VISITOR LARKIN, SHAMUS available=False
2026-05-19 15:52:04 | INFO | Slot: time=07:50 am status=07:50 AM 1ST TEE - COMP OR SOCIAL 9 /18 available=False
2026-05-19 15:52:04 | INFO | Slot: time=07:58 am status=BOOK GROUP available=True
2026-05-19 15:52:04 | INFO | Slot: time=08:06 am status=08:06 AM 1ST TEE - COMP OR SOCIAL 9 /18 GOODEAR, PAUL 6 DAY NANKERVIS, RAYMOND 6 DAY HUNT, RAYMOND 6 DAY SIDEBOTTOM, PAU available=False
2026-05-19 15:52:04 | INFO | Slot: time=08:06 am status=08:06 AM 1ST TEE - COMP OR SOCIAL 9 /18 available=False
2026-05-19 15:52:04 | INFO | Slot: time=08:14 am status=BOOK GROUP available=True
2026-05-19 15:52:04 | INFO | Slot: time=08:22 am status=BOOK GROUP available=True
2026-05-19 15:52:04 | INFO | Slot: time=08:30 am status=BOOK GROUP available=True
2026-05-19 15:52:04 | INFO | Slot: time=08:38 am status=BOOK GROUP available=True
2026-05-19 15:52:04 | INFO | Slot: time=08:46 am status=BOOK GROUP available=True
2026-05-19 15:52:04 | INFO | Slot: time=08:54 am status=BOOK GROUP available=True
2026-05-19 15:52:04 | INFO | Slot: time=09:02 am status=BOOK GROUP available=True
2026-05-19 15:52:04 | INFO | Slot: time=09:10 am status=BOOK GROUP available=True
2026-05-19 15:52:04 | INFO | Slot: time=09:18 am status=09:18 AM 1ST TEE - COMP OR SOCIAL 9 /18 TARALLO, GUIDO 5 DAY SCHIRATO, ROBERT SPECIAL 5.12 MCMAHON, ANDREW 7 DAY CRIVELL available=False
2026-05-19 15:52:04 | INFO | Slot: time=09:18 am status=09:18 AM 1ST TEE - COMP OR SOCIAL 9 /18 available=False
2026-05-19 15:52:04 | INFO | Slot: time=09:26 am status=09:26 AM 1ST TEE - COMP OR SOCIAL 9 /18 TURNER, COLIN SPECIAL 5.12 MARCHESI, PETER 6 DAY CHAPMAN, GREG NINE HOLE SCARMOZ available=False
2026-05-19 15:52:04 | INFO | Slot: time=09:26 am status=09:26 AM 1ST TEE - COMP OR SOCIAL 9 /18 available=False
2026-05-19 15:52:04 | INFO | Slot: time=09:34 am status=09:34 AM 1ST TEE - COMP OR SOCIAL 9 /18 KIRCHER, JILL 5 DAY VANO, LUCIE 7 DAY RESERVED RESERVED available=False
2026-05-19 15:52:04 | INFO | Slot: time=09:34 am status=09:34 AM 1ST TEE - COMP OR SOCIAL 9 /18 available=False
2026-05-19 15:52:04 | INFO | Slot: time=09:42 am status=09:42 AM 1ST TEE - COMP OR SOCIAL 9 /18 VILLANI, ANGELA 5 DAY JUDD, AMANDA 5 DAY RESERVED RESERVED available=False
2026-05-19 15:52:04 | INFO | Slot: time=09:42 am status=09:42 AM 1ST TEE - COMP OR SOCIAL 9 /18 available=False
2026-05-19 15:52:04 | INFO | Slot: time=09:50 am status=BOOK GROUP available=True
2026-05-19 15:52:04 | INFO | Slot: time=09:58 am status=09:58 AM 1ST TEE - COMP OR SOCIAL 9 /18 LARGE, KEVIN SPECIAL 5.12 MCCANN, BARRY SPECIAL 5.12 D'ELIA, BRUNO SPECIAL 5.12  available=False
2026-05-19 15:52:04 | INFO | Slot: time=09:58 am status=09:58 AM 1ST TEE - COMP OR SOCIAL 9 /18 available=False
2026-05-19 15:52:04 | INFO | Slot: time=10:06 am status=10:06 AM 1ST TEE - COMP OR SOCIAL 9 /18 RONNE, PETER 6 DAY FISICARO, JOE 6 DAY MARINO, JOHN 6 DAY MANOVELLA, ANTHONY 6 D available=False
2026-05-19 15:52:04 | INFO | Slot: time=10:06 am status=10:06 AM 1ST TEE - COMP OR SOCIAL 9 /18 available=False
2026-05-19 15:52:04 | INFO | Slot: time=10:14 am status=10:14 AM 1ST TEE - COMP OR SOCIAL 9 /18 OLIVIERI, SILVIO 6 DAY SCARPA, JOE 6 DAY SEBASTIANO, GABRIEL 6 DAY SCARPA, SIMON available=False
2026-05-19 15:52:04 | INFO | Slot: time=10:14 am status=10:14 AM 1ST TEE - COMP OR SOCIAL 9 /18 available=False
2026-05-19 15:52:04 | INFO | Slot: time=10:22 am status=10:22 AM 1ST TEE - COMP OR SOCIAL 9 /18 FORSTER, PETER 7 DAY MCCOLL, RICK 7 DAY SWEBBS, MICK 7 DAY CONDRON, ALAN 7 DAY available=False
2026-05-19 15:52:04 | INFO | Slot: time=10:22 am status=10:22 AM 1ST TEE - COMP OR SOCIAL 9 /18 available=False
2026-05-19 15:52:04 | INFO | Slot: time=10:30 am status=10:30 AM 1ST TEE - COMP OR SOCIAL 9 /18 CAMPANELLI, JENNIFER NINE HOLE NICHOLSON, CHRISTINE NINE HOLE WARDLAW, KERRY WOM available=False
2026-05-19 15:52:04 | INFO | Slot: time=10:30 am status=10:30 AM 1ST TEE - COMP OR SOCIAL 9 /18 available=False
2026-05-19 15:52:04 | INFO | Slot: time=10:38 am status=BOOK GROUP available=True
2026-05-19 15:52:04 | INFO | Slot: time=10:46 am status=BOOK GROUP available=True
2026-05-19 15:52:04 | INFO | Slot: time=10:54 am status=BOOK GROUP available=True
2026-05-19 15:52:04 | INFO | Slot: time=11:02 am status=11:02 AM 1ST TEE - COMP OR SOCIAL 9 /18 INNER NORTH WEST INNER NORTH WEST INNER NORTH WEST INNER NORTH WEST available=False
2026-05-19 15:52:04 | INFO | Slot: time=11:02 am status=11:02 AM 1ST TEE - COMP OR SOCIAL 9 /18 available=False
2026-05-19 15:52:04 | INFO | Slot: time=11:10 am status=11:10 AM 1ST TEE - COMP OR SOCIAL 9 /18 INNER NORTH WEST INNER NORTH WEST INNER NORTH WEST INNER NORTH WEST available=False
2026-05-19 15:52:04 | INFO | Slot: time=11:10 am status=11:10 AM 1ST TEE - COMP OR SOCIAL 9 /18 available=False
2026-05-19 15:52:04 | INFO | Slot: time=11:18 am status=BOOK GROUP available=True
2026-05-19 15:52:04 | INFO | Slot: time=11:26 am status=BOOK GROUP available=True
2026-05-19 15:52:04 | INFO | Slot: time=11:34 am status=BOOK GROUP available=True
2026-05-19 15:52:04 | INFO | Slot: time=11:42 am status=BOOK GROUP available=True
2026-05-19 15:52:04 | INFO | Slot: time=11:50 am status=BOOK GROUP available=True
2026-05-19 15:52:04 | INFO | Slot: time=11:58 am status=BOOK GROUP available=True
2026-05-19 15:52:04 | INFO | Slot: time=12:06 pm status=BOOK GROUP available=True
2026-05-19 15:52:04 | INFO | Slot: time=12:14 pm status=BOOK GROUP available=True
2026-05-19 15:52:04 | INFO | Slot: time=12:22 pm status=BOOK GROUP available=True
2026-05-19 15:52:04 | INFO | Slot: time=12:30 pm status=BOOK GROUP available=True
2026-05-19 15:52:04 | INFO | Slot: time=12:38 pm status=BOOK GROUP available=True
2026-05-19 15:52:04 | INFO | Slot: time=12:46 pm status=BOOK GROUP available=True
2026-05-19 15:52:04 | INFO | Slot: time=12:54 pm status=BOOK GROUP available=True
2026-05-19 15:52:04 | INFO | Slot: time=01:02 pm status=BOOK GROUP available=True
2026-05-19 15:52:04 | INFO | Slot: time=01:10 pm status=BOOK GROUP available=True
2026-05-19 15:52:04 | INFO | Slot: time=01:18 pm status=BOOK GROUP available=True
2026-05-19 15:52:04 | INFO | Slot: time=01:26 pm status=BOOK GROUP available=True
2026-05-19 15:52:04 | INFO | Slot: time=01:34 pm status=BOOK GROUP available=True
2026-05-19 15:52:04 | INFO | Slot: time=01:42 pm status=BOOK GROUP available=True
2026-05-19 15:52:04 | INFO | Slot: time=01:50 pm status=BOOK GROUP available=True
2026-05-19 15:52:04 | INFO | Slot: time=01:58 pm status=BOOK GROUP available=True
2026-05-19 15:52:04 | INFO | Slot: time=02:06 pm status=BOOK GROUP available=True
2026-05-19 15:52:04 | INFO | Slot: time=02:14 pm status=BOOK GROUP available=True
2026-05-19 15:52:04 | INFO | Slot: time=02:22 pm status=BOOK GROUP available=True
2026-05-19 15:52:04 | INFO | Slot: time=02:30 pm status=BOOK GROUP available=True
2026-05-19 15:52:04 | INFO | Slot: time=02:38 pm status=BOOK GROUP available=True
2026-05-19 15:52:04 | INFO | Slot: time=02:46 pm status=BOOK GROUP available=True
2026-05-19 15:52:04 | INFO | Slot: time=02:54 pm status=BOOK GROUP available=True
2026-05-19 15:52:04 | INFO | Slot: time=03:02 pm status=BOOK GROUP available=True
2026-05-19 15:52:04 | INFO | Slot: time=03:10 pm status=BOOK GROUP available=True
2026-05-19 15:52:04 | INFO | Slot: time=03:18 pm status=BOOK GROUP available=True
2026-05-19 15:52:04 | INFO | Slot: time=03:26 pm status=BOOK GROUP available=True
2026-05-19 15:52:04 | INFO | Slot: time=03:34 pm status=BOOK GROUP available=True
2026-05-19 15:52:04 | INFO | Slot: time=03:42 pm status=BOOK GROUP available=True
2026-05-19 15:52:04 | INFO | Slot: time=03:50 pm status=BOOK GROUP available=True
2026-05-19 15:52:04 | INFO | Slot: time=03:58 pm status=BOOK GROUP available=True
2026-05-19 15:52:04 | INFO | Slot: time=04:06 pm status=BOOK GROUP available=True
2026-05-19 15:52:04 | INFO | Slot: time=04:14 pm status=BOOK GROUP available=True
2026-05-19 15:52:04 | INFO | Slot: time=04:22 pm status=BOOK GROUP available=True
2026-05-19 15:52:04 | INFO | Slot: time=04:30 pm status=BOOK GROUP available=True
2026-05-19 15:52:04 | INFO | Slot: time=04:38 pm status=BOOK GROUP available=True
2026-05-19 15:52:04 | INFO | Slot: time=04:46 pm status=BOOK GROUP available=True
2026-05-19 15:52:04 | INFO | Slot: time=04:54 pm status=BOOK GROUP available=True
2026-05-19 15:52:04 | INFO | Slot: time=05:02 pm status=BOOK GROUP available=True
2026-05-19 15:52:04 | INFO | Slot: time=05:10 pm status=BOOK GROUP available=True
2026-05-19 15:52:04 | INFO | Slot: time=05:18 pm status=BOOK GROUP available=True
2026-05-19 15:52:04 | INFO | Slot: time=05:26 pm status=BOOK GROUP available=True
2026-05-19 15:52:04 | INFO | Slot: time=05:34 pm status=BOOK GROUP available=True
2026-05-19 15:52:04 | INFO | Slot: time=05:42 pm status=BOOK GROUP available=True
2026-05-19 15:52:04 | INFO | STATE => BOOK_FIRST_AVAILABLE
2026-05-19 15:52:04 | INFO | Found 66 eligible BOOK GROUP slots. Attempting bookings sequentially...
2026-05-19 15:52:04 | INFO | [1/66] Attempting to book slot: 07:18 am (BOOK GROUP)
2026-05-19 15:52:07 | WARNING | Browser alert popped up: This booking time has already been booked.  The bookings will be shown the next time this page is refreshed.
2026-05-19 15:52:07 | INFO | Slot 07:18 am is already booked, attempting next slot...
2026-05-19 15:52:07 | INFO | [2/66] Attempting to book slot: 07:26 am (BOOK GROUP)
2026-05-19 15:52:09 | INFO | Playing Partners modal detected. Clicking 'No'.
2026-05-19 15:52:14 | INFO | Successfully initiated booking flow for slot 07:26 am
2026-05-19 15:52:14 | INFO | STATE => CONFIRM_BOOKING
2026-05-19 15:52:16 | INFO | Saved screenshot: screenshots/20260519_105216_269830_pre_confirm_page.png
2026-05-19 15:52:16 | INFO | Confirm Booking button found: tag=button
2026-05-19 15:52:17 | INFO | Clicked Confirm Booking
2026-05-19 15:52:17 | INFO | STATE => VERIFY_SUCCESS
2026-05-19 15:52:20 | INFO | Verifying success. Current URL: https://northern.miclub.com.au/members/bookings/open/event.msp?booking_event_id=22475266&booking_resource_id=3000000&focus=22607250
2026-05-19 15:52:20 | INFO | Success! Detected booking redirect URL: https://northern.miclub.com.au/members/bookings/open/event.msp?booking_event_id=22475266&booking_resource_id=3000000&focus=22607250
2026-05-19 15:52:20 | INFO | BOOKING SECURED for Event 7: Slot 07:26 am!
2026-05-19 15:52:20 | INFO | STATE => RETURN_TO_EVENT_LIST
2026-05-19 15:52:20 | INFO | Returning to event list URL: https://northern.miclub.com.au/views/members/booking/eventList.xhtml
2026-05-19 15:52:27 | INFO | Processing OPEN event 8 of 8
2026-05-19 15:52:27 | INFO | STATE => OPEN_EVENT
2026-05-19 15:52:27 | INFO | Navigating into open event index 7: OPEN
2026-05-19 15:52:34 | INFO | Event tee sheet opened
2026-05-19 15:52:34 | INFO | STATE => COLLECT_TEE_ROWS
2026-05-19 15:52:35 | INFO | Discovered 2 candidate slots
2026-05-19 15:52:35 | INFO | Slot: time=05:30 pm status=BOOK GROUP available=True
2026-05-19 15:52:35 | INFO | Slot: time=UNKNOWN status=BOOK GROUP available=True
2026-05-19 15:52:35 | INFO | STATE => BOOK_FIRST_AVAILABLE
2026-05-19 15:52:35 | INFO | Found 2 eligible BOOK GROUP slots. Attempting bookings sequentially...
2026-05-19 15:52:35 | INFO | [1/2] Attempting to book slot: 05:30 pm (BOOK GROUP)
2026-05-19 15:52:37 | INFO | Playing Partners modal detected. Clicking 'No'.
2026-05-19 15:52:42 | INFO | Successfully initiated booking flow for slot 05:30 pm
2026-05-19 15:52:42 | INFO | STATE => CONFIRM_BOOKING
2026-05-19 15:52:44 | INFO | Saved screenshot: screenshots/20260519_105244_494111_pre_confirm_page.png
2026-05-19 15:52:44 | INFO | Confirm Booking button found: tag=button
2026-05-19 15:52:45 | INFO | Clicked Confirm Booking
2026-05-19 15:52:45 | INFO | STATE => VERIFY_SUCCESS
2026-05-19 15:52:49 | INFO | Verifying success. Current URL: https://northern.miclub.com.au/members/bookings/open/event.msp?booking_event_id=22475612&booking_resource_id=3000000&focus=22607703
2026-05-19 15:52:49 | INFO | Success! Detected booking redirect URL: https://northern.miclub.com.au/members/bookings/open/event.msp?booking_event_id=22475612&booking_resource_id=3000000&focus=22607703
2026-05-19 15:52:49 | INFO | BOOKING SECURED for Event 8: Slot 05:30 pm!
2026-05-19 15:52:49 | INFO | STATE => RETURN_TO_EVENT_LIST
2026-05-19 15:52:49 | INFO | Returning to event list URL: https://northern.miclub.com.au/views/members/booking/eventList.xhtml
2026-05-19 15:52:57 | INFO | === TRAVERSAL COMPLETE: SECURED 8 BOOKINGS ===
2026-05-19 15:52:57 | INFO |   [1] Slot: 07:42 am | Details: Redirected to https://northern.miclub.com.au/members/bookings/open/event.msp?booking_event_id=22475260&booking_resource_id=3000000&focus=22606778
2026-05-19 15:52:57 | INFO |   [2] Slot: 07:15 am | Details: Redirected to https://northern.miclub.com.au/members/bookings/open/event.msp?booking_event_id=22475261&booking_resource_id=3000000&focus=22607033
2026-05-19 15:52:57 | INFO |   [3] Slot: 08:58 am | Details: Confirmed by post-click state
2026-05-19 15:52:57 | INFO |   [4] Slot: 07:07 am | Details: Redirected to https://northern.miclub.com.au/members/bookings/open/event.msp?booking_event_id=22475263&booking_resource_id=3000000&focus=22606932
2026-05-19 15:52:57 | INFO |   [5] Slot: 12:39 pm | Details: Redirected to https://northern.miclub.com.au/members/bookings/open/event.msp?booking_event_id=22475264&booking_resource_id=3000000&focus=22607381
2026-05-19 15:52:57 | INFO |   [6] Slot: 03:53 pm | Details: Redirected to https://northern.miclub.com.au/members/bookings/open/event.msp?booking_event_id=22475265&booking_resource_id=3000000&focus=22607212
2026-05-19 15:52:57 | INFO |   [7] Slot: 07:26 am | Details: Redirected to https://northern.miclub.com.au/members/bookings/open/event.msp?booking_event_id=22475266&booking_resource_id=3000000&focus=22607250
2026-05-19 15:52:57 | INFO |   [8] Slot: 05:30 pm | Details: Redirected to https://northern.miclub.com.au/members/bookings/open/event.msp?booking_event_id=22475612&booking_resource_id=3000000&focus=22607703
2026-05-19 15:52:57 | INFO | BOOKING SUCCESS | slot=05:30 pm | confirmation=Redirected to https://northern.miclub.com.au/members/bookings/open/event.msp?booking_event_id=22475612&booking_resource_id=3000000&focus=22607703
2026-05-19 16:11:35 | INFO | STATE => LOGIN
2026-05-19 16:12:04 | INFO | Login successful
2026-05-19 16:12:04 | INFO | STATE => OPEN_EVENT_LIST
2026-05-19 16:12:04 | INFO | Found Bookings link (attempt 1)
2026-05-19 16:12:13 | INFO | Opened bookings event list page. Saved URL: https://northern.miclub.com.au/views/members/booking/eventList.xhtml
2026-05-19 16:12:13 | INFO | STATE => COLLECT_EVENTS
2026-05-19 16:12:13 | INFO | Discovered 8 OPEN events
2026-05-19 16:12:13 | INFO | Processing OPEN event 1 of 8
2026-05-19 16:12:13 | INFO | STATE => OPEN_EVENT
2026-05-19 16:12:13 | INFO | Navigating into open event index 0: OPEN
2026-05-19 16:12:21 | INFO | Event tee sheet opened
2026-05-19 16:12:21 | INFO | STATE => COLLECT_TEE_ROWS
2026-05-19 16:12:29 | INFO | Discovered 88 candidate slots
2026-05-19 16:12:29 | INFO | Slot: time=07:18 am status=BOOK GROUP available=True
2026-05-19 16:12:29 | INFO | Slot: time=07:18 am status=07:18 AM 1ST TEE - COMP OR SOCIAL 9 /18 GALEA, MARTIN 5 DAY GAZZOLA, MARCO 7 DAY CRISCIONE, JOHN 5 DAY CAPECI, VINCE 7 D available=False
2026-05-19 16:12:29 | INFO | Slot: time=07:18 am status=07:18 AM 1ST TEE - COMP OR SOCIAL 9 /18 available=False
2026-05-19 16:12:29 | INFO | Slot: time=07:26 am status=07:26 AM 1ST TEE - COMP OR SOCIAL 9 /18 CHRISTIAN, IAN 7 DAY VOCALE, BEN 7 DAY SINGH, NAVEEN 5 DAY JORDAN, DALE VISITOR  available=False
2026-05-19 16:12:29 | INFO | Slot: time=07:26 am status=07:26 AM 1ST TEE - COMP OR SOCIAL 9 /18 available=False
2026-05-19 16:12:29 | INFO | Slot: time=07:34 am status=07:34 AM 1ST TEE - COMP OR SOCIAL 9 /18 TORTORELLA, ANDREW 7 DAY BORRELLI, LOU 5 DAY RHODES, JOHN 6 DAY BAILEY, WAYNE ME available=False
2026-05-19 16:12:29 | INFO | Slot: time=07:34 am status=07:34 AM 1ST TEE - COMP OR SOCIAL 9 /18 available=False
2026-05-19 16:12:29 | INFO | Slot: time=07:42 am status=BOOK GROUP available=True
2026-05-19 16:12:29 | INFO | Slot: time=UNKNOWN status=BOOK GROUP available=True
2026-05-19 16:12:29 | INFO | Slot: time=07:50 am status=07:50 AM 1ST TEE - COMP OR SOCIAL 9 /18 CRISAPULLI, VINCE 5 DAY CARLISLE, JOHN 5 DAY GALTIERI, VINCE 6 DAY PARBHOO, KHAN available=False
2026-05-19 16:12:29 | INFO | Slot: time=07:50 am status=07:50 AM 1ST TEE - COMP OR SOCIAL 9 /18 available=False
2026-05-19 16:12:29 | INFO | Slot: time=07:58 am status=07:58 AM 1ST TEE - COMP OR SOCIAL 9 /18 JHOTY, JOE 7 DAY KNIGHT, TREVOR 5 DAY HUSSEY, MARK 6 DAY HILL, JENNIE 6 DAY available=False
2026-05-19 16:12:29 | INFO | Slot: time=07:58 am status=07:58 AM 1ST TEE - COMP OR SOCIAL 9 /18 available=False
2026-05-19 16:12:29 | INFO | Slot: time=08:06 am status=BOOK GROUP available=True
2026-05-19 16:12:29 | INFO | Slot: time=08:14 am status=BOOK GROUP available=True
2026-05-19 16:12:29 | INFO | Slot: time=08:22 am status=08:22 AM 1ST TEE - COMP OR SOCIAL 9 /18 RYAN, STEPHEN 5 DAY MOLONEY, HELEN 5 DAY NIGHTINGALE, ALLISON 5 DAY PORTER, RAGN available=False
2026-05-19 16:12:29 | INFO | Slot: time=08:22 am status=08:22 AM 1ST TEE - COMP OR SOCIAL 9 /18 available=False
2026-05-19 16:12:29 | INFO | Slot: time=08:30 am status=08:30 AM 1ST TEE - COMP OR SOCIAL 9 /18 JONES, ANNIE 5 DAY HUGHES, DIANNE 5 DAY LIU, RONG 6 DAY DAVIES, DEIDRE 5 DAY available=False
2026-05-19 16:12:29 | INFO | Slot: time=08:30 am status=08:30 AM 1ST TEE - COMP OR SOCIAL 9 /18 available=False
2026-05-19 16:12:29 | INFO | Slot: time=08:38 am status=08:38 AM 1ST TEE - COMP OR SOCIAL 9 /18 WALKER, MARY 5 DAY LEYDEN, BEVERLEY 5 DAY HOEY, JANINE 5 DAY BERNHARDT, SARAH VI available=False
2026-05-19 16:12:29 | INFO | Slot: time=08:38 am status=08:38 AM 1ST TEE - COMP OR SOCIAL 9 /18 available=False
2026-05-19 16:12:29 | INFO | Slot: time=08:46 am status=BOOK GROUP available=True
2026-05-19 16:12:29 | INFO | Slot: time=08:54 am status=BOOK GROUP available=True
2026-05-19 16:12:29 | INFO | Slot: time=09:02 am status=BOOK GROUP available=True
2026-05-19 16:12:29 | INFO | Slot: time=09:10 am status=BOOK GROUP available=True
2026-05-19 16:12:29 | INFO | Slot: time=09:18 am status=09:18 AM 1ST TEE - COMP OR SOCIAL 9 /18 BRUGALETTA, MANNY SPECIAL 5.12 CRIVELLI, BRUNO SPECIAL 5.12 SCHIRATO, ROBERT SPE available=False
2026-05-19 16:12:29 | INFO | Slot: time=09:18 am status=09:18 AM 1ST TEE - COMP OR SOCIAL 9 /18 available=False
2026-05-19 16:12:29 | INFO | Slot: time=09:26 am status=09:26 AM 1ST TEE - COMP OR SOCIAL 9 /18 VINCITORIO, MATT SPECIAL 5.12 TANCREDI, FRANK SPECIAL 5.12 DALSANTO, JOHN SPECIA available=False
2026-05-19 16:12:29 | INFO | Slot: time=09:26 am status=09:26 AM 1ST TEE - COMP OR SOCIAL 9 /18 available=False
2026-05-19 16:12:29 | INFO | Slot: time=09:34 am status=09:34 AM 1ST TEE - COMP OR SOCIAL 9 /18 RAMALINGAM, SHEKILA NINE HOLE RAMALINGAM, SHAMALA NINE HOLE RITCHIE, ELISE NINE  available=False
2026-05-19 16:12:29 | INFO | Slot: time=09:34 am status=09:34 AM 1ST TEE - COMP OR SOCIAL 9 /18 available=False
2026-05-19 16:12:29 | INFO | Slot: time=09:42 am status=09:42 AM 1ST TEE - COMP OR SOCIAL 9 /18 WILKINSON, JAN SPECIAL 5.12 GIBSON, FRANCES SPECIAL 5.12 HILL, KAY 5 DAY KEATING available=False
2026-05-19 16:12:29 | INFO | Slot: time=09:42 am status=09:42 AM 1ST TEE - COMP OR SOCIAL 9 /18 available=False
2026-05-19 16:12:29 | INFO | Slot: time=09:50 am status=09:50 AM 1ST TEE - COMP OR SOCIAL 9 /18 YEOH, DANIEL 5 DAY LITTLE, KELVIN 7 DAY CHIERA, ANTHONY VISITOR - FUTURE GOLF ED available=False
2026-05-19 16:12:29 | INFO | Slot: time=09:50 am status=09:50 AM 1ST TEE - COMP OR SOCIAL 9 /18 available=False
2026-05-19 16:12:29 | INFO | Slot: time=09:58 am status=BOOK GROUP available=True
2026-05-19 16:12:29 | INFO | Slot: time=10:06 am status=BOOK GROUP available=True
2026-05-19 16:12:29 | INFO | Slot: time=10:14 am status=10:14 AM 1ST TEE - COMP OR SOCIAL 9 /18 CHURCH, GLENIS 5 DAY BULT, SHIRLEY 5 DAY MITCHELL, PAULA 5 DAY CHIN, ANNA NINE H available=False
2026-05-19 16:12:29 | INFO | Slot: time=10:14 am status=10:14 AM 1ST TEE - COMP OR SOCIAL 9 /18 available=False
2026-05-19 16:12:29 | INFO | Slot: time=10:22 am status=BOOK GROUP available=True
2026-05-19 16:12:29 | INFO | Slot: time=10:30 am status=10:30 AM 1ST TEE - COMP OR SOCIAL 9 /18 SIMPSON, CHRISTINE 5 DAY CONLAN, JUDI 5 DAY CARROLL, PHILLIP 7 DAY WHITE, CAROL  available=False
2026-05-19 16:12:29 | INFO | Slot: time=10:30 am status=10:30 AM 1ST TEE - COMP OR SOCIAL 9 /18 available=False
2026-05-19 16:12:29 | INFO | Slot: time=10:38 am status=BOOK GROUP available=True
2026-05-19 16:12:29 | INFO | Slot: time=10:46 am status=BOOK GROUP available=True
2026-05-19 16:12:29 | INFO | Slot: time=10:54 am status=BOOK GROUP available=True
2026-05-19 16:12:29 | INFO | Slot: time=11:02 am status=11:02 AM 1ST TEE - COMP OR SOCIAL 9 /18 LOCCISANO, STEPHEN 6 DAY LOCCISANO, VINCENT 6 DAY MONTESANO, BRUNO 6 DAY YOUNG,  available=False
2026-05-19 16:12:29 | INFO | Slot: time=11:02 am status=11:02 AM 1ST TEE - COMP OR SOCIAL 9 /18 available=False
2026-05-19 16:12:29 | INFO | Slot: time=11:10 am status=BOOK GROUP available=True
2026-05-19 16:12:29 | INFO | Slot: time=11:18 am status=BOOK GROUP available=True
2026-05-19 16:12:29 | INFO | Slot: time=11:26 am status=BOOK GROUP available=True
2026-05-19 16:12:29 | INFO | Slot: time=11:34 am status=BOOK GROUP available=True
2026-05-19 16:12:29 | INFO | Slot: time=11:42 am status=BOOK GROUP available=True
2026-05-19 16:12:29 | INFO | Slot: time=11:50 am status=BOOK GROUP available=True
2026-05-19 16:12:29 | INFO | Slot: time=11:58 am status=BOOK GROUP available=True
2026-05-19 16:12:29 | INFO | Slot: time=12:06 pm status=BOOK GROUP available=True
2026-05-19 16:12:29 | INFO | Slot: time=12:14 pm status=BOOK GROUP available=True
2026-05-19 16:12:29 | INFO | Slot: time=12:22 pm status=BOOK GROUP available=True
2026-05-19 16:12:29 | INFO | Slot: time=12:30 pm status=BOOK GROUP available=True
2026-05-19 16:12:29 | INFO | Slot: time=12:38 pm status=12:38 PM 1ST TEE - COMP OR SOCIAL 9 /18 SULLIVAN, ANTHONY 6 DAY WHITE, PHIL VISITOR GRAHAM, KENNETH 6 DAY LEARD, TONY VI available=False
2026-05-19 16:12:29 | INFO | Slot: time=12:38 pm status=12:38 PM 1ST TEE - COMP OR SOCIAL 9 /18 available=False
2026-05-19 16:12:29 | INFO | Slot: time=12:46 pm status=BOOK GROUP available=True
2026-05-19 16:12:29 | INFO | Slot: time=12:54 pm status=BOOK GROUP available=True
2026-05-19 16:12:29 | INFO | Slot: time=01:02 pm status=BOOK GROUP available=True
2026-05-19 16:12:29 | INFO | Slot: time=01:10 pm status=BOOK GROUP available=True
2026-05-19 16:12:29 | INFO | Slot: time=01:18 pm status=BOOK GROUP available=True
2026-05-19 16:12:29 | INFO | Slot: time=01:26 pm status=BOOK GROUP available=True
2026-05-19 16:12:29 | INFO | Slot: time=01:34 pm status=BOOK GROUP available=True
2026-05-19 16:12:29 | INFO | Slot: time=01:42 pm status=BOOK GROUP available=True
2026-05-19 16:12:29 | INFO | Slot: time=01:50 pm status=BOOK GROUP available=True
2026-05-19 16:12:29 | INFO | Slot: time=01:58 pm status=BOOK GROUP available=True
2026-05-19 16:12:29 | INFO | Slot: time=02:06 pm status=BOOK GROUP available=True
2026-05-19 16:12:29 | INFO | Slot: time=02:14 pm status=BOOK GROUP available=True
2026-05-19 16:12:29 | INFO | Slot: time=02:22 pm status=BOOK GROUP available=True
2026-05-19 16:12:29 | INFO | Slot: time=02:30 pm status=BOOK GROUP available=True
2026-05-19 16:12:29 | INFO | Slot: time=02:38 pm status=BOOK GROUP available=True
2026-05-19 16:12:29 | INFO | Slot: time=02:46 pm status=BOOK GROUP available=True
2026-05-19 16:12:29 | INFO | Slot: time=02:54 pm status=BOOK GROUP available=True
2026-05-19 16:12:29 | INFO | Slot: time=03:02 pm status=BOOK GROUP available=True
2026-05-19 16:12:29 | INFO | Slot: time=03:10 pm status=BOOK GROUP available=True
2026-05-19 16:12:29 | INFO | Slot: time=03:18 pm status=BOOK GROUP available=True
2026-05-19 16:12:29 | INFO | Slot: time=04:46 pm status=BOOK GROUP available=True
2026-05-19 16:12:29 | INFO | Slot: time=04:54 pm status=BOOK GROUP available=True
2026-05-19 16:12:29 | INFO | Slot: time=05:02 pm status=BOOK GROUP available=True
2026-05-19 16:12:29 | INFO | Slot: time=05:10 pm status=BOOK GROUP available=True
2026-05-19 16:12:29 | INFO | Slot: time=05:18 pm status=BOOK GROUP available=True
2026-05-19 16:12:29 | INFO | Slot: time=05:26 pm status=BOOK GROUP available=True
2026-05-19 16:12:29 | INFO | Slot: time=05:34 pm status=BOOK GROUP available=True
2026-05-19 16:12:29 | INFO | Slot: time=05:42 pm status=BOOK GROUP available=True
2026-05-19 16:12:29 | INFO | STATE => BOOK_FIRST_AVAILABLE
2026-05-19 16:12:29 | INFO | Found 54 partially full groups. Prioritizing them over empty groups.
2026-05-19 16:12:29 | INFO | Found 54 eligible BOOK GROUP slots. Attempting bookings sequentially...
2026-05-19 16:12:29 | INFO | [1/54] Attempting to book slot: 07:18 am (BOOK GROUP)
2026-05-19 16:12:31 | WARNING | Browser alert popped up: This booking time has already been booked.  The bookings will be shown the next time this page is refreshed.
2026-05-19 16:12:31 | INFO | Slot 07:18 am is already booked, attempting next slot...
2026-05-19 16:12:31 | INFO | [2/54] Attempting to book slot: 07:42 am (BOOK GROUP)
2026-05-19 16:12:39 | INFO | No Playing Partners modal detected.
2026-05-19 16:12:39 | INFO | Successfully initiated booking flow for slot 07:42 am
2026-05-19 16:12:39 | INFO | STATE => CONFIRM_BOOKING
2026-05-19 16:12:41 | INFO | Saved screenshot: screenshots/20260519_111241_865736_pre_confirm_page.png
2026-05-19 16:12:41 | INFO | Confirm Booking button found: tag=button
2026-05-19 16:12:42 | INFO | Clicked Confirm Booking
2026-05-19 16:12:42 | INFO | STATE => VERIFY_SUCCESS
2026-05-19 16:12:47 | INFO | Verifying success. Current URL: https://northern.miclub.com.au/members/bookings/open/event.msp?booking_event_id=22475260&booking_resource_id=3000000&focus=22606778
2026-05-19 16:12:47 | INFO | Success! Detected booking redirect URL: https://northern.miclub.com.au/members/bookings/open/event.msp?booking_event_id=22475260&booking_resource_id=3000000&focus=22606778
2026-05-19 16:12:47 | INFO | BOOKING SECURED for Event 1: Slot 07:42 am!
2026-05-19 16:12:47 | INFO | STATE => RETURN_TO_EVENT_LIST
2026-05-19 16:12:47 | INFO | Returning to event list URL: https://northern.miclub.com.au/views/members/booking/eventList.xhtml
2026-05-19 16:12:54 | INFO | Processing OPEN event 2 of 8
2026-05-19 16:12:54 | INFO | STATE => OPEN_EVENT
2026-05-19 16:12:54 | INFO | Navigating into open event index 1: OPEN
2026-05-19 16:13:01 | INFO | Event tee sheet opened
2026-05-19 16:13:01 | INFO | STATE => COLLECT_TEE_ROWS
2026-05-19 16:13:09 | INFO | Discovered 116 candidate slots
2026-05-19 16:13:09 | INFO | Slot: time=07:15 am status=BOOK GROUP available=True
2026-05-19 16:13:09 | INFO | Slot: time=07:15 am status=07:15 AM 1ST TEE - COMPETITION THOMPSON, CRAIG 7 DAY O'CONNOR, BARRY 7 DAY GRAY, JOSHUA YOUNG ADULT 26-30 CULAKOVSKI, SA available=False
2026-05-19 16:13:09 | INFO | Slot: time=07:15 am status=07:15 AM 1ST TEE - COMPETITION available=False
2026-05-19 16:13:09 | INFO | Slot: time=07:23 am status=BOOK GROUP available=True
2026-05-19 16:13:09 | INFO | Slot: time=UNKNOWN status=BOOK GROUP available=True
2026-05-19 16:13:09 | INFO | Slot: time=07:31 am status=BOOK GROUP available=True
2026-05-19 16:13:09 | INFO | Slot: time=07:39 am status=07:39 AM 1ST TEE - COMPETITION PENGELLY, KEN 7 DAY BOWLER, GREG 7 DAY HOWARTH, TOM HONORARY NV TURNER, BLAIR YOUNG ADULT available=False
2026-05-19 16:13:09 | INFO | Slot: time=07:39 am status=07:39 AM 1ST TEE - COMPETITION available=False
2026-05-19 16:13:09 | INFO | Slot: time=07:47 am status=07:47 AM 1ST TEE - COMPETITION WOTHERSPOON, IAN 6 DAY BANAVALI, GIRISH 6 DAY FERRIS, COLIN 6 DAY BELCHER, JANE 6 DAY available=False
2026-05-19 16:13:09 | INFO | Slot: time=07:47 am status=07:47 AM 1ST TEE - COMPETITION available=False
2026-05-19 16:13:09 | INFO | Slot: time=07:55 am status=BOOK GROUP available=True
2026-05-19 16:13:09 | INFO | Slot: time=08:03 am status=08:03 AM 1ST TEE - COMPETITION THOMPSON, BRUCE 7 DAY BAJORAS, TONY 6 DAY KELLY, ANDREW 6 DAY HARRIS, JOHN 6 DAY available=False
2026-05-19 16:13:09 | INFO | Slot: time=08:03 am status=08:03 AM 1ST TEE - COMPETITION available=False
2026-05-19 16:13:09 | INFO | Slot: time=08:11 am status=08:11 AM 1ST TEE - COMPETITION MCDONALD, LEIGH 6 DAY MCGRAW, PAUL 6 DAY SIDEBOTTOM, PAUL 6 DAY RODDA, MARK 7 DAY available=False
2026-05-19 16:13:09 | INFO | Slot: time=08:11 am status=08:11 AM 1ST TEE - COMPETITION available=False
2026-05-19 16:13:09 | INFO | Slot: time=08:19 am status=BOOK GROUP available=True
2026-05-19 16:13:09 | INFO | Slot: time=08:27 am status=08:27 AM 1ST TEE - COMPETITION GARDINER, GREG 7 DAY RYAN, ROBERT 7 DAY STEPHENS, DAN 7 DAY ABBENANTE, TONY 6 DAY available=False
2026-05-19 16:13:09 | INFO | Slot: time=08:27 am status=08:27 AM 1ST TEE - COMPETITION available=False
2026-05-19 16:13:09 | INFO | Slot: time=08:35 am status=08:35 AM 1ST TEE - COMPETITION PASHAKIS, PERRY 7 DAY ADAMS, PETER 7 DAY GAZZOLA, MARCO 7 DAY RHODES, JOHN 6 DAY available=False
2026-05-19 16:13:09 | INFO | Slot: time=08:35 am status=08:35 AM 1ST TEE - COMPETITION available=False
2026-05-19 16:13:09 | INFO | Slot: time=08:43 am status=08:43 AM 1ST TEE - COMPETITION CAVEN, TONY 6 DAY MADDEN, PAUL 6 DAY SUTCLIFFE, LEWIS 6 DAY LAWSON, JOHN 6 DAY available=False
2026-05-19 16:13:09 | INFO | Slot: time=08:43 am status=08:43 AM 1ST TEE - COMPETITION available=False
2026-05-19 16:13:09 | INFO | Slot: time=08:51 am status=08:51 AM 1ST TEE - COMPETITION QUINTON, ALAN 6 DAY HYNES, JIM 6 DAY TUTTLE, PHILIP 6 DAY MCCOLL, RICK 7 DAY available=False
2026-05-19 16:13:09 | INFO | Slot: time=08:51 am status=08:51 AM 1ST TEE - COMPETITION available=False
2026-05-19 16:13:09 | INFO | Slot: time=08:59 am status=08:59 AM 1ST TEE - COMPETITION LOCCISANO, STEPHEN 6 DAY ALOI, CHRISTOPHER 6 DAY LOCCISANO, VINCENT 6 DAY MONTESANO, BRUN available=False
2026-05-19 16:13:09 | INFO | Slot: time=08:59 am status=08:59 AM 1ST TEE - COMPETITION available=False
2026-05-19 16:13:09 | INFO | Slot: time=09:07 am status=BOOK GROUP available=True
2026-05-19 16:13:09 | INFO | Slot: time=07:15 am status=07:15 AM 10TH TEE - COMPETITION HOWITT, CHRIS 7 DAY SWEBBS, MICK 7 DAY KLEINIG, MICHAEL 7 DAY LAMBERT, COLIN 6 DAY available=False
2026-05-19 16:13:09 | INFO | Slot: time=07:15 am status=07:15 AM 10TH TEE - COMPETITION available=False
2026-05-19 16:13:09 | INFO | Slot: time=07:31 am status=07:31 AM 10TH TEE - COMPETITION DE CICCO, VINCE 7 DAY LORENZI, ANDREW 6 DAY HODDER, MATT 7 DAY HICKS, WAYNE 7 DAY available=False
2026-05-19 16:13:09 | INFO | Slot: time=07:31 am status=07:31 AM 10TH TEE - COMPETITION available=False
2026-05-19 16:13:09 | INFO | Slot: time=07:39 am status=07:39 AM 10TH TEE - COMPETITION MCCANN, STEPHEN N 6 DAY GREALY, MAURIE 7 DAY VULIN, MILO 7 DAY TENNI, JEFFREY 7 DAY available=False
2026-05-19 16:13:09 | INFO | Slot: time=07:39 am status=07:39 AM 10TH TEE - COMPETITION available=False
2026-05-19 16:13:09 | INFO | Slot: time=07:47 am status=07:47 AM 10TH TEE - COMPETITION COLLINS, DALE 7 DAY STEWART, SHANE 7 DAY AUSTIN, ALEXANDER 7 DAY WISE, PAUL 7 DAY available=False
2026-05-19 16:13:09 | INFO | Slot: time=07:47 am status=07:47 AM 10TH TEE - COMPETITION available=False
2026-05-19 16:13:09 | INFO | Slot: time=07:55 am status=07:55 AM 10TH TEE - COMPETITION MCMAHON, ANDREW 7 DAY TAN, GWI 7 DAY TORR, JOHN 7 DAY MOLONEY, MARK 6 DAY available=False
2026-05-19 16:13:09 | INFO | Slot: time=07:55 am status=07:55 AM 10TH TEE - COMPETITION available=False
2026-05-19 16:13:09 | INFO | Slot: time=08:03 am status=08:03 AM 10TH TEE - COMPETITION TOBIN, GEOFF 6 DAY CONROY, BILL 6 DAY HUNT, RAYMOND 6 DAY MOLONEY, BRENDAN 6 DAY available=False
2026-05-19 16:13:09 | INFO | Slot: time=08:03 am status=08:03 AM 10TH TEE - COMPETITION available=False
2026-05-19 16:13:09 | INFO | Slot: time=08:11 am status=08:11 AM 10TH TEE - COMPETITION ARMSTRONG, JOHN 7 DAY MULGREW, SIMON 6 DAY QUINLAN, ANTHONY 7 DAY JHOTY, JOE 7 DAY available=False
2026-05-19 16:13:09 | INFO | Slot: time=08:11 am status=08:11 AM 10TH TEE - COMPETITION available=False
2026-05-19 16:13:09 | INFO | Slot: time=08:19 am status=08:19 AM 10TH TEE - COMPETITION MCCARTHY, LEO 6 DAY SMITH, BRIAN 7 DAY GROOM, CHRIS 6 DAY HARRINGTON, BRETT 6 DAY available=False
2026-05-19 16:13:09 | INFO | Slot: time=08:19 am status=08:19 AM 10TH TEE - COMPETITION available=False
2026-05-19 16:13:09 | INFO | Slot: time=08:27 am status=08:27 AM 10TH TEE - COMPETITION ISHERWOOD, CHRIS 7 DAY PETRYSHYN, ARTUR YOUNG ADULT 26-30 VRSELJA, DANIEL 7 DAY MCINTYRE available=False
2026-05-19 16:13:09 | INFO | Slot: time=08:27 am status=08:27 AM 10TH TEE - COMPETITION available=False
2026-05-19 16:13:09 | INFO | Slot: time=08:35 am status=BOOK GROUP available=True
2026-05-19 16:13:09 | INFO | Slot: time=08:43 am status=BOOK GROUP available=True
2026-05-19 16:13:09 | INFO | Slot: time=08:51 am status=08:51 AM 10TH TEE - COMPETITION VOCALE, BEN 7 DAY MUNTONI, PIERO 7 DAY NORTON, JOCK 6 DAY CHOW, OLIVER 7 DAY available=False
2026-05-19 16:13:09 | INFO | Slot: time=08:51 am status=08:51 AM 10TH TEE - COMPETITION available=False
2026-05-19 16:13:09 | INFO | Slot: time=08:59 am status=08:59 AM 10TH TEE - COMPETITION OLOFSSON, CHRISTER 6 DAY PRESLAND, MICHAEL 7 DAY RYDER, LAURENCE 6 DAY ANTEQUERA, DAVID  available=False
2026-05-19 16:13:09 | INFO | Slot: time=08:59 am status=08:59 AM 10TH TEE - COMPETITION available=False
2026-05-19 16:13:09 | INFO | Slot: time=11:33 am status=11:33 AM 1ST TEE - COMPETITION CARROLL, PHILLIP 7 DAY GRIGGS, MICHAEL 7 DAY CAPECI, VINCE 7 DAY MEREDITH, BRIAN 7 DAY 11 available=False
2026-05-19 16:13:09 | INFO | Slot: time=11:33 am status=11:33 AM 1ST TEE - COMPETITION CARROLL, PHILLIP 7 DAY GRIGGS, MICHAEL 7 DAY CAPECI, VINCE 7 DAY MEREDITH, BRIAN 7 DAY available=False
2026-05-19 16:13:09 | INFO | Slot: time=11:33 am status=11:33 AM 1ST TEE - COMPETITION available=False
2026-05-19 16:13:09 | INFO | Slot: time=11:41 am status=11:41 AM 1ST TEE - COMPETITION BROCCHI, GLENN 7 DAY ITALIA, J P 7 DAY PARKER, CRAIG 6 DAY EMERY, MICHAEL 7 DAY available=False
2026-05-19 16:13:09 | INFO | Slot: time=11:41 am status=11:41 AM 1ST TEE - COMPETITION available=False
2026-05-19 16:13:09 | INFO | Slot: time=11:49 am status=11:49 AM 1ST TEE - COMPETITION MOTT, FRANCIS 7 DAY BLACK, PETER 7 DAY MCCARTIN, LEO 7 DAY SCARPA, SIMON 6 DAY available=False
2026-05-19 16:13:09 | INFO | Slot: time=11:49 am status=11:49 AM 1ST TEE - COMPETITION available=False
2026-05-19 16:13:09 | INFO | Slot: time=11:57 am status=11:57 AM 1ST TEE - COMPETITION RIEMER, HELMUT 6 DAY DRUMMOND, GRAEME 7 DAY MOSS, IAN 6 DAY MCSPEERIN, JASON 6 DAY available=False
2026-05-19 16:13:09 | INFO | Slot: time=11:57 am status=11:57 AM 1ST TEE - COMPETITION available=False
2026-05-19 16:13:09 | INFO | Slot: time=12:05 pm status=12:05 PM 1ST TEE - COMPETITION STANDFIELD, GRANT 6 DAY WILSON, PETER 6 DAY MOON, GRAEME 7 DAY JUKES, CHRIS 7 DAY available=False
2026-05-19 16:13:09 | INFO | Slot: time=12:05 pm status=12:05 PM 1ST TEE - COMPETITION available=False
2026-05-19 16:13:09 | INFO | Slot: time=12:13 pm status=12:13 PM 1ST TEE - COMPETITION SHEEDY, PAUL 7 DAY BAKER, GRAEME 6 DAY FURLONG, GEOFFREY 6 DAY MONAGHAN, PETER 6 DAY available=False
2026-05-19 16:13:09 | INFO | Slot: time=12:13 pm status=12:13 PM 1ST TEE - COMPETITION available=False
2026-05-19 16:13:09 | INFO | Slot: time=12:21 pm status=12:21 PM 1ST TEE - COMPETITION EFREMOV, BILL 6 DAY X2 GREAVES, PAUL 6 DAY TZAROS, THEO 6 DAY SHARWOOD, PAUL 6 DAY available=False
2026-05-19 16:13:09 | INFO | Slot: time=12:21 pm status=12:21 PM 1ST TEE - COMPETITION available=False
2026-05-19 16:13:09 | INFO | Slot: time=12:29 pm status=12:29 PM 1ST TEE - COMPETITION LEECH, LEON 7 DAY RIGHTON, RUSSELL 7 DAY VEALE, DAVID 7 DAY CLAYTON, WAYNE 7 DAY available=False
2026-05-19 16:13:09 | INFO | Slot: time=12:29 pm status=12:29 PM 1ST TEE - COMPETITION available=False
2026-05-19 16:13:09 | INFO | Slot: time=12:37 pm status=12:37 PM 1ST TEE - COMPETITION SMITH, PETER 7 DAY DIXON, PAUL 6 DAY DIXON, REUBEN 6 DAY MAHONEY, MICHAEL 6 DAY available=False
2026-05-19 16:13:09 | INFO | Slot: time=12:37 pm status=12:37 PM 1ST TEE - COMPETITION available=False
2026-05-19 16:13:09 | INFO | Slot: time=12:45 pm status=12:45 PM 1ST TEE - COMPETITION ARENA, SAM 6 DAY MEEHAN-LAURINS, ZENTIS JUNIORS 19-20 PALLISCO, JOHN 6 DAY PATTI, COSIMO  available=False
2026-05-19 16:13:09 | INFO | Slot: time=12:45 pm status=12:45 PM 1ST TEE - COMPETITION available=False
2026-05-19 16:13:09 | INFO | Slot: time=12:53 pm status=12:53 PM 1ST TEE - COMPETITION BERRY, CRAIG 7 DAY MCCANN, PAUL 7 DAY RICHARDSON, KEVIN 7 DAY CONSTABLE, PHILIP 7 DAY available=False
2026-05-19 16:13:09 | INFO | Slot: time=12:53 pm status=12:53 PM 1ST TEE - COMPETITION available=False
2026-05-19 16:13:09 | INFO | Slot: time=01:01 pm status=01:01 PM 1ST TEE - COMPETITION ABRAHAM, TERRY 7 DAY SCULLY, CON 7 DAY GACESA, ROBERT 7 DAY ABBOUCHI, NAZIH 7 DAY available=False
2026-05-19 16:13:09 | INFO | Slot: time=01:01 pm status=01:01 PM 1ST TEE - COMPETITION available=False
2026-05-19 16:13:09 | INFO | Slot: time=01:09 pm status=01:09 PM 1ST TEE - COMPETITION GORMAN, PETER 6 DAY RANDLES, PETER 6 DAY BLOOD, PETER 6 DAY O'KEEFE, NEIL COUNTRY available=False
2026-05-19 16:13:09 | INFO | Slot: time=01:09 pm status=01:09 PM 1ST TEE - COMPETITION available=False
2026-05-19 16:13:09 | INFO | Slot: time=11:33 am status=BOOK GROUP available=True
2026-05-19 16:13:09 | INFO | Slot: time=11:33 am status=11:33 AM 10TH TEE - COMPETITION CIABOTTI, ANTHONY 6 DAY LEMMO, JOHN 6 DAY LEYDEN, MICK 6 DAY MOORE, IAN 7 DAY available=False
2026-05-19 16:13:09 | INFO | Slot: time=11:33 am status=11:33 AM 10TH TEE - COMPETITION available=False
2026-05-19 16:13:09 | INFO | Slot: time=11:41 am status=11:41 AM 10TH TEE - COMPETITION SCARPA, JOE 6 DAY SEBASTIANO, GABRIEL 6 DAY DEL GUIDICE, NICHOLAS 6 DAY OLIVIERI, SILVIO available=False
2026-05-19 16:13:09 | INFO | Slot: time=11:41 am status=11:41 AM 10TH TEE - COMPETITION available=False
2026-05-19 16:13:09 | INFO | Slot: time=11:49 am status=11:49 AM 10TH TEE - COMPETITION RONNE, PETER 6 DAY FISICARO, JOE 6 DAY MANOVELLA, ANTHONY 6 DAY SILVIO, MARIO 7 DAY available=False
2026-05-19 16:13:09 | INFO | Slot: time=11:49 am status=11:49 AM 10TH TEE - COMPETITION available=False
2026-05-19 16:13:09 | INFO | Slot: time=11:57 am status=11:57 AM 10TH TEE - COMPETITION GILBERTSON, KEN 7 DAY CLINCH, BERNIE 7 DAY FORSTER, PETER 7 DAY DRAKE, PAUL 7 DAY available=False
2026-05-19 16:13:09 | INFO | Slot: time=11:57 am status=11:57 AM 10TH TEE - COMPETITION available=False
2026-05-19 16:13:09 | INFO | Slot: time=12:05 pm status=12:05 PM 10TH TEE - COMPETITION FARAJ, JOSEPH YOUNG ADULT 26-30 CARLTON, PATRICK JUNIORS 17-18 JOB, FABIAN 7 DAY FITOS,  available=False
2026-05-19 16:13:09 | INFO | Slot: time=12:05 pm status=12:05 PM 10TH TEE - COMPETITION available=False
2026-05-19 16:13:09 | INFO | Slot: time=12:13 pm status=12:13 PM 10TH TEE - COMPETITION GOODEAR, PAUL 6 DAY MARSTON, JASON 6 DAY EVANS, TERRY 6 DAY FRASER, CHRISTOPHER 6 DAY available=False
2026-05-19 16:13:09 | INFO | Slot: time=12:13 pm status=12:13 PM 10TH TEE - COMPETITION available=False
2026-05-19 16:13:09 | INFO | Slot: time=12:21 pm status=12:21 PM 10TH TEE - COMPETITION BURGESS, ANNE 7 DAY MONKCOM, BRAD 7 DAY LANE, PHILIP 7 DAY BURGESS, BENJAMIN VISITOR - B available=False
2026-05-19 16:13:09 | INFO | Slot: time=12:21 pm status=12:21 PM 10TH TEE - COMPETITION available=False
2026-05-19 16:13:09 | INFO | Slot: time=12:29 pm status=12:29 PM 10TH TEE - COMPETITION MOONEY, MARK 6 DAY GAVAGHAN, TONY 6 DAY KERR, ALLAN 6 DAY ROBSON, RICHARD 6 DAY available=False
2026-05-19 16:13:09 | INFO | Slot: time=12:29 pm status=12:29 PM 10TH TEE - COMPETITION available=False
2026-05-19 16:13:09 | INFO | Slot: time=12:37 pm status=12:37 PM 10TH TEE - COMPETITION CARNELI, SAM 6 DAY CARNELI, TONY 6 DAY FORMICA, JOE 6 DAY COMPAGNINO, PAUL 6 DAY available=False
2026-05-19 16:13:09 | INFO | Slot: time=12:37 pm status=12:37 PM 10TH TEE - COMPETITION available=False
2026-05-19 16:13:09 | INFO | Slot: time=12:45 pm status=12:45 PM 10TH TEE - COMPETITION CADIGAN, STEPHEN 7 DAY BLYTH, ROGER 7 DAY JOHNS, NEIL 7 DAY CHAMPION, PETER 7 DAY available=False
2026-05-19 16:13:09 | INFO | Slot: time=12:45 pm status=12:45 PM 10TH TEE - COMPETITION available=False
2026-05-19 16:13:09 | INFO | Slot: time=12:53 pm status=12:53 PM 10TH TEE - COMPETITION YARNTON, PAUL 6 DAY LACY, DENNIS 6 DAY CLEMENTS, MARTIN 6 DAY WATTERSON, BRIAN SPECIAL 5 available=False
2026-05-19 16:13:09 | INFO | Slot: time=12:53 pm status=12:53 PM 10TH TEE - COMPETITION available=False
2026-05-19 16:13:09 | INFO | Slot: time=01:01 pm status=01:01 PM 10TH TEE - COMPETITION BOURKE, DANIEL 6 DAY WILSON, STEPHEN 7 DAY GUINAN, GERARD 7 DAY GAY, JACK 7 DAY available=False
2026-05-19 16:13:09 | INFO | Slot: time=01:01 pm status=01:01 PM 10TH TEE - COMPETITION available=False
2026-05-19 16:13:09 | INFO | Slot: time=01:09 pm status=BOOK GROUP available=True
2026-05-19 16:13:09 | INFO | Slot: time=03:45 pm status=BOOK GROUP available=True
2026-05-19 16:13:09 | INFO | Slot: time=04:17 pm status=BOOK GROUP available=True
2026-05-19 16:13:09 | INFO | Slot: time=04:25 pm status=BOOK GROUP available=True
2026-05-19 16:13:09 | INFO | Slot: time=04:33 pm status=BOOK GROUP available=True
2026-05-19 16:13:09 | INFO | Slot: time=04:41 pm status=BOOK GROUP available=True
2026-05-19 16:13:09 | INFO | Slot: time=04:49 pm status=BOOK GROUP available=True
2026-05-19 16:13:09 | INFO | Slot: time=04:57 pm status=BOOK GROUP available=True
2026-05-19 16:13:09 | INFO | Slot: time=05:05 pm status=BOOK GROUP available=True
2026-05-19 16:13:09 | INFO | Slot: time=05:13 pm status=BOOK GROUP available=True
2026-05-19 16:13:09 | INFO | Slot: time=03:53 pm status=BOOK GROUP available=True
2026-05-19 16:13:09 | INFO | Slot: time=04:01 pm status=BOOK GROUP available=True
2026-05-19 16:13:09 | INFO | Slot: time=04:09 pm status=BOOK GROUP available=True
2026-05-19 16:13:09 | INFO | STATE => BOOK_FIRST_AVAILABLE
2026-05-19 16:13:09 | INFO | Found 22 partially full groups. Prioritizing them over empty groups.
2026-05-19 16:13:09 | INFO | Found 22 eligible BOOK GROUP slots. Attempting bookings sequentially...
2026-05-19 16:13:09 | INFO | [1/22] Attempting to book slot: 07:15 am (BOOK GROUP)
2026-05-19 16:13:11 | WARNING | Browser alert popped up: This booking time has already been booked.  The bookings will be shown the next time this page is refreshed.
2026-05-19 16:13:11 | INFO | Slot 07:15 am is already booked, attempting next slot...
2026-05-19 16:13:11 | INFO | [2/22] Attempting to book slot: 07:23 am (BOOK GROUP)
2026-05-19 16:13:20 | INFO | No Playing Partners modal detected.
2026-05-19 16:13:20 | INFO | Successfully initiated booking flow for slot 07:23 am
2026-05-19 16:13:20 | INFO | STATE => CONFIRM_BOOKING
2026-05-19 16:13:22 | INFO | Saved screenshot: screenshots/20260519_111322_538392_pre_confirm_page.png
2026-05-19 16:13:22 | INFO | Confirm Booking button found: tag=button
2026-05-19 16:13:23 | INFO | Clicked Confirm Booking
2026-05-19 16:13:23 | INFO | STATE => VERIFY_SUCCESS
2026-05-19 16:13:28 | INFO | Verifying success. Current URL: https://northern.miclub.com.au/members/bookings/open/event.msp?booking_event_id=22475261&booking_resource_id=3000000&focus=22607034
2026-05-19 16:13:28 | INFO | Success! Detected booking redirect URL: https://northern.miclub.com.au/members/bookings/open/event.msp?booking_event_id=22475261&booking_resource_id=3000000&focus=22607034
2026-05-19 16:13:28 | INFO | BOOKING SECURED for Event 2: Slot 07:23 am!
2026-05-19 16:13:28 | INFO | STATE => RETURN_TO_EVENT_LIST
2026-05-19 16:13:28 | INFO | Returning to event list URL: https://northern.miclub.com.au/views/members/booking/eventList.xhtml
2026-05-19 16:13:36 | INFO | Processing OPEN event 3 of 8
2026-05-19 16:13:36 | INFO | STATE => OPEN_EVENT
2026-05-19 16:13:36 | INFO | Navigating into open event index 2: OPEN
2026-05-19 16:13:43 | INFO | Event tee sheet opened
2026-05-19 16:13:43 | INFO | STATE => COLLECT_TEE_ROWS
2026-05-19 16:13:50 | INFO | Discovered 46 candidate slots
2026-05-19 16:13:50 | INFO | Slot: time=UNKNOWN status=BOOK GROUP available=True
2026-05-19 16:13:50 | INFO | Slot: time=12:00 pm status=12:00 PM 1ST TEE 9 /18 MOORE, IAN 7 DAY RYAN, STEPHEN 5 DAY TEMPLE, ADAM 5 DAY KERR, NICHOLAS 6 DAY available=False
2026-05-19 16:13:50 | INFO | Slot: time=12:00 pm status=12:00 PM 1ST TEE 9 /18 available=False
2026-05-19 16:13:50 | INFO | Slot: time=12:08 pm status=12:08 PM 1ST TEE 9 /18 CRISAPULLI, VINCE 5 DAY GALTIERI, VINCE 6 DAY CARLISLE, JOHN 5 DAY LANE, PHILIP 7 DAY available=False
2026-05-19 16:13:50 | INFO | Slot: time=12:08 pm status=12:08 PM 1ST TEE 9 /18 available=False
2026-05-19 16:13:50 | INFO | Slot: time=12:16 pm status=12:16 PM 1ST TEE 9 /18 INNER NORTH WEST INNER NORTH WEST INNER NORTH WEST INNER NORTH WEST available=False
2026-05-19 16:13:50 | INFO | Slot: time=12:16 pm status=12:16 PM 1ST TEE 9 /18 available=False
2026-05-19 16:13:50 | INFO | Slot: time=12:24 pm status=12:24 PM 1ST TEE 9 /18 INNER NORTH WEST INNER NORTH WEST INNER NORTH WEST INNER NORTH WEST available=False
2026-05-19 16:13:50 | INFO | Slot: time=12:24 pm status=12:24 PM 1ST TEE 9 /18 available=False
2026-05-19 16:13:50 | INFO | Slot: time=12:32 pm status=BOOK GROUP available=True
2026-05-19 16:13:50 | INFO | Slot: time=12:40 pm status=12:40 PM 1ST TEE 9 /18 TURNER, COLIN SPECIAL 5.12 MARCHESI, PETER 6 DAY CHAPMAN, GREG NINE HOLE SCARMOZZINO, JOSEPH NINE available=False
2026-05-19 16:13:50 | INFO | Slot: time=12:40 pm status=12:40 PM 1ST TEE 9 /18 available=False
2026-05-19 16:13:50 | INFO | Slot: time=12:48 pm status=BOOK GROUP available=True
2026-05-19 16:13:50 | INFO | Slot: time=12:56 pm status=BOOK GROUP available=True
2026-05-19 16:13:50 | INFO | Slot: time=01:04 pm status=BOOK GROUP available=True
2026-05-19 16:13:50 | INFO | Slot: time=01:12 pm status=01:12 PM 1ST TEE 9 /18 LARGE, KEVIN SPECIAL 5.12 CONNORS, TERRY 7 DAY SAUNDERS, RAYMOND 5 DAY ELLIOT, NEVILLE 5 DAY available=False
2026-05-19 16:13:50 | INFO | Slot: time=01:12 pm status=01:12 PM 1ST TEE 9 /18 available=False
2026-05-19 16:13:50 | INFO | Slot: time=01:20 pm status=BOOK GROUP available=True
2026-05-19 16:13:50 | INFO | Slot: time=01:28 pm status=BOOK GROUP available=True
2026-05-19 16:13:50 | INFO | Slot: time=01:36 pm status=BOOK GROUP available=True
2026-05-19 16:13:50 | INFO | Slot: time=01:44 pm status=BOOK GROUP available=True
2026-05-19 16:13:50 | INFO | Slot: time=01:52 pm status=BOOK GROUP available=True
2026-05-19 16:13:50 | INFO | Slot: time=02:00 pm status=BOOK GROUP available=True
2026-05-19 16:13:50 | INFO | Slot: time=02:08 pm status=BOOK GROUP available=True
2026-05-19 16:13:50 | INFO | Slot: time=02:16 pm status=BOOK GROUP available=True
2026-05-19 16:13:50 | INFO | Slot: time=02:24 pm status=BOOK GROUP available=True
2026-05-19 16:13:50 | INFO | Slot: time=02:32 pm status=BOOK GROUP available=True
2026-05-19 16:13:50 | INFO | Slot: time=02:40 pm status=BOOK GROUP available=True
2026-05-19 16:13:50 | INFO | Slot: time=02:48 pm status=BOOK GROUP available=True
2026-05-19 16:13:50 | INFO | Slot: time=02:56 pm status=BOOK GROUP available=True
2026-05-19 16:13:50 | INFO | Slot: time=03:04 pm status=BOOK GROUP available=True
2026-05-19 16:13:50 | INFO | Slot: time=03:12 pm status=BOOK GROUP available=True
2026-05-19 16:13:50 | INFO | Slot: time=04:48 pm status=BOOK GROUP available=True
2026-05-19 16:13:50 | INFO | Slot: time=04:56 pm status=BOOK GROUP available=True
2026-05-19 16:13:50 | INFO | Slot: time=05:04 pm status=BOOK GROUP available=True
2026-05-19 16:13:50 | INFO | Slot: time=05:12 pm status=BOOK GROUP available=True
2026-05-19 16:13:50 | INFO | Slot: time=05:20 pm status=BOOK GROUP available=True
2026-05-19 16:13:50 | INFO | Slot: time=05:28 pm status=BOOK GROUP available=True
2026-05-19 16:13:50 | INFO | Slot: time=05:36 pm status=BOOK GROUP available=True
2026-05-19 16:13:50 | INFO | Slot: time=05:44 pm status=BOOK GROUP available=True
2026-05-19 16:13:50 | INFO | Slot: time=05:52 pm status=BOOK GROUP available=True
2026-05-19 16:13:50 | INFO | Slot: time=06:00 pm status=BOOK GROUP available=True
2026-05-19 16:13:50 | INFO | Slot: time=06:08 pm status=BOOK GROUP available=True
2026-05-19 16:13:50 | INFO | Slot: time=06:16 pm status=BOOK GROUP available=True
2026-05-19 16:13:50 | INFO | Slot: time=06:24 pm status=BOOK GROUP available=True
2026-05-19 16:13:50 | INFO | Slot: time=06:32 pm status=BOOK GROUP available=True
2026-05-19 16:13:50 | INFO | STATE => BOOK_FIRST_AVAILABLE
2026-05-19 16:13:50 | INFO | Found 33 partially full groups. Prioritizing them over empty groups.
2026-05-19 16:13:50 | INFO | Found 33 eligible BOOK GROUP slots. Attempting bookings sequentially...
2026-05-19 16:13:50 | INFO | [1/33] Attempting to book slot: 12:32 pm (BOOK GROUP)
2026-05-19 16:13:59 | INFO | No Playing Partners modal detected.
2026-05-19 16:13:59 | INFO | Successfully initiated booking flow for slot 12:32 pm
2026-05-19 16:13:59 | INFO | STATE => CONFIRM_BOOKING
2026-05-19 16:14:01 | INFO | Saved screenshot: screenshots/20260519_111401_198135_pre_confirm_page.png
2026-05-19 16:14:01 | INFO | Confirm Booking button found: tag=button
2026-05-19 16:14:02 | INFO | Clicked Confirm Booking
2026-05-19 16:14:02 | INFO | STATE => VERIFY_SUCCESS
2026-05-19 16:14:07 | INFO | Verifying success. Current URL: https://northern.miclub.com.au/members/bookings/open/event.msp?booking_event_id=22475262&booking_resource_id=3000000&focus=22606886
2026-05-19 16:14:07 | INFO | Success! Detected booking redirect URL: https://northern.miclub.com.au/members/bookings/open/event.msp?booking_event_id=22475262&booking_resource_id=3000000&focus=22606886
2026-05-19 16:14:07 | INFO | BOOKING SECURED for Event 3: Slot 12:32 pm!
2026-05-19 16:14:07 | INFO | STATE => RETURN_TO_EVENT_LIST
2026-05-19 16:14:07 | INFO | Returning to event list URL: https://northern.miclub.com.au/views/members/booking/eventList.xhtml
2026-05-19 16:14:17 | INFO | Processing OPEN event 4 of 8
2026-05-19 16:14:17 | INFO | STATE => OPEN_EVENT
2026-05-19 16:14:17 | INFO | Navigating into open event index 3: OPEN
2026-05-19 16:14:25 | INFO | Event tee sheet opened
2026-05-19 16:14:25 | INFO | STATE => COLLECT_TEE_ROWS
2026-05-19 16:14:35 | INFO | Discovered 109 candidate slots
2026-05-19 16:14:35 | INFO | Slot: time=07:07 am status=BOOK GROUP available=True
2026-05-19 16:14:35 | INFO | Slot: time=UNKNOWN status=BOOK GROUP available=True
2026-05-19 16:14:35 | INFO | Slot: time=07:15 am status=BOOK GROUP available=True
2026-05-19 16:14:35 | INFO | Slot: time=07:23 am status=07:23 AM COMP/SOCIAL 1ST AM 9 /18 FRIEDMAN, DANIEL 5 DAY CRISCIONE, JOHN 5 DAY MADDOCKS, WARRICK 5 DAY BEZZINA, LEIGH 5  available=False
2026-05-19 16:14:35 | INFO | Slot: time=07:23 am status=07:23 AM COMP/SOCIAL 1ST AM 9 /18 available=False
2026-05-19 16:14:35 | INFO | Slot: time=07:31 am status=BOOK GROUP available=True
2026-05-19 16:14:35 | INFO | Slot: time=07:39 am status=07:39 AM COMP/SOCIAL 1ST AM 9 /18 WHITE, PAUL 5 DAY CULAKOVSKI, SASHA 7 DAY CHRISTIE, NIGEL 5 DAY KING, BRENDON 6 DAY available=False
2026-05-19 16:14:35 | INFO | Slot: time=07:39 am status=07:39 AM COMP/SOCIAL 1ST AM 9 /18 available=False
2026-05-19 16:14:35 | INFO | Slot: time=07:47 am status=07:47 AM COMP/SOCIAL 1ST AM 9 /18 SULLIVAN, MAURICE 5 DAY PERRY, TREVOR 5 DAY SHEEDY, PAUL 7 DAY COGHLAN, ANDREW 5 DAY available=False
2026-05-19 16:14:35 | INFO | Slot: time=07:47 am status=07:47 AM COMP/SOCIAL 1ST AM 9 /18 available=False
2026-05-19 16:14:35 | INFO | Slot: time=07:55 am status=BOOK GROUP available=True
2026-05-19 16:14:35 | INFO | Slot: time=08:03 am status=08:03 AM COMP/SOCIAL 1ST AM 9 /18 MCDONALD, LEIGH 6 DAY FMG FMG FMG available=False
2026-05-19 16:14:35 | INFO | Slot: time=08:03 am status=08:03 AM COMP/SOCIAL 1ST AM 9 /18 available=False
2026-05-19 16:14:35 | INFO | Slot: time=08:11 am status=08:11 AM COMP/SOCIAL 1ST AM 9 /18 KNIGHT, TREVOR 5 DAY FMG FMG FMG available=False
2026-05-19 16:14:35 | INFO | Slot: time=08:11 am status=08:11 AM COMP/SOCIAL 1ST AM 9 /18 available=False
2026-05-19 16:14:35 | INFO | Slot: time=08:19 am status=08:19 AM COMP/SOCIAL 1ST AM 9 /18 FMG FMG FMG FMG available=False
2026-05-19 16:14:35 | INFO | Slot: time=08:19 am status=08:19 AM COMP/SOCIAL 1ST AM 9 /18 available=False
2026-05-19 16:14:35 | INFO | Slot: time=08:27 am status=08:27 AM COMP/SOCIAL 1ST AM 9 /18 FMG FMG FMG FMG available=False
2026-05-19 16:14:35 | INFO | Slot: time=08:27 am status=08:27 AM COMP/SOCIAL 1ST AM 9 /18 available=False
2026-05-19 16:14:35 | INFO | Slot: time=08:35 am status=BOOK GROUP available=True
2026-05-19 16:14:35 | INFO | Slot: time=08:43 am status=08:43 AM COMP/SOCIAL 1ST AM 9 /18 CAVEN, TONY 6 DAY MADDEN, PAUL 6 DAY SUTCLIFFE, LEWIS 6 DAY FROST, KEVIN 7 DAY available=False
2026-05-19 16:14:35 | INFO | Slot: time=08:43 am status=08:43 AM COMP/SOCIAL 1ST AM 9 /18 available=False
2026-05-19 16:14:35 | INFO | Slot: time=08:51 am status=BOOK GROUP available=True
2026-05-19 16:14:35 | INFO | Slot: time=08:59 am status=08:59 AM COMP/SOCIAL 1ST AM 9 /18 PAYNTER, JACK 6 DAY CAMERON, LOUIS 7 DAY COLLIN, EMILY MEMBER GUEST - FUTURE GOLF GAST available=False
2026-05-19 16:14:35 | INFO | Slot: time=08:59 am status=08:59 AM COMP/SOCIAL 1ST AM 9 /18 available=False
2026-05-19 16:14:35 | INFO | Slot: time=09:07 am status=09:07 AM COMP/SOCIAL 1ST AM 9 VINCITORIO, MATT SPECIAL 5.12 FMG FMG FMG available=False
2026-05-19 16:14:35 | INFO | Slot: time=09:07 am status=09:07 AM COMP/SOCIAL 1ST AM 9 available=False
2026-05-19 16:14:35 | INFO | Slot: time=09:15 am status=09:15 AM COMP/SOCIAL 1ST AM 9 FMG FMG FMG FMG available=False
2026-05-19 16:14:35 | INFO | Slot: time=09:15 am status=09:15 AM COMP/SOCIAL 1ST AM 9 available=False
2026-05-19 16:14:35 | INFO | Slot: time=09:23 am status=09:23 AM COMP/SOCIAL 1ST AM 9 FMG FMG FMG FMG available=False
2026-05-19 16:14:35 | INFO | Slot: time=09:23 am status=09:23 AM COMP/SOCIAL 1ST AM 9 available=False
2026-05-19 16:14:35 | INFO | Slot: time=09:31 am status=09:31 AM COMP/SOCIAL 1ST AM 9 FMG FMG FMG FMG available=False
2026-05-19 16:14:35 | INFO | Slot: time=09:31 am status=09:31 AM COMP/SOCIAL 1ST AM 9 available=False
2026-05-19 16:14:35 | INFO | Slot: time=08:03 am status=BOOK GROUP available=True
2026-05-19 16:14:35 | INFO | Slot: time=08:03 am status=08:03 AM COMP/SOCIAL 10TH AM 9 /18 FMG FMG FMG FMG available=False
2026-05-19 16:14:35 | INFO | Slot: time=08:03 am status=08:03 AM COMP/SOCIAL 10TH AM 9 /18 available=False
2026-05-19 16:14:35 | INFO | Slot: time=08:11 am status=08:11 AM COMP/SOCIAL 10TH AM 9 /18 FMG FMG FMG FMG available=False
2026-05-19 16:14:35 | INFO | Slot: time=08:11 am status=08:11 AM COMP/SOCIAL 10TH AM 9 /18 available=False
2026-05-19 16:14:35 | INFO | Slot: time=08:19 am status=08:19 AM COMP/SOCIAL 10TH AM 9 /18 FMG FMG FMG FMG available=False
2026-05-19 16:14:35 | INFO | Slot: time=08:19 am status=08:19 AM COMP/SOCIAL 10TH AM 9 /18 available=False
2026-05-19 16:14:35 | INFO | Slot: time=08:27 am status=08:27 AM COMP/SOCIAL 10TH AM 9 /18 FMG FMG FMG FMG available=False
2026-05-19 16:14:35 | INFO | Slot: time=08:27 am status=08:27 AM COMP/SOCIAL 10TH AM 9 /18 available=False
2026-05-19 16:14:35 | INFO | Slot: time=08:43 am status=BOOK GROUP available=True
2026-05-19 16:14:35 | INFO | Slot: time=08:59 am status=08:59 AM COMP/SOCIAL 10TH AM 9 /18 BRUGALETTA, MANNY SPECIAL 5.12 CRIVELLI, BRUNO SPECIAL 5.12 SCHIRATO, ROBERT SPECIAL  available=False
2026-05-19 16:14:35 | INFO | Slot: time=08:59 am status=08:59 AM COMP/SOCIAL 10TH AM 9 /18 available=False
2026-05-19 16:14:35 | INFO | Slot: time=11:28 am status=BOOK GROUP available=True
2026-05-19 16:14:35 | INFO | Slot: time=11:28 am status=11:28 AM COMP/SOCIAL 1ST PM 9 /18 SARACENO, DOMENIC YOUNG ADULT 21-25 RAIMONDI, CORRADO 6 DAY AQUARO, BENJAMIN 6 DAY DEL available=False
2026-05-19 16:14:35 | INFO | Slot: time=11:28 am status=11:28 AM COMP/SOCIAL 1ST PM 9 /18 available=False
2026-05-19 16:14:35 | INFO | Slot: time=11:36 am status=11:36 AM COMP/SOCIAL 1ST PM 9 /18 JONES, GEOFFREY SPECIAL 5.12 CORSETTI, JOSEPH SPECIAL 5.12 MCINERNEY, CHRIS SPECIAL 5. available=False
2026-05-19 16:14:35 | INFO | Slot: time=11:36 am status=11:36 AM COMP/SOCIAL 1ST PM 9 /18 available=False
2026-05-19 16:14:35 | INFO | Slot: time=11:44 am status=11:44 AM COMP/SOCIAL 1ST PM 9 /18 CARNELI, SAM 6 DAY CARNELI, TONY 6 DAY FORMICA, JOE 6 DAY COMPAGNINO, PAUL 6 DAY available=False
2026-05-19 16:14:35 | INFO | Slot: time=11:44 am status=11:44 AM COMP/SOCIAL 1ST PM 9 /18 available=False
2026-05-19 16:14:35 | INFO | Slot: time=11:52 am status=BOOK GROUP available=True
2026-05-19 16:14:35 | INFO | Slot: time=12:00 pm status=12:00 PM COMP/SOCIAL 1ST PM 9 /18 FRIDAY BOYS FRIDAY BOYS FRIDAY BOYS FRIDAY BOYS available=False
2026-05-19 16:14:35 | INFO | Slot: time=12:00 pm status=12:00 PM COMP/SOCIAL 1ST PM 9 /18 available=False
2026-05-19 16:14:35 | INFO | Slot: time=12:08 pm status=12:08 PM COMP/SOCIAL 1ST PM 9 /18 FRIDAY BOYS FRIDAY BOYS FRIDAY BOYS FRIDAY BOYS available=False
2026-05-19 16:14:35 | INFO | Slot: time=12:08 pm status=12:08 PM COMP/SOCIAL 1ST PM 9 /18 available=False
2026-05-19 16:14:35 | INFO | Slot: time=12:16 pm status=12:16 PM COMP/SOCIAL 1ST PM 9 /18 FRIDAY BOYS FRIDAY BOYS FRIDAY BOYS FRIDAY BOYS available=False
2026-05-19 16:14:35 | INFO | Slot: time=12:16 pm status=12:16 PM COMP/SOCIAL 1ST PM 9 /18 available=False
2026-05-19 16:14:35 | INFO | Slot: time=12:24 pm status=12:24 PM COMP/SOCIAL 1ST PM 9 /18 FRIDAY BOYS FRIDAY BOYS FRIDAY BOYS FRIDAY BOYS available=False
2026-05-19 16:14:35 | INFO | Slot: time=12:24 pm status=12:24 PM COMP/SOCIAL 1ST PM 9 /18 available=False
2026-05-19 16:14:35 | INFO | Slot: time=12:32 pm status=BOOK GROUP available=True
2026-05-19 16:14:35 | INFO | Slot: time=12:40 pm status=12:40 PM COMP/SOCIAL 1ST PM 9 /18 CARLTON, PATRICK JUNIORS 17-18 TARANTELLI, ALESSANDRO JUNIORS 15-16 STEWART, SHANE 7 D available=False
2026-05-19 16:14:35 | INFO | Slot: time=12:40 pm status=12:40 PM COMP/SOCIAL 1ST PM 9 /18 available=False
2026-05-19 16:14:35 | INFO | Slot: time=12:48 pm status=BOOK GROUP available=True
2026-05-19 16:14:35 | INFO | Slot: time=12:56 pm status=BOOK GROUP available=True
2026-05-19 16:14:35 | INFO | Slot: time=01:04 pm status=01:04 PM COMP/SOCIAL 1ST PM 9 /18 ABBOUCHI, NAZIH 7 DAY ABOU - EID, KHALED VISITOR ABOU-EID, ISSAM YOUNG ADULT 26-30 ABO available=False
2026-05-19 16:14:35 | INFO | Slot: time=01:04 pm status=01:04 PM COMP/SOCIAL 1ST PM 9 /18 available=False
2026-05-19 16:14:35 | INFO | Slot: time=01:12 pm status=01:12 PM COMP/SOCIAL 1ST PM 9 /18 WOOD, SARAH 5 DAY MOYLAN, ANGELA 5 DAY MATCHPLAY MATCHPLAY available=False
2026-05-19 16:14:35 | INFO | Slot: time=01:12 pm status=01:12 PM COMP/SOCIAL 1ST PM 9 /18 available=False
2026-05-19 16:14:35 | INFO | Slot: time=11:36 am status=BOOK GROUP available=True
2026-05-19 16:14:35 | INFO | Slot: time=11:44 am status=BOOK GROUP available=True
2026-05-19 16:14:35 | INFO | Slot: time=12:00 pm status=12:00 PM COMP/SOCIAL 10TH PM 9 /18 FRIDAY BOYS FRIDAY BOYS FRIDAY BOYS FRIDAY BOYS available=False
2026-05-19 16:14:35 | INFO | Slot: time=12:00 pm status=12:00 PM COMP/SOCIAL 10TH PM 9 /18 available=False
2026-05-19 16:14:35 | INFO | Slot: time=12:08 pm status=12:08 PM COMP/SOCIAL 10TH PM 9 /18 FRIDAY BOYS FRIDAY BOYS FRIDAY BOYS FRIDAY BOYS available=False
2026-05-19 16:14:35 | INFO | Slot: time=12:08 pm status=12:08 PM COMP/SOCIAL 10TH PM 9 /18 available=False
2026-05-19 16:14:35 | INFO | Slot: time=12:16 pm status=12:16 PM COMP/SOCIAL 10TH PM 9 /18 FRIDAY BOYS FRIDAY BOYS FRIDAY BOYS FRIDAY BOYS available=False
2026-05-19 16:14:35 | INFO | Slot: time=12:16 pm status=12:16 PM COMP/SOCIAL 10TH PM 9 /18 available=False
2026-05-19 16:14:35 | INFO | Slot: time=12:24 pm status=12:24 PM COMP/SOCIAL 10TH PM 9 /18 FRIDAY BOYS FRIDAY BOYS FRIDAY BOYS FRIDAY BOYS available=False
2026-05-19 16:14:35 | INFO | Slot: time=12:24 pm status=12:24 PM COMP/SOCIAL 10TH PM 9 /18 available=False
2026-05-19 16:14:35 | INFO | Slot: time=12:32 pm status=12:32 PM COMP/SOCIAL 10TH PM 9 /18 BREEN, BENJAMIN FLEXI BREEN, LIAM VISITOR LAU, SHANE VISITOR GUEST OF BEN available=False
2026-05-19 16:14:35 | INFO | Slot: time=12:32 pm status=12:32 PM COMP/SOCIAL 10TH PM 9 /18 available=False
2026-05-19 16:14:35 | INFO | Slot: time=12:40 pm status=BOOK GROUP available=True
2026-05-19 16:14:35 | INFO | Slot: time=12:56 pm status=12:56 PM COMP/SOCIAL 10TH PM 9 /18 HARRISON, AMANDA 5 DAY CHIN, ANNA NINE HOLE RHODES, ANDREA 5 DAY MUNRO, STEPHANIE 5 D available=False
2026-05-19 16:14:35 | INFO | Slot: time=12:56 pm status=12:56 PM COMP/SOCIAL 10TH PM 9 /18 available=False
2026-05-19 16:14:35 | INFO | Slot: time=01:04 pm status=BOOK GROUP available=True
2026-05-19 16:14:35 | INFO | Slot: time=04:50 pm status=BOOK GROUP available=True
2026-05-19 16:14:35 | INFO | Slot: time=04:58 pm status=BOOK GROUP available=True
2026-05-19 16:14:35 | INFO | Slot: time=05:06 pm status=BOOK GROUP available=True
2026-05-19 16:14:35 | INFO | Slot: time=05:14 pm status=BOOK GROUP available=True
2026-05-19 16:14:35 | INFO | Slot: time=05:22 pm status=BOOK GROUP available=True
2026-05-19 16:14:35 | INFO | Slot: time=05:30 pm status=BOOK GROUP available=True
2026-05-19 16:14:35 | INFO | Slot: time=05:38 pm status=BOOK GROUP available=True
2026-05-19 16:14:35 | INFO | Slot: time=05:46 pm status=BOOK GROUP available=True
2026-05-19 16:14:35 | INFO | Slot: time=05:54 pm status=BOOK GROUP available=True
2026-05-19 16:14:35 | INFO | Slot: time=06:02 pm status=BOOK GROUP available=True
2026-05-19 16:14:35 | INFO | Slot: time=06:10 pm status=BOOK GROUP available=True
2026-05-19 16:14:35 | INFO | Slot: time=06:18 pm status=BOOK GROUP available=True
2026-05-19 16:14:35 | INFO | Slot: time=06:26 pm status=BOOK GROUP available=True
2026-05-19 16:14:35 | INFO | Slot: time=03:30 pm status=BOOK GROUP available=True
2026-05-19 16:14:35 | INFO | Slot: time=03:38 pm status=BOOK GROUP available=True
2026-05-19 16:14:35 | INFO | Slot: time=03:46 pm status=BOOK GROUP available=True
2026-05-19 16:14:35 | INFO | Slot: time=03:54 pm status=BOOK GROUP available=True
2026-05-19 16:14:35 | INFO | Slot: time=04:02 pm status=BOOK GROUP available=True
2026-05-19 16:14:35 | INFO | Slot: time=04:10 pm status=BOOK GROUP available=True
2026-05-19 16:14:35 | INFO | Slot: time=04:18 pm status=BOOK GROUP available=True
2026-05-19 16:14:35 | INFO | Slot: time=04:26 pm status=BOOK GROUP available=True
2026-05-19 16:14:35 | INFO | Slot: time=04:34 pm status=BOOK GROUP available=True
2026-05-19 16:14:35 | INFO | Slot: time=04:42 pm status=BOOK GROUP available=True
2026-05-19 16:14:35 | INFO | STATE => BOOK_FIRST_AVAILABLE
2026-05-19 16:14:35 | INFO | Found 41 partially full groups. Prioritizing them over empty groups.
2026-05-19 16:14:35 | INFO | Found 41 eligible BOOK GROUP slots. Attempting bookings sequentially...
2026-05-19 16:14:35 | INFO | [1/41] Attempting to book slot: 07:07 am (BOOK GROUP)
2026-05-19 16:14:43 | WARNING | Failed to book slot 07:07 am: Message: invalid session id: session deleted as the browser has closed the connection
from disconnected: not connected to DevTools
  (Session info: chrome=147.0.7727.55); For documentation on this error, please visit: https://www.selenium.dev/documentation/webdriver/troubleshooting/errors#invalidsessionidexception
Stacktrace:
#0 0x60b9a84c379a <unknown>
#1 0x60b9a7ebf215 <unknown>
#2 0x60b9a7ea543e <unknown>
#3 0x60b9a7ece1c6 <unknown>
#4 0x60b9a7f40890 <unknown>
#5 0x60b9a7f5a178 <unknown>
#6 0x60b9a7f0555f <unknown>
#7 0x60b9a7f06321 <unknown>
#8 0x60b9a848706b <unknown>
#9 0x60b9a848a01d <unknown>
#10 0x60b9a8473718 <unknown>
#11 0x60b9a848abb0 <unknown>
#12 0x60b9a845a150 <unknown>
#13 0x60b9a84b05e8 <unknown>
#14 0x60b9a84b07b8 <unknown>
#15 0x60b9a84c21de <unknown>
#16 0x7088bc89caa4 <unknown>
#17 0x7088bc929c6c <unknown>

2026-05-19 16:14:43 | INFO | [2/41] Attempting to book slot: 07:15 am (BOOK GROUP)
2026-05-19 16:14:43 | ERROR | Failed to save debug screenshot
Traceback (most recent call last):
  File "/home/morrty00/Documents/GolfClub/main1.py", line 707, in click
    self.scroll_into_view(element)
  File "/home/morrty00/Documents/GolfClub/main1.py", line 727, in scroll_into_view
    self.driver.execute_script("arguments[0].scrollIntoView({block: 'center', inline: 'nearest'});", element)
  File "/home/morrty00/Documents/GolfClub/.venv/lib/python3.12/site-packages/selenium/webdriver/remote/webdriver.py", line 578, in execute_script
    return self.execute(command, {"script": script, "args": converted_args})["value"]
           ^^^^^^^^^^^^^^^^^^^^^^^^^^^^^^^^^^^^^^^^^^^^^^^^^^^^^^^^^^^^^^^^^
  File "/home/morrty00/Documents/GolfClub/.venv/lib/python3.12/site-packages/selenium/webdriver/remote/webdriver.py", line 468, in execute
    self.error_handler.check_response(response)
  File "/home/morrty00/Documents/GolfClub/.venv/lib/python3.12/site-packages/selenium/webdriver/remote/errorhandler.py", line 232, in check_response
    raise exception_class(message, screen, stacktrace)
selenium.common.exceptions.InvalidSessionIdException: Message: invalid session id; For documentation on this error, please visit: https://www.selenium.dev/documentation/webdriver/troubleshooting/errors#invalidsessionidexception
Stacktrace:
#0 0x60b9a84c379a <unknown>
#1 0x60b9a7ebf020 <unknown>
#2 0x60b9a7f047b0 <unknown>
#3 0x60b9a7f38406 <unknown>
#4 0x60b9a7f32a38 <unknown>
#5 0x60b9a7f31e4c <unknown>
#6 0x60b9a7e855f5 <unknown>
#7 0x60b9a848706b <unknown>
#8 0x60b9a848a01d <unknown>
#9 0x60b9a8473718 <unknown>
#10 0x60b9a848abb0 <unknown>
#11 0x60b9a845a150 <unknown>
#12 0x60b9a7e82e94 <unknown>
#13 0x7088bc82a1ca <unknown>
#14 0x7088bc82a28b __libc_start_main
#15 0x60b9a7e421ea _start


During handling of the above exception, another exception occurred:

Traceback (most recent call last):
  File "/home/morrty00/Documents/GolfClub/main1.py", line 712, in click
    self.driver.execute_script("arguments[0].click();", element)
  File "/home/morrty00/Documents/GolfClub/.venv/lib/python3.12/site-packages/selenium/webdriver/remote/webdriver.py", line 578, in execute_script
    return self.execute(command, {"script": script, "args": converted_args})["value"]
           ^^^^^^^^^^^^^^^^^^^^^^^^^^^^^^^^^^^^^^^^^^^^^^^^^^^^^^^^^^^^^^^^^
  File "/home/morrty00/Documents/GolfClub/.venv/lib/python3.12/site-packages/selenium/webdriver/remote/webdriver.py", line 468, in execute
    self.error_handler.check_response(response)
  File "/home/morrty00/Documents/GolfClub/.venv/lib/python3.12/site-packages/selenium/webdriver/remote/errorhandler.py", line 232, in check_response
    raise exception_class(message, screen, stacktrace)
selenium.common.exceptions.InvalidSessionIdException: Message: invalid session id; For documentation on this error, please visit: https://www.selenium.dev/documentation/webdriver/troubleshooting/errors#invalidsessionidexception
Stacktrace:
#0 0x60b9a84c379a <unknown>
#1 0x60b9a7ebf020 <unknown>
#2 0x60b9a7f047b0 <unknown>
#3 0x60b9a7f38406 <unknown>
#4 0x60b9a7f32a38 <unknown>
#5 0x60b9a7f31e4c <unknown>
#6 0x60b9a7e855f5 <unknown>
#7 0x60b9a848706b <unknown>
#8 0x60b9a848a01d <unknown>
#9 0x60b9a8473718 <unknown>
#10 0x60b9a848abb0 <unknown>
#11 0x60b9a845a150 <unknown>
#12 0x60b9a7e82e94 <unknown>
#13 0x7088bc82a1ca <unknown>
#14 0x7088bc82a28b __libc_start_main
#15 0x60b9a7e421ea _start


During handling of the above exception, another exception occurred:

Traceback (most recent call last):
  File "/home/morrty00/Documents/GolfClub/main1.py", line 741, in capture_debug
    self.driver.save_screenshot(str(path))
  File "/home/morrty00/Documents/GolfClub/.venv/lib/python3.12/site-packages/selenium/webdriver/remote/webdriver.py", line 948, in save_screenshot
    return self.get_screenshot_as_file(filename)
           ^^^^^^^^^^^^^^^^^^^^^^^^^^^^^^^^^^^^^
  File "/home/morrty00/Documents/GolfClub/.venv/lib/python3.12/site-packages/selenium/webdriver/remote/webdriver.py", line 925, in get_screenshot_as_file
    png = self.get_screenshot_as_png()
          ^^^^^^^^^^^^^^^^^^^^^^^^^^^^
  File "/home/morrty00/Documents/GolfClub/.venv/lib/python3.12/site-packages/selenium/webdriver/remote/webdriver.py", line 956, in get_screenshot_as_png
    return b64decode(self.get_screenshot_as_base64().encode("ascii"))
                     ^^^^^^^^^^^^^^^^^^^^^^^^^^^^^^^
  File "/home/morrty00/Documents/GolfClub/.venv/lib/python3.12/site-packages/selenium/webdriver/remote/webdriver.py", line 966, in get_screenshot_as_base64
    return self.execute(Command.SCREENSHOT)["value"]
           ^^^^^^^^^^^^^^^^^^^^^^^^^^^^^^^^
  File "/home/morrty00/Documents/GolfClub/.venv/lib/python3.12/site-packages/selenium/webdriver/remote/webdriver.py", line 468, in execute
    self.error_handler.check_response(response)
  File "/home/morrty00/Documents/GolfClub/.venv/lib/python3.12/site-packages/selenium/webdriver/remote/errorhandler.py", line 232, in check_response
    raise exception_class(message, screen, stacktrace)
selenium.common.exceptions.InvalidSessionIdException: Message: invalid session id; For documentation on this error, please visit: https://www.selenium.dev/documentation/webdriver/troubleshooting/errors#invalidsessionidexception
Stacktrace:
#0 0x60b9a84c379a <unknown>
#1 0x60b9a7ebf020 <unknown>
#2 0x60b9a7f047b0 <unknown>
#3 0x60b9a7f38406 <unknown>
#4 0x60b9a7f32a38 <unknown>
#5 0x60b9a7f31e4c <unknown>
#6 0x60b9a7e855f5 <unknown>
#7 0x60b9a848706b <unknown>
#8 0x60b9a848a01d <unknown>
#9 0x60b9a8473718 <unknown>
#10 0x60b9a848abb0 <unknown>
#11 0x60b9a845a150 <unknown>
#12 0x60b9a7e82e94 <unknown>
#13 0x7088bc82a1ca <unknown>
#14 0x7088bc82a28b __libc_start_main
#15 0x60b9a7e421ea _start

2026-05-19 16:14:43 | WARNING | Failed to book slot 07:15 am: Failed to click BOOK GROUP at 07:15 am: Message: invalid session id; For documentation on this error, please visit: https://www.selenium.dev/documentation/webdriver/troubleshooting/errors#invalidsessionidexception
Stacktrace:
#0 0x60b9a84c379a <unknown>
#1 0x60b9a7ebf020 <unknown>
#2 0x60b9a7f047b0 <unknown>
#3 0x60b9a7f38406 <unknown>
#4 0x60b9a7f32a38 <unknown>
#5 0x60b9a7f31e4c <unknown>
#6 0x60b9a7e855f5 <unknown>
#7 0x60b9a848706b <unknown>
#8 0x60b9a848a01d <unknown>
#9 0x60b9a8473718 <unknown>
#10 0x60b9a848abb0 <unknown>
#11 0x60b9a845a150 <unknown>
#12 0x60b9a7e82e94 <unknown>
#13 0x7088bc82a1ca <unknown>
#14 0x7088bc82a28b __libc_start_main
#15 0x60b9a7e421ea _start

2026-05-19 16:14:43 | INFO | [3/41] Attempting to book slot: 07:31 am (BOOK GROUP)
2026-05-19 16:14:43 | ERROR | Failed to save debug screenshot
Traceback (most recent call last):
  File "/home/morrty00/Documents/GolfClub/main1.py", line 707, in click
    self.scroll_into_view(element)
  File "/home/morrty00/Documents/GolfClub/main1.py", line 727, in scroll_into_view
    self.driver.execute_script("arguments[0].scrollIntoView({block: 'center', inline: 'nearest'});", element)
  File "/home/morrty00/Documents/GolfClub/.venv/lib/python3.12/site-packages/selenium/webdriver/remote/webdriver.py", line 578, in execute_script
    return self.execute(command, {"script": script, "args": converted_args})["value"]
           ^^^^^^^^^^^^^^^^^^^^^^^^^^^^^^^^^^^^^^^^^^^^^^^^^^^^^^^^^^^^^^^^^
  File "/home/morrty00/Documents/GolfClub/.venv/lib/python3.12/site-packages/selenium/webdriver/remote/webdriver.py", line 468, in execute
    self.error_handler.check_response(response)
  File "/home/morrty00/Documents/GolfClub/.venv/lib/python3.12/site-packages/selenium/webdriver/remote/errorhandler.py", line 232, in check_response
    raise exception_class(message, screen, stacktrace)
selenium.common.exceptions.InvalidSessionIdException: Message: invalid session id; For documentation on this error, please visit: https://www.selenium.dev/documentation/webdriver/troubleshooting/errors#invalidsessionidexception
Stacktrace:
#0 0x60b9a84c379a <unknown>
#1 0x60b9a7ebf020 <unknown>
#2 0x60b9a7f047b0 <unknown>
#3 0x60b9a7f38406 <unknown>
#4 0x60b9a7f32a38 <unknown>
#5 0x60b9a7f31e4c <unknown>
#6 0x60b9a7e855f5 <unknown>
#7 0x60b9a848706b <unknown>
#8 0x60b9a848a01d <unknown>
#9 0x60b9a8473718 <unknown>
#10 0x60b9a848abb0 <unknown>
#11 0x60b9a845a150 <unknown>
#12 0x60b9a7e82e94 <unknown>
#13 0x7088bc82a1ca <unknown>
#14 0x7088bc82a28b __libc_start_main
#15 0x60b9a7e421ea _start


During handling of the above exception, another exception occurred:

Traceback (most recent call last):
  File "/home/morrty00/Documents/GolfClub/main1.py", line 712, in click
    self.driver.execute_script("arguments[0].click();", element)
  File "/home/morrty00/Documents/GolfClub/.venv/lib/python3.12/site-packages/selenium/webdriver/remote/webdriver.py", line 578, in execute_script
    return self.execute(command, {"script": script, "args": converted_args})["value"]
           ^^^^^^^^^^^^^^^^^^^^^^^^^^^^^^^^^^^^^^^^^^^^^^^^^^^^^^^^^^^^^^^^^
  File "/home/morrty00/Documents/GolfClub/.venv/lib/python3.12/site-packages/selenium/webdriver/remote/webdriver.py", line 468, in execute
    self.error_handler.check_response(response)
  File "/home/morrty00/Documents/GolfClub/.venv/lib/python3.12/site-packages/selenium/webdriver/remote/errorhandler.py", line 232, in check_response
    raise exception_class(message, screen, stacktrace)
selenium.common.exceptions.InvalidSessionIdException: Message: invalid session id; For documentation on this error, please visit: https://www.selenium.dev/documentation/webdriver/troubleshooting/errors#invalidsessionidexception
Stacktrace:
#0 0x60b9a84c379a <unknown>
#1 0x60b9a7ebf020 <unknown>
#2 0x60b9a7f047b0 <unknown>
#3 0x60b9a7f38406 <unknown>
#4 0x60b9a7f32a38 <unknown>
#5 0x60b9a7f31e4c <unknown>
#6 0x60b9a7e855f5 <unknown>
#7 0x60b9a848706b <unknown>
#8 0x60b9a848a01d <unknown>
#9 0x60b9a8473718 <unknown>
#10 0x60b9a848abb0 <unknown>
#11 0x60b9a845a150 <unknown>
#12 0x60b9a7e82e94 <unknown>
#13 0x7088bc82a1ca <unknown>
#14 0x7088bc82a28b __libc_start_main
#15 0x60b9a7e421ea _start


During handling of the above exception, another exception occurred:

Traceback (most recent call last):
  File "/home/morrty00/Documents/GolfClub/main1.py", line 741, in capture_debug
    self.driver.save_screenshot(str(path))
  File "/home/morrty00/Documents/GolfClub/.venv/lib/python3.12/site-packages/selenium/webdriver/remote/webdriver.py", line 948, in save_screenshot
    return self.get_screenshot_as_file(filename)
           ^^^^^^^^^^^^^^^^^^^^^^^^^^^^^^^^^^^^^
  File "/home/morrty00/Documents/GolfClub/.venv/lib/python3.12/site-packages/selenium/webdriver/remote/webdriver.py", line 925, in get_screenshot_as_file
    png = self.get_screenshot_as_png()
          ^^^^^^^^^^^^^^^^^^^^^^^^^^^^
  File "/home/morrty00/Documents/GolfClub/.venv/lib/python3.12/site-packages/selenium/webdriver/remote/webdriver.py", line 956, in get_screenshot_as_png
    return b64decode(self.get_screenshot_as_base64().encode("ascii"))
                     ^^^^^^^^^^^^^^^^^^^^^^^^^^^^^^^
  File "/home/morrty00/Documents/GolfClub/.venv/lib/python3.12/site-packages/selenium/webdriver/remote/webdriver.py", line 966, in get_screenshot_as_base64
    return self.execute(Command.SCREENSHOT)["value"]
           ^^^^^^^^^^^^^^^^^^^^^^^^^^^^^^^^
  File "/home/morrty00/Documents/GolfClub/.venv/lib/python3.12/site-packages/selenium/webdriver/remote/webdriver.py", line 468, in execute
    self.error_handler.check_response(response)
  File "/home/morrty00/Documents/GolfClub/.venv/lib/python3.12/site-packages/selenium/webdriver/remote/errorhandler.py", line 232, in check_response
    raise exception_class(message, screen, stacktrace)
selenium.common.exceptions.InvalidSessionIdException: Message: invalid session id; For documentation on this error, please visit: https://www.selenium.dev/documentation/webdriver/troubleshooting/errors#invalidsessionidexception
Stacktrace:
#0 0x60b9a84c379a <unknown>
#1 0x60b9a7ebf020 <unknown>
#2 0x60b9a7f047b0 <unknown>
#3 0x60b9a7f38406 <unknown>
#4 0x60b9a7f32a38 <unknown>
#5 0x60b9a7f31e4c <unknown>
#6 0x60b9a7e855f5 <unknown>
#7 0x60b9a848706b <unknown>
#8 0x60b9a848a01d <unknown>
#9 0x60b9a8473718 <unknown>
#10 0x60b9a848abb0 <unknown>
#11 0x60b9a845a150 <unknown>
#12 0x60b9a7e82e94 <unknown>
#13 0x7088bc82a1ca <unknown>
#14 0x7088bc82a28b __libc_start_main
#15 0x60b9a7e421ea _start

2026-05-19 16:14:43 | WARNING | Failed to book slot 07:31 am: Failed to click BOOK GROUP at 07:31 am: Message: invalid session id; For documentation on this error, please visit: https://www.selenium.dev/documentation/webdriver/troubleshooting/errors#invalidsessionidexception
Stacktrace:
#0 0x60b9a84c379a <unknown>
#1 0x60b9a7ebf020 <unknown>
#2 0x60b9a7f047b0 <unknown>
#3 0x60b9a7f38406 <unknown>
#4 0x60b9a7f32a38 <unknown>
#5 0x60b9a7f31e4c <unknown>
#6 0x60b9a7e855f5 <unknown>
#7 0x60b9a848706b <unknown>
#8 0x60b9a848a01d <unknown>
#9 0x60b9a8473718 <unknown>
#10 0x60b9a848abb0 <unknown>
#11 0x60b9a845a150 <unknown>
#12 0x60b9a7e82e94 <unknown>
#13 0x7088bc82a1ca <unknown>
#14 0x7088bc82a28b __libc_start_main
#15 0x60b9a7e421ea _start

2026-05-19 16:14:43 | INFO | [4/41] Attempting to book slot: 07:55 am (BOOK GROUP)
2026-05-19 16:14:43 | ERROR | Failed to save debug screenshot
Traceback (most recent call last):
  File "/home/morrty00/Documents/GolfClub/main1.py", line 707, in click
    self.scroll_into_view(element)
  File "/home/morrty00/Documents/GolfClub/main1.py", line 727, in scroll_into_view
    self.driver.execute_script("arguments[0].scrollIntoView({block: 'center', inline: 'nearest'});", element)
  File "/home/morrty00/Documents/GolfClub/.venv/lib/python3.12/site-packages/selenium/webdriver/remote/webdriver.py", line 578, in execute_script
    return self.execute(command, {"script": script, "args": converted_args})["value"]
           ^^^^^^^^^^^^^^^^^^^^^^^^^^^^^^^^^^^^^^^^^^^^^^^^^^^^^^^^^^^^^^^^^
  File "/home/morrty00/Documents/GolfClub/.venv/lib/python3.12/site-packages/selenium/webdriver/remote/webdriver.py", line 468, in execute
    self.error_handler.check_response(response)
  File "/home/morrty00/Documents/GolfClub/.venv/lib/python3.12/site-packages/selenium/webdriver/remote/errorhandler.py", line 232, in check_response
    raise exception_class(message, screen, stacktrace)
selenium.common.exceptions.InvalidSessionIdException: Message: invalid session id; For documentation on this error, please visit: https://www.selenium.dev/documentation/webdriver/troubleshooting/errors#invalidsessionidexception
Stacktrace:
#0 0x60b9a84c379a <unknown>
#1 0x60b9a7ebf020 <unknown>
#2 0x60b9a7f047b0 <unknown>
#3 0x60b9a7f38406 <unknown>
#4 0x60b9a7f32a38 <unknown>
#5 0x60b9a7f31e4c <unknown>
#6 0x60b9a7e855f5 <unknown>
#7 0x60b9a848706b <unknown>
#8 0x60b9a848a01d <unknown>
#9 0x60b9a8473718 <unknown>
#10 0x60b9a848abb0 <unknown>
#11 0x60b9a845a150 <unknown>
#12 0x60b9a7e82e94 <unknown>
#13 0x7088bc82a1ca <unknown>
#14 0x7088bc82a28b __libc_start_main
#15 0x60b9a7e421ea _start


During handling of the above exception, another exception occurred:

Traceback (most recent call last):
  File "/home/morrty00/Documents/GolfClub/main1.py", line 712, in click
    self.driver.execute_script("arguments[0].click();", element)
  File "/home/morrty00/Documents/GolfClub/.venv/lib/python3.12/site-packages/selenium/webdriver/remote/webdriver.py", line 578, in execute_script
    return self.execute(command, {"script": script, "args": converted_args})["value"]
           ^^^^^^^^^^^^^^^^^^^^^^^^^^^^^^^^^^^^^^^^^^^^^^^^^^^^^^^^^^^^^^^^^
  File "/home/morrty00/Documents/GolfClub/.venv/lib/python3.12/site-packages/selenium/webdriver/remote/webdriver.py", line 468, in execute
    self.error_handler.check_response(response)
  File "/home/morrty00/Documents/GolfClub/.venv/lib/python3.12/site-packages/selenium/webdriver/remote/errorhandler.py", line 232, in check_response
    raise exception_class(message, screen, stacktrace)
selenium.common.exceptions.InvalidSessionIdException: Message: invalid session id; For documentation on this error, please visit: https://www.selenium.dev/documentation/webdriver/troubleshooting/errors#invalidsessionidexception
Stacktrace:
#0 0x60b9a84c379a <unknown>
#1 0x60b9a7ebf020 <unknown>
#2 0x60b9a7f047b0 <unknown>
#3 0x60b9a7f38406 <unknown>
#4 0x60b9a7f32a38 <unknown>
#5 0x60b9a7f31e4c <unknown>
#6 0x60b9a7e855f5 <unknown>
#7 0x60b9a848706b <unknown>
#8 0x60b9a848a01d <unknown>
#9 0x60b9a8473718 <unknown>
#10 0x60b9a848abb0 <unknown>
#11 0x60b9a845a150 <unknown>
#12 0x60b9a7e82e94 <unknown>
#13 0x7088bc82a1ca <unknown>
#14 0x7088bc82a28b __libc_start_main
#15 0x60b9a7e421ea _start


During handling of the above exception, another exception occurred:

Traceback (most recent call last):
  File "/home/morrty00/Documents/GolfClub/main1.py", line 741, in capture_debug
    self.driver.save_screenshot(str(path))
  File "/home/morrty00/Documents/GolfClub/.venv/lib/python3.12/site-packages/selenium/webdriver/remote/webdriver.py", line 948, in save_screenshot
    return self.get_screenshot_as_file(filename)
           ^^^^^^^^^^^^^^^^^^^^^^^^^^^^^^^^^^^^^
  File "/home/morrty00/Documents/GolfClub/.venv/lib/python3.12/site-packages/selenium/webdriver/remote/webdriver.py", line 925, in get_screenshot_as_file
    png = self.get_screenshot_as_png()
          ^^^^^^^^^^^^^^^^^^^^^^^^^^^^
  File "/home/morrty00/Documents/GolfClub/.venv/lib/python3.12/site-packages/selenium/webdriver/remote/webdriver.py", line 956, in get_screenshot_as_png
    return b64decode(self.get_screenshot_as_base64().encode("ascii"))
                     ^^^^^^^^^^^^^^^^^^^^^^^^^^^^^^^
  File "/home/morrty00/Documents/GolfClub/.venv/lib/python3.12/site-packages/selenium/webdriver/remote/webdriver.py", line 966, in get_screenshot_as_base64
    return self.execute(Command.SCREENSHOT)["value"]
           ^^^^^^^^^^^^^^^^^^^^^^^^^^^^^^^^
  File "/home/morrty00/Documents/GolfClub/.venv/lib/python3.12/site-packages/selenium/webdriver/remote/webdriver.py", line 468, in execute
    self.error_handler.check_response(response)
  File "/home/morrty00/Documents/GolfClub/.venv/lib/python3.12/site-packages/selenium/webdriver/remote/errorhandler.py", line 232, in check_response
    raise exception_class(message, screen, stacktrace)
selenium.common.exceptions.InvalidSessionIdException: Message: invalid session id; For documentation on this error, please visit: https://www.selenium.dev/documentation/webdriver/troubleshooting/errors#invalidsessionidexception
Stacktrace:
#0 0x60b9a84c379a <unknown>
#1 0x60b9a7ebf020 <unknown>
#2 0x60b9a7f047b0 <unknown>
#3 0x60b9a7f38406 <unknown>
#4 0x60b9a7f32a38 <unknown>
#5 0x60b9a7f31e4c <unknown>
#6 0x60b9a7e855f5 <unknown>
#7 0x60b9a848706b <unknown>
#8 0x60b9a848a01d <unknown>
#9 0x60b9a8473718 <unknown>
#10 0x60b9a848abb0 <unknown>
#11 0x60b9a845a150 <unknown>
#12 0x60b9a7e82e94 <unknown>
#13 0x7088bc82a1ca <unknown>
#14 0x7088bc82a28b __libc_start_main
#15 0x60b9a7e421ea _start

2026-05-19 16:14:43 | WARNING | Failed to book slot 07:55 am: Failed to click BOOK GROUP at 07:55 am: Message: invalid session id; For documentation on this error, please visit: https://www.selenium.dev/documentation/webdriver/troubleshooting/errors#invalidsessionidexception
Stacktrace:
#0 0x60b9a84c379a <unknown>
#1 0x60b9a7ebf020 <unknown>
#2 0x60b9a7f047b0 <unknown>
#3 0x60b9a7f38406 <unknown>
#4 0x60b9a7f32a38 <unknown>
#5 0x60b9a7f31e4c <unknown>
#6 0x60b9a7e855f5 <unknown>
#7 0x60b9a848706b <unknown>
#8 0x60b9a848a01d <unknown>
#9 0x60b9a8473718 <unknown>
#10 0x60b9a848abb0 <unknown>
#11 0x60b9a845a150 <unknown>
#12 0x60b9a7e82e94 <unknown>
#13 0x7088bc82a1ca <unknown>
#14 0x7088bc82a28b __libc_start_main
#15 0x60b9a7e421ea _start

2026-05-19 16:14:43 | INFO | [5/41] Attempting to book slot: 08:03 am (BOOK GROUP)
2026-05-19 16:14:43 | ERROR | Failed to save debug screenshot
Traceback (most recent call last):
  File "/home/morrty00/Documents/GolfClub/main1.py", line 707, in click
    self.scroll_into_view(element)
  File "/home/morrty00/Documents/GolfClub/main1.py", line 727, in scroll_into_view
    self.driver.execute_script("arguments[0].scrollIntoView({block: 'center', inline: 'nearest'});", element)
  File "/home/morrty00/Documents/GolfClub/.venv/lib/python3.12/site-packages/selenium/webdriver/remote/webdriver.py", line 578, in execute_script
    return self.execute(command, {"script": script, "args": converted_args})["value"]
           ^^^^^^^^^^^^^^^^^^^^^^^^^^^^^^^^^^^^^^^^^^^^^^^^^^^^^^^^^^^^^^^^^
  File "/home/morrty00/Documents/GolfClub/.venv/lib/python3.12/site-packages/selenium/webdriver/remote/webdriver.py", line 468, in execute
    self.error_handler.check_response(response)
  File "/home/morrty00/Documents/GolfClub/.venv/lib/python3.12/site-packages/selenium/webdriver/remote/errorhandler.py", line 232, in check_response
    raise exception_class(message, screen, stacktrace)
selenium.common.exceptions.InvalidSessionIdException: Message: invalid session id; For documentation on this error, please visit: https://www.selenium.dev/documentation/webdriver/troubleshooting/errors#invalidsessionidexception
Stacktrace:
#0 0x60b9a84c379a <unknown>
#1 0x60b9a7ebf020 <unknown>
#2 0x60b9a7f047b0 <unknown>
#3 0x60b9a7f38406 <unknown>
#4 0x60b9a7f32a38 <unknown>
#5 0x60b9a7f31e4c <unknown>
#6 0x60b9a7e855f5 <unknown>
#7 0x60b9a848706b <unknown>
#8 0x60b9a848a01d <unknown>
#9 0x60b9a8473718 <unknown>
#10 0x60b9a848abb0 <unknown>
#11 0x60b9a845a150 <unknown>
#12 0x60b9a7e82e94 <unknown>
#13 0x7088bc82a1ca <unknown>
#14 0x7088bc82a28b __libc_start_main
#15 0x60b9a7e421ea _start


During handling of the above exception, another exception occurred:

Traceback (most recent call last):
  File "/home/morrty00/Documents/GolfClub/main1.py", line 712, in click
    self.driver.execute_script("arguments[0].click();", element)
  File "/home/morrty00/Documents/GolfClub/.venv/lib/python3.12/site-packages/selenium/webdriver/remote/webdriver.py", line 578, in execute_script
    return self.execute(command, {"script": script, "args": converted_args})["value"]
           ^^^^^^^^^^^^^^^^^^^^^^^^^^^^^^^^^^^^^^^^^^^^^^^^^^^^^^^^^^^^^^^^^
  File "/home/morrty00/Documents/GolfClub/.venv/lib/python3.12/site-packages/selenium/webdriver/remote/webdriver.py", line 468, in execute
    self.error_handler.check_response(response)
  File "/home/morrty00/Documents/GolfClub/.venv/lib/python3.12/site-packages/selenium/webdriver/remote/errorhandler.py", line 232, in check_response
    raise exception_class(message, screen, stacktrace)
selenium.common.exceptions.InvalidSessionIdException: Message: invalid session id; For documentation on this error, please visit: https://www.selenium.dev/documentation/webdriver/troubleshooting/errors#invalidsessionidexception
Stacktrace:
#0 0x60b9a84c379a <unknown>
#1 0x60b9a7ebf020 <unknown>
#2 0x60b9a7f047b0 <unknown>
#3 0x60b9a7f38406 <unknown>
#4 0x60b9a7f32a38 <unknown>
#5 0x60b9a7f31e4c <unknown>
#6 0x60b9a7e855f5 <unknown>
#7 0x60b9a848706b <unknown>
#8 0x60b9a848a01d <unknown>
#9 0x60b9a8473718 <unknown>
#10 0x60b9a848abb0 <unknown>
#11 0x60b9a845a150 <unknown>
#12 0x60b9a7e82e94 <unknown>
#13 0x7088bc82a1ca <unknown>
#14 0x7088bc82a28b __libc_start_main
#15 0x60b9a7e421ea _start


During handling of the above exception, another exception occurred:

Traceback (most recent call last):
  File "/home/morrty00/Documents/GolfClub/main1.py", line 741, in capture_debug
    self.driver.save_screenshot(str(path))
  File "/home/morrty00/Documents/GolfClub/.venv/lib/python3.12/site-packages/selenium/webdriver/remote/webdriver.py", line 948, in save_screenshot
    return self.get_screenshot_as_file(filename)
           ^^^^^^^^^^^^^^^^^^^^^^^^^^^^^^^^^^^^^
  File "/home/morrty00/Documents/GolfClub/.venv/lib/python3.12/site-packages/selenium/webdriver/remote/webdriver.py", line 925, in get_screenshot_as_file
    png = self.get_screenshot_as_png()
          ^^^^^^^^^^^^^^^^^^^^^^^^^^^^
  File "/home/morrty00/Documents/GolfClub/.venv/lib/python3.12/site-packages/selenium/webdriver/remote/webdriver.py", line 956, in get_screenshot_as_png
    return b64decode(self.get_screenshot_as_base64().encode("ascii"))
                     ^^^^^^^^^^^^^^^^^^^^^^^^^^^^^^^
  File "/home/morrty00/Documents/GolfClub/.venv/lib/python3.12/site-packages/selenium/webdriver/remote/webdriver.py", line 966, in get_screenshot_as_base64
    return self.execute(Command.SCREENSHOT)["value"]
           ^^^^^^^^^^^^^^^^^^^^^^^^^^^^^^^^
  File "/home/morrty00/Documents/GolfClub/.venv/lib/python3.12/site-packages/selenium/webdriver/remote/webdriver.py", line 468, in execute
    self.error_handler.check_response(response)
  File "/home/morrty00/Documents/GolfClub/.venv/lib/python3.12/site-packages/selenium/webdriver/remote/errorhandler.py", line 232, in check_response
    raise exception_class(message, screen, stacktrace)
selenium.common.exceptions.InvalidSessionIdException: Message: invalid session id; For documentation on this error, please visit: https://www.selenium.dev/documentation/webdriver/troubleshooting/errors#invalidsessionidexception
Stacktrace:
#0 0x60b9a84c379a <unknown>
#1 0x60b9a7ebf020 <unknown>
#2 0x60b9a7f047b0 <unknown>
#3 0x60b9a7f38406 <unknown>
#4 0x60b9a7f32a38 <unknown>
#5 0x60b9a7f31e4c <unknown>
#6 0x60b9a7e855f5 <unknown>
#7 0x60b9a848706b <unknown>
#8 0x60b9a848a01d <unknown>
#9 0x60b9a8473718 <unknown>
#10 0x60b9a848abb0 <unknown>
#11 0x60b9a845a150 <unknown>
#12 0x60b9a7e82e94 <unknown>
#13 0x7088bc82a1ca <unknown>
#14 0x7088bc82a28b __libc_start_main
#15 0x60b9a7e421ea _start

2026-05-19 16:14:43 | WARNING | Failed to book slot 08:03 am: Failed to click BOOK GROUP at 08:03 am: Message: invalid session id; For documentation on this error, please visit: https://www.selenium.dev/documentation/webdriver/troubleshooting/errors#invalidsessionidexception
Stacktrace:
#0 0x60b9a84c379a <unknown>
#1 0x60b9a7ebf020 <unknown>
#2 0x60b9a7f047b0 <unknown>
#3 0x60b9a7f38406 <unknown>
#4 0x60b9a7f32a38 <unknown>
#5 0x60b9a7f31e4c <unknown>
#6 0x60b9a7e855f5 <unknown>
#7 0x60b9a848706b <unknown>
#8 0x60b9a848a01d <unknown>
#9 0x60b9a8473718 <unknown>
#10 0x60b9a848abb0 <unknown>
#11 0x60b9a845a150 <unknown>
#12 0x60b9a7e82e94 <unknown>
#13 0x7088bc82a1ca <unknown>
#14 0x7088bc82a28b __libc_start_main
#15 0x60b9a7e421ea _start

2026-05-19 16:14:43 | INFO | [6/41] Attempting to book slot: 08:35 am (BOOK GROUP)
2026-05-19 16:14:43 | ERROR | Failed to save debug screenshot
Traceback (most recent call last):
  File "/home/morrty00/Documents/GolfClub/main1.py", line 707, in click
    self.scroll_into_view(element)
  File "/home/morrty00/Documents/GolfClub/main1.py", line 727, in scroll_into_view
    self.driver.execute_script("arguments[0].scrollIntoView({block: 'center', inline: 'nearest'});", element)
  File "/home/morrty00/Documents/GolfClub/.venv/lib/python3.12/site-packages/selenium/webdriver/remote/webdriver.py", line 578, in execute_script
    return self.execute(command, {"script": script, "args": converted_args})["value"]
           ^^^^^^^^^^^^^^^^^^^^^^^^^^^^^^^^^^^^^^^^^^^^^^^^^^^^^^^^^^^^^^^^^
  File "/home/morrty00/Documents/GolfClub/.venv/lib/python3.12/site-packages/selenium/webdriver/remote/webdriver.py", line 468, in execute
    self.error_handler.check_response(response)
  File "/home/morrty00/Documents/GolfClub/.venv/lib/python3.12/site-packages/selenium/webdriver/remote/errorhandler.py", line 232, in check_response
    raise exception_class(message, screen, stacktrace)
selenium.common.exceptions.InvalidSessionIdException: Message: invalid session id; For documentation on this error, please visit: https://www.selenium.dev/documentation/webdriver/troubleshooting/errors#invalidsessionidexception
Stacktrace:
#0 0x60b9a84c379a <unknown>
#1 0x60b9a7ebf020 <unknown>
#2 0x60b9a7f047b0 <unknown>
#3 0x60b9a7f38406 <unknown>
#4 0x60b9a7f32a38 <unknown>
#5 0x60b9a7f31e4c <unknown>
#6 0x60b9a7e855f5 <unknown>
#7 0x60b9a848706b <unknown>
#8 0x60b9a848a01d <unknown>
#9 0x60b9a8473718 <unknown>
#10 0x60b9a848abb0 <unknown>
#11 0x60b9a845a150 <unknown>
#12 0x60b9a7e82e94 <unknown>
#13 0x7088bc82a1ca <unknown>
#14 0x7088bc82a28b __libc_start_main
#15 0x60b9a7e421ea _start


During handling of the above exception, another exception occurred:

Traceback (most recent call last):
  File "/home/morrty00/Documents/GolfClub/main1.py", line 712, in click
    self.driver.execute_script("arguments[0].click();", element)
  File "/home/morrty00/Documents/GolfClub/.venv/lib/python3.12/site-packages/selenium/webdriver/remote/webdriver.py", line 578, in execute_script
    return self.execute(command, {"script": script, "args": converted_args})["value"]
           ^^^^^^^^^^^^^^^^^^^^^^^^^^^^^^^^^^^^^^^^^^^^^^^^^^^^^^^^^^^^^^^^^
  File "/home/morrty00/Documents/GolfClub/.venv/lib/python3.12/site-packages/selenium/webdriver/remote/webdriver.py", line 468, in execute
    self.error_handler.check_response(response)
  File "/home/morrty00/Documents/GolfClub/.venv/lib/python3.12/site-packages/selenium/webdriver/remote/errorhandler.py", line 232, in check_response
    raise exception_class(message, screen, stacktrace)
selenium.common.exceptions.InvalidSessionIdException: Message: invalid session id; For documentation on this error, please visit: https://www.selenium.dev/documentation/webdriver/troubleshooting/errors#invalidsessionidexception
Stacktrace:
#0 0x60b9a84c379a <unknown>
#1 0x60b9a7ebf020 <unknown>
#2 0x60b9a7f047b0 <unknown>
#3 0x60b9a7f38406 <unknown>
#4 0x60b9a7f32a38 <unknown>
#5 0x60b9a7f31e4c <unknown>
#6 0x60b9a7e855f5 <unknown>
#7 0x60b9a848706b <unknown>
#8 0x60b9a848a01d <unknown>
#9 0x60b9a8473718 <unknown>
#10 0x60b9a848abb0 <unknown>
#11 0x60b9a845a150 <unknown>
#12 0x60b9a7e82e94 <unknown>
#13 0x7088bc82a1ca <unknown>
#14 0x7088bc82a28b __libc_start_main
#15 0x60b9a7e421ea _start


During handling of the above exception, another exception occurred:

Traceback (most recent call last):
  File "/home/morrty00/Documents/GolfClub/main1.py", line 741, in capture_debug
    self.driver.save_screenshot(str(path))
  File "/home/morrty00/Documents/GolfClub/.venv/lib/python3.12/site-packages/selenium/webdriver/remote/webdriver.py", line 948, in save_screenshot
    return self.get_screenshot_as_file(filename)
           ^^^^^^^^^^^^^^^^^^^^^^^^^^^^^^^^^^^^^
  File "/home/morrty00/Documents/GolfClub/.venv/lib/python3.12/site-packages/selenium/webdriver/remote/webdriver.py", line 925, in get_screenshot_as_file
    png = self.get_screenshot_as_png()
          ^^^^^^^^^^^^^^^^^^^^^^^^^^^^
  File "/home/morrty00/Documents/GolfClub/.venv/lib/python3.12/site-packages/selenium/webdriver/remote/webdriver.py", line 956, in get_screenshot_as_png
    return b64decode(self.get_screenshot_as_base64().encode("ascii"))
                     ^^^^^^^^^^^^^^^^^^^^^^^^^^^^^^^
  File "/home/morrty00/Documents/GolfClub/.venv/lib/python3.12/site-packages/selenium/webdriver/remote/webdriver.py", line 966, in get_screenshot_as_base64
    return self.execute(Command.SCREENSHOT)["value"]
           ^^^^^^^^^^^^^^^^^^^^^^^^^^^^^^^^
  File "/home/morrty00/Documents/GolfClub/.venv/lib/python3.12/site-packages/selenium/webdriver/remote/webdriver.py", line 468, in execute
    self.error_handler.check_response(response)
  File "/home/morrty00/Documents/GolfClub/.venv/lib/python3.12/site-packages/selenium/webdriver/remote/errorhandler.py", line 232, in check_response
    raise exception_class(message, screen, stacktrace)
selenium.common.exceptions.InvalidSessionIdException: Message: invalid session id; For documentation on this error, please visit: https://www.selenium.dev/documentation/webdriver/troubleshooting/errors#invalidsessionidexception
Stacktrace:
#0 0x60b9a84c379a <unknown>
#1 0x60b9a7ebf020 <unknown>
#2 0x60b9a7f047b0 <unknown>
#3 0x60b9a7f38406 <unknown>
#4 0x60b9a7f32a38 <unknown>
#5 0x60b9a7f31e4c <unknown>
#6 0x60b9a7e855f5 <unknown>
#7 0x60b9a848706b <unknown>
#8 0x60b9a848a01d <unknown>
#9 0x60b9a8473718 <unknown>
#10 0x60b9a848abb0 <unknown>
#11 0x60b9a845a150 <unknown>
#12 0x60b9a7e82e94 <unknown>
#13 0x7088bc82a1ca <unknown>
#14 0x7088bc82a28b __libc_start_main
#15 0x60b9a7e421ea _start

2026-05-19 16:14:43 | WARNING | Failed to book slot 08:35 am: Failed to click BOOK GROUP at 08:35 am: Message: invalid session id; For documentation on this error, please visit: https://www.selenium.dev/documentation/webdriver/troubleshooting/errors#invalidsessionidexception
Stacktrace:
#0 0x60b9a84c379a <unknown>
#1 0x60b9a7ebf020 <unknown>
#2 0x60b9a7f047b0 <unknown>
#3 0x60b9a7f38406 <unknown>
#4 0x60b9a7f32a38 <unknown>
#5 0x60b9a7f31e4c <unknown>
#6 0x60b9a7e855f5 <unknown>
#7 0x60b9a848706b <unknown>
#8 0x60b9a848a01d <unknown>
#9 0x60b9a8473718 <unknown>
#10 0x60b9a848abb0 <unknown>
#11 0x60b9a845a150 <unknown>
#12 0x60b9a7e82e94 <unknown>
#13 0x7088bc82a1ca <unknown>
#14 0x7088bc82a28b __libc_start_main
#15 0x60b9a7e421ea _start

2026-05-19 16:14:43 | INFO | [7/41] Attempting to book slot: 08:43 am (BOOK GROUP)
2026-05-19 16:14:43 | ERROR | Failed to save debug screenshot
Traceback (most recent call last):
  File "/home/morrty00/Documents/GolfClub/main1.py", line 707, in click
    self.scroll_into_view(element)
  File "/home/morrty00/Documents/GolfClub/main1.py", line 727, in scroll_into_view
    self.driver.execute_script("arguments[0].scrollIntoView({block: 'center', inline: 'nearest'});", element)
  File "/home/morrty00/Documents/GolfClub/.venv/lib/python3.12/site-packages/selenium/webdriver/remote/webdriver.py", line 578, in execute_script
    return self.execute(command, {"script": script, "args": converted_args})["value"]
           ^^^^^^^^^^^^^^^^^^^^^^^^^^^^^^^^^^^^^^^^^^^^^^^^^^^^^^^^^^^^^^^^^
  File "/home/morrty00/Documents/GolfClub/.venv/lib/python3.12/site-packages/selenium/webdriver/remote/webdriver.py", line 468, in execute
    self.error_handler.check_response(response)
  File "/home/morrty00/Documents/GolfClub/.venv/lib/python3.12/site-packages/selenium/webdriver/remote/errorhandler.py", line 232, in check_response
    raise exception_class(message, screen, stacktrace)
selenium.common.exceptions.InvalidSessionIdException: Message: invalid session id; For documentation on this error, please visit: https://www.selenium.dev/documentation/webdriver/troubleshooting/errors#invalidsessionidexception
Stacktrace:
#0 0x60b9a84c379a <unknown>
#1 0x60b9a7ebf020 <unknown>
#2 0x60b9a7f047b0 <unknown>
#3 0x60b9a7f38406 <unknown>
#4 0x60b9a7f32a38 <unknown>
#5 0x60b9a7f31e4c <unknown>
#6 0x60b9a7e855f5 <unknown>
#7 0x60b9a848706b <unknown>
#8 0x60b9a848a01d <unknown>
#9 0x60b9a8473718 <unknown>
#10 0x60b9a848abb0 <unknown>
#11 0x60b9a845a150 <unknown>
#12 0x60b9a7e82e94 <unknown>
#13 0x7088bc82a1ca <unknown>
#14 0x7088bc82a28b __libc_start_main
#15 0x60b9a7e421ea _start


During handling of the above exception, another exception occurred:

Traceback (most recent call last):
  File "/home/morrty00/Documents/GolfClub/main1.py", line 712, in click
    self.driver.execute_script("arguments[0].click();", element)
  File "/home/morrty00/Documents/GolfClub/.venv/lib/python3.12/site-packages/selenium/webdriver/remote/webdriver.py", line 578, in execute_script
    return self.execute(command, {"script": script, "args": converted_args})["value"]
           ^^^^^^^^^^^^^^^^^^^^^^^^^^^^^^^^^^^^^^^^^^^^^^^^^^^^^^^^^^^^^^^^^
  File "/home/morrty00/Documents/GolfClub/.venv/lib/python3.12/site-packages/selenium/webdriver/remote/webdriver.py", line 468, in execute
    self.error_handler.check_response(response)
  File "/home/morrty00/Documents/GolfClub/.venv/lib/python3.12/site-packages/selenium/webdriver/remote/errorhandler.py", line 232, in check_response
    raise exception_class(message, screen, stacktrace)
selenium.common.exceptions.InvalidSessionIdException: Message: invalid session id; For documentation on this error, please visit: https://www.selenium.dev/documentation/webdriver/troubleshooting/errors#invalidsessionidexception
Stacktrace:
#0 0x60b9a84c379a <unknown>
#1 0x60b9a7ebf020 <unknown>
#2 0x60b9a7f047b0 <unknown>
#3 0x60b9a7f38406 <unknown>
#4 0x60b9a7f32a38 <unknown>
#5 0x60b9a7f31e4c <unknown>
#6 0x60b9a7e855f5 <unknown>
#7 0x60b9a848706b <unknown>
#8 0x60b9a848a01d <unknown>
#9 0x60b9a8473718 <unknown>
#10 0x60b9a848abb0 <unknown>
#11 0x60b9a845a150 <unknown>
#12 0x60b9a7e82e94 <unknown>
#13 0x7088bc82a1ca <unknown>
#14 0x7088bc82a28b __libc_start_main
#15 0x60b9a7e421ea _start


During handling of the above exception, another exception occurred:

Traceback (most recent call last):
  File "/home/morrty00/Documents/GolfClub/main1.py", line 741, in capture_debug
    self.driver.save_screenshot(str(path))
  File "/home/morrty00/Documents/GolfClub/.venv/lib/python3.12/site-packages/selenium/webdriver/remote/webdriver.py", line 948, in save_screenshot
    return self.get_screenshot_as_file(filename)
           ^^^^^^^^^^^^^^^^^^^^^^^^^^^^^^^^^^^^^
  File "/home/morrty00/Documents/GolfClub/.venv/lib/python3.12/site-packages/selenium/webdriver/remote/webdriver.py", line 925, in get_screenshot_as_file
    png = self.get_screenshot_as_png()
          ^^^^^^^^^^^^^^^^^^^^^^^^^^^^
  File "/home/morrty00/Documents/GolfClub/.venv/lib/python3.12/site-packages/selenium/webdriver/remote/webdriver.py", line 956, in get_screenshot_as_png
    return b64decode(self.get_screenshot_as_base64().encode("ascii"))
                     ^^^^^^^^^^^^^^^^^^^^^^^^^^^^^^^
  File "/home/morrty00/Documents/GolfClub/.venv/lib/python3.12/site-packages/selenium/webdriver/remote/webdriver.py", line 966, in get_screenshot_as_base64
    return self.execute(Command.SCREENSHOT)["value"]
           ^^^^^^^^^^^^^^^^^^^^^^^^^^^^^^^^
  File "/home/morrty00/Documents/GolfClub/.venv/lib/python3.12/site-packages/selenium/webdriver/remote/webdriver.py", line 468, in execute
    self.error_handler.check_response(response)
  File "/home/morrty00/Documents/GolfClub/.venv/lib/python3.12/site-packages/selenium/webdriver/remote/errorhandler.py", line 232, in check_response
    raise exception_class(message, screen, stacktrace)
selenium.common.exceptions.InvalidSessionIdException: Message: invalid session id; For documentation on this error, please visit: https://www.selenium.dev/documentation/webdriver/troubleshooting/errors#invalidsessionidexception
Stacktrace:
#0 0x60b9a84c379a <unknown>
#1 0x60b9a7ebf020 <unknown>
#2 0x60b9a7f047b0 <unknown>
#3 0x60b9a7f38406 <unknown>
#4 0x60b9a7f32a38 <unknown>
#5 0x60b9a7f31e4c <unknown>
#6 0x60b9a7e855f5 <unknown>
#7 0x60b9a848706b <unknown>
#8 0x60b9a848a01d <unknown>
#9 0x60b9a8473718 <unknown>
#10 0x60b9a848abb0 <unknown>
#11 0x60b9a845a150 <unknown>
#12 0x60b9a7e82e94 <unknown>
#13 0x7088bc82a1ca <unknown>
#14 0x7088bc82a28b __libc_start_main
#15 0x60b9a7e421ea _start

2026-05-19 16:14:43 | WARNING | Failed to book slot 08:43 am: Failed to click BOOK GROUP at 08:43 am: Message: invalid session id; For documentation on this error, please visit: https://www.selenium.dev/documentation/webdriver/troubleshooting/errors#invalidsessionidexception
Stacktrace:
#0 0x60b9a84c379a <unknown>
#1 0x60b9a7ebf020 <unknown>
#2 0x60b9a7f047b0 <unknown>
#3 0x60b9a7f38406 <unknown>
#4 0x60b9a7f32a38 <unknown>
#5 0x60b9a7f31e4c <unknown>
#6 0x60b9a7e855f5 <unknown>
#7 0x60b9a848706b <unknown>
#8 0x60b9a848a01d <unknown>
#9 0x60b9a8473718 <unknown>
#10 0x60b9a848abb0 <unknown>
#11 0x60b9a845a150 <unknown>
#12 0x60b9a7e82e94 <unknown>
#13 0x7088bc82a1ca <unknown>
#14 0x7088bc82a28b __libc_start_main
#15 0x60b9a7e421ea _start

2026-05-19 16:14:43 | INFO | [8/41] Attempting to book slot: 08:51 am (BOOK GROUP)
2026-05-19 16:14:43 | ERROR | Failed to save debug screenshot
Traceback (most recent call last):
  File "/home/morrty00/Documents/GolfClub/main1.py", line 707, in click
    self.scroll_into_view(element)
  File "/home/morrty00/Documents/GolfClub/main1.py", line 727, in scroll_into_view
    self.driver.execute_script("arguments[0].scrollIntoView({block: 'center', inline: 'nearest'});", element)
  File "/home/morrty00/Documents/GolfClub/.venv/lib/python3.12/site-packages/selenium/webdriver/remote/webdriver.py", line 578, in execute_script
    return self.execute(command, {"script": script, "args": converted_args})["value"]
           ^^^^^^^^^^^^^^^^^^^^^^^^^^^^^^^^^^^^^^^^^^^^^^^^^^^^^^^^^^^^^^^^^
  File "/home/morrty00/Documents/GolfClub/.venv/lib/python3.12/site-packages/selenium/webdriver/remote/webdriver.py", line 468, in execute
    self.error_handler.check_response(response)
  File "/home/morrty00/Documents/GolfClub/.venv/lib/python3.12/site-packages/selenium/webdriver/remote/errorhandler.py", line 232, in check_response
    raise exception_class(message, screen, stacktrace)
selenium.common.exceptions.InvalidSessionIdException: Message: invalid session id; For documentation on this error, please visit: https://www.selenium.dev/documentation/webdriver/troubleshooting/errors#invalidsessionidexception
Stacktrace:
#0 0x60b9a84c379a <unknown>
#1 0x60b9a7ebf020 <unknown>
#2 0x60b9a7f047b0 <unknown>
#3 0x60b9a7f38406 <unknown>
#4 0x60b9a7f32a38 <unknown>
#5 0x60b9a7f31e4c <unknown>
#6 0x60b9a7e855f5 <unknown>
#7 0x60b9a848706b <unknown>
#8 0x60b9a848a01d <unknown>
#9 0x60b9a8473718 <unknown>
#10 0x60b9a848abb0 <unknown>
#11 0x60b9a845a150 <unknown>
#12 0x60b9a7e82e94 <unknown>
#13 0x7088bc82a1ca <unknown>
#14 0x7088bc82a28b __libc_start_main
#15 0x60b9a7e421ea _start


During handling of the above exception, another exception occurred:

Traceback (most recent call last):
  File "/home/morrty00/Documents/GolfClub/main1.py", line 712, in click
    self.driver.execute_script("arguments[0].click();", element)
  File "/home/morrty00/Documents/GolfClub/.venv/lib/python3.12/site-packages/selenium/webdriver/remote/webdriver.py", line 578, in execute_script
    return self.execute(command, {"script": script, "args": converted_args})["value"]
           ^^^^^^^^^^^^^^^^^^^^^^^^^^^^^^^^^^^^^^^^^^^^^^^^^^^^^^^^^^^^^^^^^
  File "/home/morrty00/Documents/GolfClub/.venv/lib/python3.12/site-packages/selenium/webdriver/remote/webdriver.py", line 468, in execute
    self.error_handler.check_response(response)
  File "/home/morrty00/Documents/GolfClub/.venv/lib/python3.12/site-packages/selenium/webdriver/remote/errorhandler.py", line 232, in check_response
    raise exception_class(message, screen, stacktrace)
selenium.common.exceptions.InvalidSessionIdException: Message: invalid session id; For documentation on this error, please visit: https://www.selenium.dev/documentation/webdriver/troubleshooting/errors#invalidsessionidexception
Stacktrace:
#0 0x60b9a84c379a <unknown>
#1 0x60b9a7ebf020 <unknown>
#2 0x60b9a7f047b0 <unknown>
#3 0x60b9a7f38406 <unknown>
#4 0x60b9a7f32a38 <unknown>
#5 0x60b9a7f31e4c <unknown>
#6 0x60b9a7e855f5 <unknown>
#7 0x60b9a848706b <unknown>
#8 0x60b9a848a01d <unknown>
#9 0x60b9a8473718 <unknown>
#10 0x60b9a848abb0 <unknown>
#11 0x60b9a845a150 <unknown>
#12 0x60b9a7e82e94 <unknown>
#13 0x7088bc82a1ca <unknown>
#14 0x7088bc82a28b __libc_start_main
#15 0x60b9a7e421ea _start


During handling of the above exception, another exception occurred:

Traceback (most recent call last):
  File "/home/morrty00/Documents/GolfClub/main1.py", line 741, in capture_debug
    self.driver.save_screenshot(str(path))
  File "/home/morrty00/Documents/GolfClub/.venv/lib/python3.12/site-packages/selenium/webdriver/remote/webdriver.py", line 948, in save_screenshot
    return self.get_screenshot_as_file(filename)
           ^^^^^^^^^^^^^^^^^^^^^^^^^^^^^^^^^^^^^
  File "/home/morrty00/Documents/GolfClub/.venv/lib/python3.12/site-packages/selenium/webdriver/remote/webdriver.py", line 925, in get_screenshot_as_file
    png = self.get_screenshot_as_png()
          ^^^^^^^^^^^^^^^^^^^^^^^^^^^^
  File "/home/morrty00/Documents/GolfClub/.venv/lib/python3.12/site-packages/selenium/webdriver/remote/webdriver.py", line 956, in get_screenshot_as_png
    return b64decode(self.get_screenshot_as_base64().encode("ascii"))
                     ^^^^^^^^^^^^^^^^^^^^^^^^^^^^^^^
  File "/home/morrty00/Documents/GolfClub/.venv/lib/python3.12/site-packages/selenium/webdriver/remote/webdriver.py", line 966, in get_screenshot_as_base64
    return self.execute(Command.SCREENSHOT)["value"]
           ^^^^^^^^^^^^^^^^^^^^^^^^^^^^^^^^
  File "/home/morrty00/Documents/GolfClub/.venv/lib/python3.12/site-packages/selenium/webdriver/remote/webdriver.py", line 468, in execute
    self.error_handler.check_response(response)
  File "/home/morrty00/Documents/GolfClub/.venv/lib/python3.12/site-packages/selenium/webdriver/remote/errorhandler.py", line 232, in check_response
    raise exception_class(message, screen, stacktrace)
selenium.common.exceptions.InvalidSessionIdException: Message: invalid session id; For documentation on this error, please visit: https://www.selenium.dev/documentation/webdriver/troubleshooting/errors#invalidsessionidexception
Stacktrace:
#0 0x60b9a84c379a <unknown>
#1 0x60b9a7ebf020 <unknown>
#2 0x60b9a7f047b0 <unknown>
#3 0x60b9a7f38406 <unknown>
#4 0x60b9a7f32a38 <unknown>
#5 0x60b9a7f31e4c <unknown>
#6 0x60b9a7e855f5 <unknown>
#7 0x60b9a848706b <unknown>
#8 0x60b9a848a01d <unknown>
#9 0x60b9a8473718 <unknown>
#10 0x60b9a848abb0 <unknown>
#11 0x60b9a845a150 <unknown>
#12 0x60b9a7e82e94 <unknown>
#13 0x7088bc82a1ca <unknown>
#14 0x7088bc82a28b __libc_start_main
#15 0x60b9a7e421ea _start

2026-05-19 16:14:43 | WARNING | Failed to book slot 08:51 am: Failed to click BOOK GROUP at 08:51 am: Message: invalid session id; For documentation on this error, please visit: https://www.selenium.dev/documentation/webdriver/troubleshooting/errors#invalidsessionidexception
Stacktrace:
#0 0x60b9a84c379a <unknown>
#1 0x60b9a7ebf020 <unknown>
#2 0x60b9a7f047b0 <unknown>
#3 0x60b9a7f38406 <unknown>
#4 0x60b9a7f32a38 <unknown>
#5 0x60b9a7f31e4c <unknown>
#6 0x60b9a7e855f5 <unknown>
#7 0x60b9a848706b <unknown>
#8 0x60b9a848a01d <unknown>
#9 0x60b9a8473718 <unknown>
#10 0x60b9a848abb0 <unknown>
#11 0x60b9a845a150 <unknown>
#12 0x60b9a7e82e94 <unknown>
#13 0x7088bc82a1ca <unknown>
#14 0x7088bc82a28b __libc_start_main
#15 0x60b9a7e421ea _start

2026-05-19 16:14:43 | INFO | [9/41] Attempting to book slot: 11:28 am (BOOK GROUP)
2026-05-19 16:14:43 | ERROR | Failed to save debug screenshot
Traceback (most recent call last):
  File "/home/morrty00/Documents/GolfClub/main1.py", line 707, in click
    self.scroll_into_view(element)
  File "/home/morrty00/Documents/GolfClub/main1.py", line 727, in scroll_into_view
    self.driver.execute_script("arguments[0].scrollIntoView({block: 'center', inline: 'nearest'});", element)
  File "/home/morrty00/Documents/GolfClub/.venv/lib/python3.12/site-packages/selenium/webdriver/remote/webdriver.py", line 578, in execute_script
    return self.execute(command, {"script": script, "args": converted_args})["value"]
           ^^^^^^^^^^^^^^^^^^^^^^^^^^^^^^^^^^^^^^^^^^^^^^^^^^^^^^^^^^^^^^^^^
  File "/home/morrty00/Documents/GolfClub/.venv/lib/python3.12/site-packages/selenium/webdriver/remote/webdriver.py", line 468, in execute
    self.error_handler.check_response(response)
  File "/home/morrty00/Documents/GolfClub/.venv/lib/python3.12/site-packages/selenium/webdriver/remote/errorhandler.py", line 232, in check_response
    raise exception_class(message, screen, stacktrace)
selenium.common.exceptions.InvalidSessionIdException: Message: invalid session id; For documentation on this error, please visit: https://www.selenium.dev/documentation/webdriver/troubleshooting/errors#invalidsessionidexception
Stacktrace:
#0 0x60b9a84c379a <unknown>
#1 0x60b9a7ebf020 <unknown>
#2 0x60b9a7f047b0 <unknown>
#3 0x60b9a7f38406 <unknown>
#4 0x60b9a7f32a38 <unknown>
#5 0x60b9a7f31e4c <unknown>
#6 0x60b9a7e855f5 <unknown>
#7 0x60b9a848706b <unknown>
#8 0x60b9a848a01d <unknown>
#9 0x60b9a8473718 <unknown>
#10 0x60b9a848abb0 <unknown>
#11 0x60b9a845a150 <unknown>
#12 0x60b9a7e82e94 <unknown>
#13 0x7088bc82a1ca <unknown>
#14 0x7088bc82a28b __libc_start_main
#15 0x60b9a7e421ea _start


During handling of the above exception, another exception occurred:

Traceback (most recent call last):
  File "/home/morrty00/Documents/GolfClub/main1.py", line 712, in click
    self.driver.execute_script("arguments[0].click();", element)
  File "/home/morrty00/Documents/GolfClub/.venv/lib/python3.12/site-packages/selenium/webdriver/remote/webdriver.py", line 578, in execute_script
    return self.execute(command, {"script": script, "args": converted_args})["value"]
           ^^^^^^^^^^^^^^^^^^^^^^^^^^^^^^^^^^^^^^^^^^^^^^^^^^^^^^^^^^^^^^^^^
  File "/home/morrty00/Documents/GolfClub/.venv/lib/python3.12/site-packages/selenium/webdriver/remote/webdriver.py", line 468, in execute
    self.error_handler.check_response(response)
  File "/home/morrty00/Documents/GolfClub/.venv/lib/python3.12/site-packages/selenium/webdriver/remote/errorhandler.py", line 232, in check_response
    raise exception_class(message, screen, stacktrace)
selenium.common.exceptions.InvalidSessionIdException: Message: invalid session id; For documentation on this error, please visit: https://www.selenium.dev/documentation/webdriver/troubleshooting/errors#invalidsessionidexception
Stacktrace:
#0 0x60b9a84c379a <unknown>
#1 0x60b9a7ebf020 <unknown>
#2 0x60b9a7f047b0 <unknown>
#3 0x60b9a7f38406 <unknown>
#4 0x60b9a7f32a38 <unknown>
#5 0x60b9a7f31e4c <unknown>
#6 0x60b9a7e855f5 <unknown>
#7 0x60b9a848706b <unknown>
#8 0x60b9a848a01d <unknown>
#9 0x60b9a8473718 <unknown>
#10 0x60b9a848abb0 <unknown>
#11 0x60b9a845a150 <unknown>
#12 0x60b9a7e82e94 <unknown>
#13 0x7088bc82a1ca <unknown>
#14 0x7088bc82a28b __libc_start_main
#15 0x60b9a7e421ea _start


During handling of the above exception, another exception occurred:

Traceback (most recent call last):
  File "/home/morrty00/Documents/GolfClub/main1.py", line 741, in capture_debug
    self.driver.save_screenshot(str(path))
  File "/home/morrty00/Documents/GolfClub/.venv/lib/python3.12/site-packages/selenium/webdriver/remote/webdriver.py", line 948, in save_screenshot
    return self.get_screenshot_as_file(filename)
           ^^^^^^^^^^^^^^^^^^^^^^^^^^^^^^^^^^^^^
  File "/home/morrty00/Documents/GolfClub/.venv/lib/python3.12/site-packages/selenium/webdriver/remote/webdriver.py", line 925, in get_screenshot_as_file
    png = self.get_screenshot_as_png()
          ^^^^^^^^^^^^^^^^^^^^^^^^^^^^
  File "/home/morrty00/Documents/GolfClub/.venv/lib/python3.12/site-packages/selenium/webdriver/remote/webdriver.py", line 956, in get_screenshot_as_png
    return b64decode(self.get_screenshot_as_base64().encode("ascii"))
                     ^^^^^^^^^^^^^^^^^^^^^^^^^^^^^^^
  File "/home/morrty00/Documents/GolfClub/.venv/lib/python3.12/site-packages/selenium/webdriver/remote/webdriver.py", line 966, in get_screenshot_as_base64
    return self.execute(Command.SCREENSHOT)["value"]
           ^^^^^^^^^^^^^^^^^^^^^^^^^^^^^^^^
  File "/home/morrty00/Documents/GolfClub/.venv/lib/python3.12/site-packages/selenium/webdriver/remote/webdriver.py", line 468, in execute
    self.error_handler.check_response(response)
  File "/home/morrty00/Documents/GolfClub/.venv/lib/python3.12/site-packages/selenium/webdriver/remote/errorhandler.py", line 232, in check_response
    raise exception_class(message, screen, stacktrace)
selenium.common.exceptions.InvalidSessionIdException: Message: invalid session id; For documentation on this error, please visit: https://www.selenium.dev/documentation/webdriver/troubleshooting/errors#invalidsessionidexception
Stacktrace:
#0 0x60b9a84c379a <unknown>
#1 0x60b9a7ebf020 <unknown>
#2 0x60b9a7f047b0 <unknown>
#3 0x60b9a7f38406 <unknown>
#4 0x60b9a7f32a38 <unknown>
#5 0x60b9a7f31e4c <unknown>
#6 0x60b9a7e855f5 <unknown>
#7 0x60b9a848706b <unknown>
#8 0x60b9a848a01d <unknown>
#9 0x60b9a8473718 <unknown>
#10 0x60b9a848abb0 <unknown>
#11 0x60b9a845a150 <unknown>
#12 0x60b9a7e82e94 <unknown>
#13 0x7088bc82a1ca <unknown>
#14 0x7088bc82a28b __libc_start_main
#15 0x60b9a7e421ea _start

2026-05-19 16:14:43 | WARNING | Failed to book slot 11:28 am: Failed to click BOOK GROUP at 11:28 am: Message: invalid session id; For documentation on this error, please visit: https://www.selenium.dev/documentation/webdriver/troubleshooting/errors#invalidsessionidexception
Stacktrace:
#0 0x60b9a84c379a <unknown>
#1 0x60b9a7ebf020 <unknown>
#2 0x60b9a7f047b0 <unknown>
#3 0x60b9a7f38406 <unknown>
#4 0x60b9a7f32a38 <unknown>
#5 0x60b9a7f31e4c <unknown>
#6 0x60b9a7e855f5 <unknown>
#7 0x60b9a848706b <unknown>
#8 0x60b9a848a01d <unknown>
#9 0x60b9a8473718 <unknown>
#10 0x60b9a848abb0 <unknown>
#11 0x60b9a845a150 <unknown>
#12 0x60b9a7e82e94 <unknown>
#13 0x7088bc82a1ca <unknown>
#14 0x7088bc82a28b __libc_start_main
#15 0x60b9a7e421ea _start

2026-05-19 16:14:43 | INFO | [10/41] Attempting to book slot: 11:36 am (BOOK GROUP)
2026-05-19 16:14:43 | ERROR | Failed to save debug screenshot
Traceback (most recent call last):
  File "/home/morrty00/Documents/GolfClub/main1.py", line 707, in click
    self.scroll_into_view(element)
  File "/home/morrty00/Documents/GolfClub/main1.py", line 727, in scroll_into_view
    self.driver.execute_script("arguments[0].scrollIntoView({block: 'center', inline: 'nearest'});", element)
  File "/home/morrty00/Documents/GolfClub/.venv/lib/python3.12/site-packages/selenium/webdriver/remote/webdriver.py", line 578, in execute_script
    return self.execute(command, {"script": script, "args": converted_args})["value"]
           ^^^^^^^^^^^^^^^^^^^^^^^^^^^^^^^^^^^^^^^^^^^^^^^^^^^^^^^^^^^^^^^^^
  File "/home/morrty00/Documents/GolfClub/.venv/lib/python3.12/site-packages/selenium/webdriver/remote/webdriver.py", line 468, in execute
    self.error_handler.check_response(response)
  File "/home/morrty00/Documents/GolfClub/.venv/lib/python3.12/site-packages/selenium/webdriver/remote/errorhandler.py", line 232, in check_response
    raise exception_class(message, screen, stacktrace)
selenium.common.exceptions.InvalidSessionIdException: Message: invalid session id; For documentation on this error, please visit: https://www.selenium.dev/documentation/webdriver/troubleshooting/errors#invalidsessionidexception
Stacktrace:
#0 0x60b9a84c379a <unknown>
#1 0x60b9a7ebf020 <unknown>
#2 0x60b9a7f047b0 <unknown>
#3 0x60b9a7f38406 <unknown>
#4 0x60b9a7f32a38 <unknown>
#5 0x60b9a7f31e4c <unknown>
#6 0x60b9a7e855f5 <unknown>
#7 0x60b9a848706b <unknown>
#8 0x60b9a848a01d <unknown>
#9 0x60b9a8473718 <unknown>
#10 0x60b9a848abb0 <unknown>
#11 0x60b9a845a150 <unknown>
#12 0x60b9a7e82e94 <unknown>
#13 0x7088bc82a1ca <unknown>
#14 0x7088bc82a28b __libc_start_main
#15 0x60b9a7e421ea _start


During handling of the above exception, another exception occurred:

Traceback (most recent call last):
  File "/home/morrty00/Documents/GolfClub/main1.py", line 712, in click
    self.driver.execute_script("arguments[0].click();", element)
  File "/home/morrty00/Documents/GolfClub/.venv/lib/python3.12/site-packages/selenium/webdriver/remote/webdriver.py", line 578, in execute_script
    return self.execute(command, {"script": script, "args": converted_args})["value"]
           ^^^^^^^^^^^^^^^^^^^^^^^^^^^^^^^^^^^^^^^^^^^^^^^^^^^^^^^^^^^^^^^^^
  File "/home/morrty00/Documents/GolfClub/.venv/lib/python3.12/site-packages/selenium/webdriver/remote/webdriver.py", line 468, in execute
    self.error_handler.check_response(response)
  File "/home/morrty00/Documents/GolfClub/.venv/lib/python3.12/site-packages/selenium/webdriver/remote/errorhandler.py", line 232, in check_response
    raise exception_class(message, screen, stacktrace)
selenium.common.exceptions.InvalidSessionIdException: Message: invalid session id; For documentation on this error, please visit: https://www.selenium.dev/documentation/webdriver/troubleshooting/errors#invalidsessionidexception
Stacktrace:
#0 0x60b9a84c379a <unknown>
#1 0x60b9a7ebf020 <unknown>
#2 0x60b9a7f047b0 <unknown>
#3 0x60b9a7f38406 <unknown>
#4 0x60b9a7f32a38 <unknown>
#5 0x60b9a7f31e4c <unknown>
#6 0x60b9a7e855f5 <unknown>
#7 0x60b9a848706b <unknown>
#8 0x60b9a848a01d <unknown>
#9 0x60b9a8473718 <unknown>
#10 0x60b9a848abb0 <unknown>
#11 0x60b9a845a150 <unknown>
#12 0x60b9a7e82e94 <unknown>
#13 0x7088bc82a1ca <unknown>
#14 0x7088bc82a28b __libc_start_main
#15 0x60b9a7e421ea _start


During handling of the above exception, another exception occurred:

Traceback (most recent call last):
  File "/home/morrty00/Documents/GolfClub/main1.py", line 741, in capture_debug
    self.driver.save_screenshot(str(path))
  File "/home/morrty00/Documents/GolfClub/.venv/lib/python3.12/site-packages/selenium/webdriver/remote/webdriver.py", line 948, in save_screenshot
    return self.get_screenshot_as_file(filename)
           ^^^^^^^^^^^^^^^^^^^^^^^^^^^^^^^^^^^^^
  File "/home/morrty00/Documents/GolfClub/.venv/lib/python3.12/site-packages/selenium/webdriver/remote/webdriver.py", line 925, in get_screenshot_as_file
    png = self.get_screenshot_as_png()
          ^^^^^^^^^^^^^^^^^^^^^^^^^^^^
  File "/home/morrty00/Documents/GolfClub/.venv/lib/python3.12/site-packages/selenium/webdriver/remote/webdriver.py", line 956, in get_screenshot_as_png
    return b64decode(self.get_screenshot_as_base64().encode("ascii"))
                     ^^^^^^^^^^^^^^^^^^^^^^^^^^^^^^^
  File "/home/morrty00/Documents/GolfClub/.venv/lib/python3.12/site-packages/selenium/webdriver/remote/webdriver.py", line 966, in get_screenshot_as_base64
    return self.execute(Command.SCREENSHOT)["value"]
           ^^^^^^^^^^^^^^^^^^^^^^^^^^^^^^^^
  File "/home/morrty00/Documents/GolfClub/.venv/lib/python3.12/site-packages/selenium/webdriver/remote/webdriver.py", line 468, in execute
    self.error_handler.check_response(response)
  File "/home/morrty00/Documents/GolfClub/.venv/lib/python3.12/site-packages/selenium/webdriver/remote/errorhandler.py", line 232, in check_response
    raise exception_class(message, screen, stacktrace)
selenium.common.exceptions.InvalidSessionIdException: Message: invalid session id; For documentation on this error, please visit: https://www.selenium.dev/documentation/webdriver/troubleshooting/errors#invalidsessionidexception
Stacktrace:
#0 0x60b9a84c379a <unknown>
#1 0x60b9a7ebf020 <unknown>
#2 0x60b9a7f047b0 <unknown>
#3 0x60b9a7f38406 <unknown>
#4 0x60b9a7f32a38 <unknown>
#5 0x60b9a7f31e4c <unknown>
#6 0x60b9a7e855f5 <unknown>
#7 0x60b9a848706b <unknown>
#8 0x60b9a848a01d <unknown>
#9 0x60b9a8473718 <unknown>
#10 0x60b9a848abb0 <unknown>
#11 0x60b9a845a150 <unknown>
#12 0x60b9a7e82e94 <unknown>
#13 0x7088bc82a1ca <unknown>
#14 0x7088bc82a28b __libc_start_main
#15 0x60b9a7e421ea _start

2026-05-19 16:14:43 | WARNING | Failed to book slot 11:36 am: Failed to click BOOK GROUP at 11:36 am: Message: invalid session id; For documentation on this error, please visit: https://www.selenium.dev/documentation/webdriver/troubleshooting/errors#invalidsessionidexception
Stacktrace:
#0 0x60b9a84c379a <unknown>
#1 0x60b9a7ebf020 <unknown>
#2 0x60b9a7f047b0 <unknown>
#3 0x60b9a7f38406 <unknown>
#4 0x60b9a7f32a38 <unknown>
#5 0x60b9a7f31e4c <unknown>
#6 0x60b9a7e855f5 <unknown>
#7 0x60b9a848706b <unknown>
#8 0x60b9a848a01d <unknown>
#9 0x60b9a8473718 <unknown>
#10 0x60b9a848abb0 <unknown>
#11 0x60b9a845a150 <unknown>
#12 0x60b9a7e82e94 <unknown>
#13 0x7088bc82a1ca <unknown>
#14 0x7088bc82a28b __libc_start_main
#15 0x60b9a7e421ea _start

2026-05-19 16:14:43 | INFO | [11/41] Attempting to book slot: 11:44 am (BOOK GROUP)
2026-05-19 16:14:43 | ERROR | Failed to save debug screenshot
Traceback (most recent call last):
  File "/home/morrty00/Documents/GolfClub/main1.py", line 707, in click
    self.scroll_into_view(element)
  File "/home/morrty00/Documents/GolfClub/main1.py", line 727, in scroll_into_view
    self.driver.execute_script("arguments[0].scrollIntoView({block: 'center', inline: 'nearest'});", element)
  File "/home/morrty00/Documents/GolfClub/.venv/lib/python3.12/site-packages/selenium/webdriver/remote/webdriver.py", line 578, in execute_script
    return self.execute(command, {"script": script, "args": converted_args})["value"]
           ^^^^^^^^^^^^^^^^^^^^^^^^^^^^^^^^^^^^^^^^^^^^^^^^^^^^^^^^^^^^^^^^^
  File "/home/morrty00/Documents/GolfClub/.venv/lib/python3.12/site-packages/selenium/webdriver/remote/webdriver.py", line 468, in execute
    self.error_handler.check_response(response)
  File "/home/morrty00/Documents/GolfClub/.venv/lib/python3.12/site-packages/selenium/webdriver/remote/errorhandler.py", line 232, in check_response
    raise exception_class(message, screen, stacktrace)
selenium.common.exceptions.InvalidSessionIdException: Message: invalid session id; For documentation on this error, please visit: https://www.selenium.dev/documentation/webdriver/troubleshooting/errors#invalidsessionidexception
Stacktrace:
#0 0x60b9a84c379a <unknown>
#1 0x60b9a7ebf020 <unknown>
#2 0x60b9a7f047b0 <unknown>
#3 0x60b9a7f38406 <unknown>
#4 0x60b9a7f32a38 <unknown>
#5 0x60b9a7f31e4c <unknown>
#6 0x60b9a7e855f5 <unknown>
#7 0x60b9a848706b <unknown>
#8 0x60b9a848a01d <unknown>
#9 0x60b9a8473718 <unknown>
#10 0x60b9a848abb0 <unknown>
#11 0x60b9a845a150 <unknown>
#12 0x60b9a7e82e94 <unknown>
#13 0x7088bc82a1ca <unknown>
#14 0x7088bc82a28b __libc_start_main
#15 0x60b9a7e421ea _start


During handling of the above exception, another exception occurred:

Traceback (most recent call last):
  File "/home/morrty00/Documents/GolfClub/main1.py", line 712, in click
    self.driver.execute_script("arguments[0].click();", element)
  File "/home/morrty00/Documents/GolfClub/.venv/lib/python3.12/site-packages/selenium/webdriver/remote/webdriver.py", line 578, in execute_script
    return self.execute(command, {"script": script, "args": converted_args})["value"]
           ^^^^^^^^^^^^^^^^^^^^^^^^^^^^^^^^^^^^^^^^^^^^^^^^^^^^^^^^^^^^^^^^^
  File "/home/morrty00/Documents/GolfClub/.venv/lib/python3.12/site-packages/selenium/webdriver/remote/webdriver.py", line 468, in execute
    self.error_handler.check_response(response)
  File "/home/morrty00/Documents/GolfClub/.venv/lib/python3.12/site-packages/selenium/webdriver/remote/errorhandler.py", line 232, in check_response
    raise exception_class(message, screen, stacktrace)
selenium.common.exceptions.InvalidSessionIdException: Message: invalid session id; For documentation on this error, please visit: https://www.selenium.dev/documentation/webdriver/troubleshooting/errors#invalidsessionidexception
Stacktrace:
#0 0x60b9a84c379a <unknown>
#1 0x60b9a7ebf020 <unknown>
#2 0x60b9a7f047b0 <unknown>
#3 0x60b9a7f38406 <unknown>
#4 0x60b9a7f32a38 <unknown>
#5 0x60b9a7f31e4c <unknown>
#6 0x60b9a7e855f5 <unknown>
#7 0x60b9a848706b <unknown>
#8 0x60b9a848a01d <unknown>
#9 0x60b9a8473718 <unknown>
#10 0x60b9a848abb0 <unknown>
#11 0x60b9a845a150 <unknown>
#12 0x60b9a7e82e94 <unknown>
#13 0x7088bc82a1ca <unknown>
#14 0x7088bc82a28b __libc_start_main
#15 0x60b9a7e421ea _start


During handling of the above exception, another exception occurred:

Traceback (most recent call last):
  File "/home/morrty00/Documents/GolfClub/main1.py", line 741, in capture_debug
    self.driver.save_screenshot(str(path))
  File "/home/morrty00/Documents/GolfClub/.venv/lib/python3.12/site-packages/selenium/webdriver/remote/webdriver.py", line 948, in save_screenshot
    return self.get_screenshot_as_file(filename)
           ^^^^^^^^^^^^^^^^^^^^^^^^^^^^^^^^^^^^^
  File "/home/morrty00/Documents/GolfClub/.venv/lib/python3.12/site-packages/selenium/webdriver/remote/webdriver.py", line 925, in get_screenshot_as_file
    png = self.get_screenshot_as_png()
          ^^^^^^^^^^^^^^^^^^^^^^^^^^^^
  File "/home/morrty00/Documents/GolfClub/.venv/lib/python3.12/site-packages/selenium/webdriver/remote/webdriver.py", line 956, in get_screenshot_as_png
    return b64decode(self.get_screenshot_as_base64().encode("ascii"))
                     ^^^^^^^^^^^^^^^^^^^^^^^^^^^^^^^
  File "/home/morrty00/Documents/GolfClub/.venv/lib/python3.12/site-packages/selenium/webdriver/remote/webdriver.py", line 966, in get_screenshot_as_base64
    return self.execute(Command.SCREENSHOT)["value"]
           ^^^^^^^^^^^^^^^^^^^^^^^^^^^^^^^^
  File "/home/morrty00/Documents/GolfClub/.venv/lib/python3.12/site-packages/selenium/webdriver/remote/webdriver.py", line 468, in execute
    self.error_handler.check_response(response)
  File "/home/morrty00/Documents/GolfClub/.venv/lib/python3.12/site-packages/selenium/webdriver/remote/errorhandler.py", line 232, in check_response
    raise exception_class(message, screen, stacktrace)
selenium.common.exceptions.InvalidSessionIdException: Message: invalid session id; For documentation on this error, please visit: https://www.selenium.dev/documentation/webdriver/troubleshooting/errors#invalidsessionidexception
Stacktrace:
#0 0x60b9a84c379a <unknown>
#1 0x60b9a7ebf020 <unknown>
#2 0x60b9a7f047b0 <unknown>
#3 0x60b9a7f38406 <unknown>
#4 0x60b9a7f32a38 <unknown>
#5 0x60b9a7f31e4c <unknown>
#6 0x60b9a7e855f5 <unknown>
#7 0x60b9a848706b <unknown>
#8 0x60b9a848a01d <unknown>
#9 0x60b9a8473718 <unknown>
#10 0x60b9a848abb0 <unknown>
#11 0x60b9a845a150 <unknown>
#12 0x60b9a7e82e94 <unknown>
#13 0x7088bc82a1ca <unknown>
#14 0x7088bc82a28b __libc_start_main
#15 0x60b9a7e421ea _start

2026-05-19 16:14:43 | WARNING | Failed to book slot 11:44 am: Failed to click BOOK GROUP at 11:44 am: Message: invalid session id; For documentation on this error, please visit: https://www.selenium.dev/documentation/webdriver/troubleshooting/errors#invalidsessionidexception
Stacktrace:
#0 0x60b9a84c379a <unknown>
#1 0x60b9a7ebf020 <unknown>
#2 0x60b9a7f047b0 <unknown>
#3 0x60b9a7f38406 <unknown>
#4 0x60b9a7f32a38 <unknown>
#5 0x60b9a7f31e4c <unknown>
#6 0x60b9a7e855f5 <unknown>
#7 0x60b9a848706b <unknown>
#8 0x60b9a848a01d <unknown>
#9 0x60b9a8473718 <unknown>
#10 0x60b9a848abb0 <unknown>
#11 0x60b9a845a150 <unknown>
#12 0x60b9a7e82e94 <unknown>
#13 0x7088bc82a1ca <unknown>
#14 0x7088bc82a28b __libc_start_main
#15 0x60b9a7e421ea _start

2026-05-19 16:14:43 | INFO | [12/41] Attempting to book slot: 11:52 am (BOOK GROUP)
2026-05-19 16:14:43 | ERROR | Failed to save debug screenshot
Traceback (most recent call last):
  File "/home/morrty00/Documents/GolfClub/main1.py", line 707, in click
    self.scroll_into_view(element)
  File "/home/morrty00/Documents/GolfClub/main1.py", line 727, in scroll_into_view
    self.driver.execute_script("arguments[0].scrollIntoView({block: 'center', inline: 'nearest'});", element)
  File "/home/morrty00/Documents/GolfClub/.venv/lib/python3.12/site-packages/selenium/webdriver/remote/webdriver.py", line 578, in execute_script
    return self.execute(command, {"script": script, "args": converted_args})["value"]
           ^^^^^^^^^^^^^^^^^^^^^^^^^^^^^^^^^^^^^^^^^^^^^^^^^^^^^^^^^^^^^^^^^
  File "/home/morrty00/Documents/GolfClub/.venv/lib/python3.12/site-packages/selenium/webdriver/remote/webdriver.py", line 468, in execute
    self.error_handler.check_response(response)
  File "/home/morrty00/Documents/GolfClub/.venv/lib/python3.12/site-packages/selenium/webdriver/remote/errorhandler.py", line 232, in check_response
    raise exception_class(message, screen, stacktrace)
selenium.common.exceptions.InvalidSessionIdException: Message: invalid session id; For documentation on this error, please visit: https://www.selenium.dev/documentation/webdriver/troubleshooting/errors#invalidsessionidexception
Stacktrace:
#0 0x60b9a84c379a <unknown>
#1 0x60b9a7ebf020 <unknown>
#2 0x60b9a7f047b0 <unknown>
#3 0x60b9a7f38406 <unknown>
#4 0x60b9a7f32a38 <unknown>
#5 0x60b9a7f31e4c <unknown>
#6 0x60b9a7e855f5 <unknown>
#7 0x60b9a848706b <unknown>
#8 0x60b9a848a01d <unknown>
#9 0x60b9a8473718 <unknown>
#10 0x60b9a848abb0 <unknown>
#11 0x60b9a845a150 <unknown>
#12 0x60b9a7e82e94 <unknown>
#13 0x7088bc82a1ca <unknown>
#14 0x7088bc82a28b __libc_start_main
#15 0x60b9a7e421ea _start


During handling of the above exception, another exception occurred:

Traceback (most recent call last):
  File "/home/morrty00/Documents/GolfClub/main1.py", line 712, in click
    self.driver.execute_script("arguments[0].click();", element)
  File "/home/morrty00/Documents/GolfClub/.venv/lib/python3.12/site-packages/selenium/webdriver/remote/webdriver.py", line 578, in execute_script
    return self.execute(command, {"script": script, "args": converted_args})["value"]
           ^^^^^^^^^^^^^^^^^^^^^^^^^^^^^^^^^^^^^^^^^^^^^^^^^^^^^^^^^^^^^^^^^
  File "/home/morrty00/Documents/GolfClub/.venv/lib/python3.12/site-packages/selenium/webdriver/remote/webdriver.py", line 468, in execute
    self.error_handler.check_response(response)
  File "/home/morrty00/Documents/GolfClub/.venv/lib/python3.12/site-packages/selenium/webdriver/remote/errorhandler.py", line 232, in check_response
    raise exception_class(message, screen, stacktrace)
selenium.common.exceptions.InvalidSessionIdException: Message: invalid session id; For documentation on this error, please visit: https://www.selenium.dev/documentation/webdriver/troubleshooting/errors#invalidsessionidexception
Stacktrace:
#0 0x60b9a84c379a <unknown>
#1 0x60b9a7ebf020 <unknown>
#2 0x60b9a7f047b0 <unknown>
#3 0x60b9a7f38406 <unknown>
#4 0x60b9a7f32a38 <unknown>
#5 0x60b9a7f31e4c <unknown>
#6 0x60b9a7e855f5 <unknown>
#7 0x60b9a848706b <unknown>
#8 0x60b9a848a01d <unknown>
#9 0x60b9a8473718 <unknown>
#10 0x60b9a848abb0 <unknown>
#11 0x60b9a845a150 <unknown>
#12 0x60b9a7e82e94 <unknown>
#13 0x7088bc82a1ca <unknown>
#14 0x7088bc82a28b __libc_start_main
#15 0x60b9a7e421ea _start


During handling of the above exception, another exception occurred:

Traceback (most recent call last):
  File "/home/morrty00/Documents/GolfClub/main1.py", line 741, in capture_debug
    self.driver.save_screenshot(str(path))
  File "/home/morrty00/Documents/GolfClub/.venv/lib/python3.12/site-packages/selenium/webdriver/remote/webdriver.py", line 948, in save_screenshot
    return self.get_screenshot_as_file(filename)
           ^^^^^^^^^^^^^^^^^^^^^^^^^^^^^^^^^^^^^
  File "/home/morrty00/Documents/GolfClub/.venv/lib/python3.12/site-packages/selenium/webdriver/remote/webdriver.py", line 925, in get_screenshot_as_file
    png = self.get_screenshot_as_png()
          ^^^^^^^^^^^^^^^^^^^^^^^^^^^^
  File "/home/morrty00/Documents/GolfClub/.venv/lib/python3.12/site-packages/selenium/webdriver/remote/webdriver.py", line 956, in get_screenshot_as_png
    return b64decode(self.get_screenshot_as_base64().encode("ascii"))
                     ^^^^^^^^^^^^^^^^^^^^^^^^^^^^^^^
  File "/home/morrty00/Documents/GolfClub/.venv/lib/python3.12/site-packages/selenium/webdriver/remote/webdriver.py", line 966, in get_screenshot_as_base64
    return self.execute(Command.SCREENSHOT)["value"]
           ^^^^^^^^^^^^^^^^^^^^^^^^^^^^^^^^
  File "/home/morrty00/Documents/GolfClub/.venv/lib/python3.12/site-packages/selenium/webdriver/remote/webdriver.py", line 468, in execute
    self.error_handler.check_response(response)
  File "/home/morrty00/Documents/GolfClub/.venv/lib/python3.12/site-packages/selenium/webdriver/remote/errorhandler.py", line 232, in check_response
    raise exception_class(message, screen, stacktrace)
selenium.common.exceptions.InvalidSessionIdException: Message: invalid session id; For documentation on this error, please visit: https://www.selenium.dev/documentation/webdriver/troubleshooting/errors#invalidsessionidexception
Stacktrace:
#0 0x60b9a84c379a <unknown>
#1 0x60b9a7ebf020 <unknown>
#2 0x60b9a7f047b0 <unknown>
#3 0x60b9a7f38406 <unknown>
#4 0x60b9a7f32a38 <unknown>
#5 0x60b9a7f31e4c <unknown>
#6 0x60b9a7e855f5 <unknown>
#7 0x60b9a848706b <unknown>
#8 0x60b9a848a01d <unknown>
#9 0x60b9a8473718 <unknown>
#10 0x60b9a848abb0 <unknown>
#11 0x60b9a845a150 <unknown>
#12 0x60b9a7e82e94 <unknown>
#13 0x7088bc82a1ca <unknown>
#14 0x7088bc82a28b __libc_start_main
#15 0x60b9a7e421ea _start

2026-05-19 16:14:43 | WARNING | Failed to book slot 11:52 am: Failed to click BOOK GROUP at 11:52 am: Message: invalid session id; For documentation on this error, please visit: https://www.selenium.dev/documentation/webdriver/troubleshooting/errors#invalidsessionidexception
Stacktrace:
#0 0x60b9a84c379a <unknown>
#1 0x60b9a7ebf020 <unknown>
#2 0x60b9a7f047b0 <unknown>
#3 0x60b9a7f38406 <unknown>
#4 0x60b9a7f32a38 <unknown>
#5 0x60b9a7f31e4c <unknown>
#6 0x60b9a7e855f5 <unknown>
#7 0x60b9a848706b <unknown>
#8 0x60b9a848a01d <unknown>
#9 0x60b9a8473718 <unknown>
#10 0x60b9a848abb0 <unknown>
#11 0x60b9a845a150 <unknown>
#12 0x60b9a7e82e94 <unknown>
#13 0x7088bc82a1ca <unknown>
#14 0x7088bc82a28b __libc_start_main
#15 0x60b9a7e421ea _start

2026-05-19 16:14:43 | INFO | [13/41] Attempting to book slot: 12:32 pm (BOOK GROUP)
2026-05-19 16:14:43 | ERROR | Failed to save debug screenshot
Traceback (most recent call last):
  File "/home/morrty00/Documents/GolfClub/main1.py", line 707, in click
    self.scroll_into_view(element)
  File "/home/morrty00/Documents/GolfClub/main1.py", line 727, in scroll_into_view
    self.driver.execute_script("arguments[0].scrollIntoView({block: 'center', inline: 'nearest'});", element)
  File "/home/morrty00/Documents/GolfClub/.venv/lib/python3.12/site-packages/selenium/webdriver/remote/webdriver.py", line 578, in execute_script
    return self.execute(command, {"script": script, "args": converted_args})["value"]
           ^^^^^^^^^^^^^^^^^^^^^^^^^^^^^^^^^^^^^^^^^^^^^^^^^^^^^^^^^^^^^^^^^
  File "/home/morrty00/Documents/GolfClub/.venv/lib/python3.12/site-packages/selenium/webdriver/remote/webdriver.py", line 468, in execute
    self.error_handler.check_response(response)
  File "/home/morrty00/Documents/GolfClub/.venv/lib/python3.12/site-packages/selenium/webdriver/remote/errorhandler.py", line 232, in check_response
    raise exception_class(message, screen, stacktrace)
selenium.common.exceptions.InvalidSessionIdException: Message: invalid session id; For documentation on this error, please visit: https://www.selenium.dev/documentation/webdriver/troubleshooting/errors#invalidsessionidexception
Stacktrace:
#0 0x60b9a84c379a <unknown>
#1 0x60b9a7ebf020 <unknown>
#2 0x60b9a7f047b0 <unknown>
#3 0x60b9a7f38406 <unknown>
#4 0x60b9a7f32a38 <unknown>
#5 0x60b9a7f31e4c <unknown>
#6 0x60b9a7e855f5 <unknown>
#7 0x60b9a848706b <unknown>
#8 0x60b9a848a01d <unknown>
#9 0x60b9a8473718 <unknown>
#10 0x60b9a848abb0 <unknown>
#11 0x60b9a845a150 <unknown>
#12 0x60b9a7e82e94 <unknown>
#13 0x7088bc82a1ca <unknown>
#14 0x7088bc82a28b __libc_start_main
#15 0x60b9a7e421ea _start


During handling of the above exception, another exception occurred:

Traceback (most recent call last):
  File "/home/morrty00/Documents/GolfClub/main1.py", line 712, in click
    self.driver.execute_script("arguments[0].click();", element)
  File "/home/morrty00/Documents/GolfClub/.venv/lib/python3.12/site-packages/selenium/webdriver/remote/webdriver.py", line 578, in execute_script
    return self.execute(command, {"script": script, "args": converted_args})["value"]
           ^^^^^^^^^^^^^^^^^^^^^^^^^^^^^^^^^^^^^^^^^^^^^^^^^^^^^^^^^^^^^^^^^
  File "/home/morrty00/Documents/GolfClub/.venv/lib/python3.12/site-packages/selenium/webdriver/remote/webdriver.py", line 468, in execute
    self.error_handler.check_response(response)
  File "/home/morrty00/Documents/GolfClub/.venv/lib/python3.12/site-packages/selenium/webdriver/remote/errorhandler.py", line 232, in check_response
    raise exception_class(message, screen, stacktrace)
selenium.common.exceptions.InvalidSessionIdException: Message: invalid session id; For documentation on this error, please visit: https://www.selenium.dev/documentation/webdriver/troubleshooting/errors#invalidsessionidexception
Stacktrace:
#0 0x60b9a84c379a <unknown>
#1 0x60b9a7ebf020 <unknown>
#2 0x60b9a7f047b0 <unknown>
#3 0x60b9a7f38406 <unknown>
#4 0x60b9a7f32a38 <unknown>
#5 0x60b9a7f31e4c <unknown>
#6 0x60b9a7e855f5 <unknown>
#7 0x60b9a848706b <unknown>
#8 0x60b9a848a01d <unknown>
#9 0x60b9a8473718 <unknown>
#10 0x60b9a848abb0 <unknown>
#11 0x60b9a845a150 <unknown>
#12 0x60b9a7e82e94 <unknown>
#13 0x7088bc82a1ca <unknown>
#14 0x7088bc82a28b __libc_start_main
#15 0x60b9a7e421ea _start


During handling of the above exception, another exception occurred:

Traceback (most recent call last):
  File "/home/morrty00/Documents/GolfClub/main1.py", line 741, in capture_debug
    self.driver.save_screenshot(str(path))
  File "/home/morrty00/Documents/GolfClub/.venv/lib/python3.12/site-packages/selenium/webdriver/remote/webdriver.py", line 948, in save_screenshot
    return self.get_screenshot_as_file(filename)
           ^^^^^^^^^^^^^^^^^^^^^^^^^^^^^^^^^^^^^
  File "/home/morrty00/Documents/GolfClub/.venv/lib/python3.12/site-packages/selenium/webdriver/remote/webdriver.py", line 925, in get_screenshot_as_file
    png = self.get_screenshot_as_png()
          ^^^^^^^^^^^^^^^^^^^^^^^^^^^^
  File "/home/morrty00/Documents/GolfClub/.venv/lib/python3.12/site-packages/selenium/webdriver/remote/webdriver.py", line 956, in get_screenshot_as_png
    return b64decode(self.get_screenshot_as_base64().encode("ascii"))
                     ^^^^^^^^^^^^^^^^^^^^^^^^^^^^^^^
  File "/home/morrty00/Documents/GolfClub/.venv/lib/python3.12/site-packages/selenium/webdriver/remote/webdriver.py", line 966, in get_screenshot_as_base64
    return self.execute(Command.SCREENSHOT)["value"]
           ^^^^^^^^^^^^^^^^^^^^^^^^^^^^^^^^
  File "/home/morrty00/Documents/GolfClub/.venv/lib/python3.12/site-packages/selenium/webdriver/remote/webdriver.py", line 468, in execute
    self.error_handler.check_response(response)
  File "/home/morrty00/Documents/GolfClub/.venv/lib/python3.12/site-packages/selenium/webdriver/remote/errorhandler.py", line 232, in check_response
    raise exception_class(message, screen, stacktrace)
selenium.common.exceptions.InvalidSessionIdException: Message: invalid session id; For documentation on this error, please visit: https://www.selenium.dev/documentation/webdriver/troubleshooting/errors#invalidsessionidexception
Stacktrace:
#0 0x60b9a84c379a <unknown>
#1 0x60b9a7ebf020 <unknown>
#2 0x60b9a7f047b0 <unknown>
#3 0x60b9a7f38406 <unknown>
#4 0x60b9a7f32a38 <unknown>
#5 0x60b9a7f31e4c <unknown>
#6 0x60b9a7e855f5 <unknown>
#7 0x60b9a848706b <unknown>
#8 0x60b9a848a01d <unknown>
#9 0x60b9a8473718 <unknown>
#10 0x60b9a848abb0 <unknown>
#11 0x60b9a845a150 <unknown>
#12 0x60b9a7e82e94 <unknown>
#13 0x7088bc82a1ca <unknown>
#14 0x7088bc82a28b __libc_start_main
#15 0x60b9a7e421ea _start

2026-05-19 16:14:43 | WARNING | Failed to book slot 12:32 pm: Failed to click BOOK GROUP at 12:32 pm: Message: invalid session id; For documentation on this error, please visit: https://www.selenium.dev/documentation/webdriver/troubleshooting/errors#invalidsessionidexception
Stacktrace:
#0 0x60b9a84c379a <unknown>
#1 0x60b9a7ebf020 <unknown>
#2 0x60b9a7f047b0 <unknown>
#3 0x60b9a7f38406 <unknown>
#4 0x60b9a7f32a38 <unknown>
#5 0x60b9a7f31e4c <unknown>
#6 0x60b9a7e855f5 <unknown>
#7 0x60b9a848706b <unknown>
#8 0x60b9a848a01d <unknown>
#9 0x60b9a8473718 <unknown>
#10 0x60b9a848abb0 <unknown>
#11 0x60b9a845a150 <unknown>
#12 0x60b9a7e82e94 <unknown>
#13 0x7088bc82a1ca <unknown>
#14 0x7088bc82a28b __libc_start_main
#15 0x60b9a7e421ea _start

2026-05-19 16:14:43 | INFO | [14/41] Attempting to book slot: 12:40 pm (BOOK GROUP)
2026-05-19 16:14:43 | ERROR | Failed to save debug screenshot
Traceback (most recent call last):
  File "/home/morrty00/Documents/GolfClub/main1.py", line 707, in click
    self.scroll_into_view(element)
  File "/home/morrty00/Documents/GolfClub/main1.py", line 727, in scroll_into_view
    self.driver.execute_script("arguments[0].scrollIntoView({block: 'center', inline: 'nearest'});", element)
  File "/home/morrty00/Documents/GolfClub/.venv/lib/python3.12/site-packages/selenium/webdriver/remote/webdriver.py", line 578, in execute_script
    return self.execute(command, {"script": script, "args": converted_args})["value"]
           ^^^^^^^^^^^^^^^^^^^^^^^^^^^^^^^^^^^^^^^^^^^^^^^^^^^^^^^^^^^^^^^^^
  File "/home/morrty00/Documents/GolfClub/.venv/lib/python3.12/site-packages/selenium/webdriver/remote/webdriver.py", line 468, in execute
    self.error_handler.check_response(response)
  File "/home/morrty00/Documents/GolfClub/.venv/lib/python3.12/site-packages/selenium/webdriver/remote/errorhandler.py", line 232, in check_response
    raise exception_class(message, screen, stacktrace)
selenium.common.exceptions.InvalidSessionIdException: Message: invalid session id; For documentation on this error, please visit: https://www.selenium.dev/documentation/webdriver/troubleshooting/errors#invalidsessionidexception
Stacktrace:
#0 0x60b9a84c379a <unknown>
#1 0x60b9a7ebf020 <unknown>
#2 0x60b9a7f047b0 <unknown>
#3 0x60b9a7f38406 <unknown>
#4 0x60b9a7f32a38 <unknown>
#5 0x60b9a7f31e4c <unknown>
#6 0x60b9a7e855f5 <unknown>
#7 0x60b9a848706b <unknown>
#8 0x60b9a848a01d <unknown>
#9 0x60b9a8473718 <unknown>
#10 0x60b9a848abb0 <unknown>
#11 0x60b9a845a150 <unknown>
#12 0x60b9a7e82e94 <unknown>
#13 0x7088bc82a1ca <unknown>
#14 0x7088bc82a28b __libc_start_main
#15 0x60b9a7e421ea _start


During handling of the above exception, another exception occurred:

Traceback (most recent call last):
  File "/home/morrty00/Documents/GolfClub/main1.py", line 712, in click
    self.driver.execute_script("arguments[0].click();", element)
  File "/home/morrty00/Documents/GolfClub/.venv/lib/python3.12/site-packages/selenium/webdriver/remote/webdriver.py", line 578, in execute_script
    return self.execute(command, {"script": script, "args": converted_args})["value"]
           ^^^^^^^^^^^^^^^^^^^^^^^^^^^^^^^^^^^^^^^^^^^^^^^^^^^^^^^^^^^^^^^^^
  File "/home/morrty00/Documents/GolfClub/.venv/lib/python3.12/site-packages/selenium/webdriver/remote/webdriver.py", line 468, in execute
    self.error_handler.check_response(response)
  File "/home/morrty00/Documents/GolfClub/.venv/lib/python3.12/site-packages/selenium/webdriver/remote/errorhandler.py", line 232, in check_response
    raise exception_class(message, screen, stacktrace)
selenium.common.exceptions.InvalidSessionIdException: Message: invalid session id; For documentation on this error, please visit: https://www.selenium.dev/documentation/webdriver/troubleshooting/errors#invalidsessionidexception
Stacktrace:
#0 0x60b9a84c379a <unknown>
#1 0x60b9a7ebf020 <unknown>
#2 0x60b9a7f047b0 <unknown>
#3 0x60b9a7f38406 <unknown>
#4 0x60b9a7f32a38 <unknown>
#5 0x60b9a7f31e4c <unknown>
#6 0x60b9a7e855f5 <unknown>
#7 0x60b9a848706b <unknown>
#8 0x60b9a848a01d <unknown>
#9 0x60b9a8473718 <unknown>
#10 0x60b9a848abb0 <unknown>
#11 0x60b9a845a150 <unknown>
#12 0x60b9a7e82e94 <unknown>
#13 0x7088bc82a1ca <unknown>
#14 0x7088bc82a28b __libc_start_main
#15 0x60b9a7e421ea _start


During handling of the above exception, another exception occurred:

Traceback (most recent call last):
  File "/home/morrty00/Documents/GolfClub/main1.py", line 741, in capture_debug
    self.driver.save_screenshot(str(path))
  File "/home/morrty00/Documents/GolfClub/.venv/lib/python3.12/site-packages/selenium/webdriver/remote/webdriver.py", line 948, in save_screenshot
    return self.get_screenshot_as_file(filename)
           ^^^^^^^^^^^^^^^^^^^^^^^^^^^^^^^^^^^^^
  File "/home/morrty00/Documents/GolfClub/.venv/lib/python3.12/site-packages/selenium/webdriver/remote/webdriver.py", line 925, in get_screenshot_as_file
    png = self.get_screenshot_as_png()
          ^^^^^^^^^^^^^^^^^^^^^^^^^^^^
  File "/home/morrty00/Documents/GolfClub/.venv/lib/python3.12/site-packages/selenium/webdriver/remote/webdriver.py", line 956, in get_screenshot_as_png
    return b64decode(self.get_screenshot_as_base64().encode("ascii"))
                     ^^^^^^^^^^^^^^^^^^^^^^^^^^^^^^^
  File "/home/morrty00/Documents/GolfClub/.venv/lib/python3.12/site-packages/selenium/webdriver/remote/webdriver.py", line 966, in get_screenshot_as_base64
    return self.execute(Command.SCREENSHOT)["value"]
           ^^^^^^^^^^^^^^^^^^^^^^^^^^^^^^^^
  File "/home/morrty00/Documents/GolfClub/.venv/lib/python3.12/site-packages/selenium/webdriver/remote/webdriver.py", line 468, in execute
    self.error_handler.check_response(response)
  File "/home/morrty00/Documents/GolfClub/.venv/lib/python3.12/site-packages/selenium/webdriver/remote/errorhandler.py", line 232, in check_response
    raise exception_class(message, screen, stacktrace)
selenium.common.exceptions.InvalidSessionIdException: Message: invalid session id; For documentation on this error, please visit: https://www.selenium.dev/documentation/webdriver/troubleshooting/errors#invalidsessionidexception
Stacktrace:
#0 0x60b9a84c379a <unknown>
#1 0x60b9a7ebf020 <unknown>
#2 0x60b9a7f047b0 <unknown>
#3 0x60b9a7f38406 <unknown>
#4 0x60b9a7f32a38 <unknown>
#5 0x60b9a7f31e4c <unknown>
#6 0x60b9a7e855f5 <unknown>
#7 0x60b9a848706b <unknown>
#8 0x60b9a848a01d <unknown>
#9 0x60b9a8473718 <unknown>
#10 0x60b9a848abb0 <unknown>
#11 0x60b9a845a150 <unknown>
#12 0x60b9a7e82e94 <unknown>
#13 0x7088bc82a1ca <unknown>
#14 0x7088bc82a28b __libc_start_main
#15 0x60b9a7e421ea _start

2026-05-19 16:14:43 | WARNING | Failed to book slot 12:40 pm: Failed to click BOOK GROUP at 12:40 pm: Message: invalid session id; For documentation on this error, please visit: https://www.selenium.dev/documentation/webdriver/troubleshooting/errors#invalidsessionidexception
Stacktrace:
#0 0x60b9a84c379a <unknown>
#1 0x60b9a7ebf020 <unknown>
#2 0x60b9a7f047b0 <unknown>
#3 0x60b9a7f38406 <unknown>
#4 0x60b9a7f32a38 <unknown>
#5 0x60b9a7f31e4c <unknown>
#6 0x60b9a7e855f5 <unknown>
#7 0x60b9a848706b <unknown>
#8 0x60b9a848a01d <unknown>
#9 0x60b9a8473718 <unknown>
#10 0x60b9a848abb0 <unknown>
#11 0x60b9a845a150 <unknown>
#12 0x60b9a7e82e94 <unknown>
#13 0x7088bc82a1ca <unknown>
#14 0x7088bc82a28b __libc_start_main
#15 0x60b9a7e421ea _start

2026-05-19 16:14:43 | INFO | [15/41] Attempting to book slot: 12:48 pm (BOOK GROUP)
2026-05-19 16:14:43 | ERROR | Failed to save debug screenshot
Traceback (most recent call last):
  File "/home/morrty00/Documents/GolfClub/main1.py", line 707, in click
    self.scroll_into_view(element)
  File "/home/morrty00/Documents/GolfClub/main1.py", line 727, in scroll_into_view
    self.driver.execute_script("arguments[0].scrollIntoView({block: 'center', inline: 'nearest'});", element)
  File "/home/morrty00/Documents/GolfClub/.venv/lib/python3.12/site-packages/selenium/webdriver/remote/webdriver.py", line 578, in execute_script
    return self.execute(command, {"script": script, "args": converted_args})["value"]
           ^^^^^^^^^^^^^^^^^^^^^^^^^^^^^^^^^^^^^^^^^^^^^^^^^^^^^^^^^^^^^^^^^
  File "/home/morrty00/Documents/GolfClub/.venv/lib/python3.12/site-packages/selenium/webdriver/remote/webdriver.py", line 468, in execute
    self.error_handler.check_response(response)
  File "/home/morrty00/Documents/GolfClub/.venv/lib/python3.12/site-packages/selenium/webdriver/remote/errorhandler.py", line 232, in check_response
    raise exception_class(message, screen, stacktrace)
selenium.common.exceptions.InvalidSessionIdException: Message: invalid session id; For documentation on this error, please visit: https://www.selenium.dev/documentation/webdriver/troubleshooting/errors#invalidsessionidexception
Stacktrace:
#0 0x60b9a84c379a <unknown>
#1 0x60b9a7ebf020 <unknown>
#2 0x60b9a7f047b0 <unknown>
#3 0x60b9a7f38406 <unknown>
#4 0x60b9a7f32a38 <unknown>
#5 0x60b9a7f31e4c <unknown>
#6 0x60b9a7e855f5 <unknown>
#7 0x60b9a848706b <unknown>
#8 0x60b9a848a01d <unknown>
#9 0x60b9a8473718 <unknown>
#10 0x60b9a848abb0 <unknown>
#11 0x60b9a845a150 <unknown>
#12 0x60b9a7e82e94 <unknown>
#13 0x7088bc82a1ca <unknown>
#14 0x7088bc82a28b __libc_start_main
#15 0x60b9a7e421ea _start


During handling of the above exception, another exception occurred:

Traceback (most recent call last):
  File "/home/morrty00/Documents/GolfClub/main1.py", line 712, in click
    self.driver.execute_script("arguments[0].click();", element)
  File "/home/morrty00/Documents/GolfClub/.venv/lib/python3.12/site-packages/selenium/webdriver/remote/webdriver.py", line 578, in execute_script
    return self.execute(command, {"script": script, "args": converted_args})["value"]
           ^^^^^^^^^^^^^^^^^^^^^^^^^^^^^^^^^^^^^^^^^^^^^^^^^^^^^^^^^^^^^^^^^
  File "/home/morrty00/Documents/GolfClub/.venv/lib/python3.12/site-packages/selenium/webdriver/remote/webdriver.py", line 468, in execute
    self.error_handler.check_response(response)
  File "/home/morrty00/Documents/GolfClub/.venv/lib/python3.12/site-packages/selenium/webdriver/remote/errorhandler.py", line 232, in check_response
    raise exception_class(message, screen, stacktrace)
selenium.common.exceptions.InvalidSessionIdException: Message: invalid session id; For documentation on this error, please visit: https://www.selenium.dev/documentation/webdriver/troubleshooting/errors#invalidsessionidexception
Stacktrace:
#0 0x60b9a84c379a <unknown>
#1 0x60b9a7ebf020 <unknown>
#2 0x60b9a7f047b0 <unknown>
#3 0x60b9a7f38406 <unknown>
#4 0x60b9a7f32a38 <unknown>
#5 0x60b9a7f31e4c <unknown>
#6 0x60b9a7e855f5 <unknown>
#7 0x60b9a848706b <unknown>
#8 0x60b9a848a01d <unknown>
#9 0x60b9a8473718 <unknown>
#10 0x60b9a848abb0 <unknown>
#11 0x60b9a845a150 <unknown>
#12 0x60b9a7e82e94 <unknown>
#13 0x7088bc82a1ca <unknown>
#14 0x7088bc82a28b __libc_start_main
#15 0x60b9a7e421ea _start


During handling of the above exception, another exception occurred:

Traceback (most recent call last):
  File "/home/morrty00/Documents/GolfClub/main1.py", line 741, in capture_debug
    self.driver.save_screenshot(str(path))
  File "/home/morrty00/Documents/GolfClub/.venv/lib/python3.12/site-packages/selenium/webdriver/remote/webdriver.py", line 948, in save_screenshot
    return self.get_screenshot_as_file(filename)
           ^^^^^^^^^^^^^^^^^^^^^^^^^^^^^^^^^^^^^
  File "/home/morrty00/Documents/GolfClub/.venv/lib/python3.12/site-packages/selenium/webdriver/remote/webdriver.py", line 925, in get_screenshot_as_file
    png = self.get_screenshot_as_png()
          ^^^^^^^^^^^^^^^^^^^^^^^^^^^^
  File "/home/morrty00/Documents/GolfClub/.venv/lib/python3.12/site-packages/selenium/webdriver/remote/webdriver.py", line 956, in get_screenshot_as_png
    return b64decode(self.get_screenshot_as_base64().encode("ascii"))
                     ^^^^^^^^^^^^^^^^^^^^^^^^^^^^^^^
  File "/home/morrty00/Documents/GolfClub/.venv/lib/python3.12/site-packages/selenium/webdriver/remote/webdriver.py", line 966, in get_screenshot_as_base64
    return self.execute(Command.SCREENSHOT)["value"]
           ^^^^^^^^^^^^^^^^^^^^^^^^^^^^^^^^
  File "/home/morrty00/Documents/GolfClub/.venv/lib/python3.12/site-packages/selenium/webdriver/remote/webdriver.py", line 468, in execute
    self.error_handler.check_response(response)
  File "/home/morrty00/Documents/GolfClub/.venv/lib/python3.12/site-packages/selenium/webdriver/remote/errorhandler.py", line 232, in check_response
    raise exception_class(message, screen, stacktrace)
selenium.common.exceptions.InvalidSessionIdException: Message: invalid session id; For documentation on this error, please visit: https://www.selenium.dev/documentation/webdriver/troubleshooting/errors#invalidsessionidexception
Stacktrace:
#0 0x60b9a84c379a <unknown>
#1 0x60b9a7ebf020 <unknown>
#2 0x60b9a7f047b0 <unknown>
#3 0x60b9a7f38406 <unknown>
#4 0x60b9a7f32a38 <unknown>
#5 0x60b9a7f31e4c <unknown>
#6 0x60b9a7e855f5 <unknown>
#7 0x60b9a848706b <unknown>
#8 0x60b9a848a01d <unknown>
#9 0x60b9a8473718 <unknown>
#10 0x60b9a848abb0 <unknown>
#11 0x60b9a845a150 <unknown>
#12 0x60b9a7e82e94 <unknown>
#13 0x7088bc82a1ca <unknown>
#14 0x7088bc82a28b __libc_start_main
#15 0x60b9a7e421ea _start

2026-05-19 16:14:43 | WARNING | Failed to book slot 12:48 pm: Failed to click BOOK GROUP at 12:48 pm: Message: invalid session id; For documentation on this error, please visit: https://www.selenium.dev/documentation/webdriver/troubleshooting/errors#invalidsessionidexception
Stacktrace:
#0 0x60b9a84c379a <unknown>
#1 0x60b9a7ebf020 <unknown>
#2 0x60b9a7f047b0 <unknown>
#3 0x60b9a7f38406 <unknown>
#4 0x60b9a7f32a38 <unknown>
#5 0x60b9a7f31e4c <unknown>
#6 0x60b9a7e855f5 <unknown>
#7 0x60b9a848706b <unknown>
#8 0x60b9a848a01d <unknown>
#9 0x60b9a8473718 <unknown>
#10 0x60b9a848abb0 <unknown>
#11 0x60b9a845a150 <unknown>
#12 0x60b9a7e82e94 <unknown>
#13 0x7088bc82a1ca <unknown>
#14 0x7088bc82a28b __libc_start_main
#15 0x60b9a7e421ea _start

2026-05-19 16:14:43 | INFO | [16/41] Attempting to book slot: 12:56 pm (BOOK GROUP)
2026-05-19 16:14:43 | ERROR | Failed to save debug screenshot
Traceback (most recent call last):
  File "/home/morrty00/Documents/GolfClub/main1.py", line 707, in click
    self.scroll_into_view(element)
  File "/home/morrty00/Documents/GolfClub/main1.py", line 727, in scroll_into_view
    self.driver.execute_script("arguments[0].scrollIntoView({block: 'center', inline: 'nearest'});", element)
  File "/home/morrty00/Documents/GolfClub/.venv/lib/python3.12/site-packages/selenium/webdriver/remote/webdriver.py", line 578, in execute_script
    return self.execute(command, {"script": script, "args": converted_args})["value"]
           ^^^^^^^^^^^^^^^^^^^^^^^^^^^^^^^^^^^^^^^^^^^^^^^^^^^^^^^^^^^^^^^^^
  File "/home/morrty00/Documents/GolfClub/.venv/lib/python3.12/site-packages/selenium/webdriver/remote/webdriver.py", line 468, in execute
    self.error_handler.check_response(response)
  File "/home/morrty00/Documents/GolfClub/.venv/lib/python3.12/site-packages/selenium/webdriver/remote/errorhandler.py", line 232, in check_response
    raise exception_class(message, screen, stacktrace)
selenium.common.exceptions.InvalidSessionIdException: Message: invalid session id; For documentation on this error, please visit: https://www.selenium.dev/documentation/webdriver/troubleshooting/errors#invalidsessionidexception
Stacktrace:
#0 0x60b9a84c379a <unknown>
#1 0x60b9a7ebf020 <unknown>
#2 0x60b9a7f047b0 <unknown>
#3 0x60b9a7f38406 <unknown>
#4 0x60b9a7f32a38 <unknown>
#5 0x60b9a7f31e4c <unknown>
#6 0x60b9a7e855f5 <unknown>
#7 0x60b9a848706b <unknown>
#8 0x60b9a848a01d <unknown>
#9 0x60b9a8473718 <unknown>
#10 0x60b9a848abb0 <unknown>
#11 0x60b9a845a150 <unknown>
#12 0x60b9a7e82e94 <unknown>
#13 0x7088bc82a1ca <unknown>
#14 0x7088bc82a28b __libc_start_main
#15 0x60b9a7e421ea _start


During handling of the above exception, another exception occurred:

Traceback (most recent call last):
  File "/home/morrty00/Documents/GolfClub/main1.py", line 712, in click
    self.driver.execute_script("arguments[0].click();", element)
  File "/home/morrty00/Documents/GolfClub/.venv/lib/python3.12/site-packages/selenium/webdriver/remote/webdriver.py", line 578, in execute_script
    return self.execute(command, {"script": script, "args": converted_args})["value"]
           ^^^^^^^^^^^^^^^^^^^^^^^^^^^^^^^^^^^^^^^^^^^^^^^^^^^^^^^^^^^^^^^^^
  File "/home/morrty00/Documents/GolfClub/.venv/lib/python3.12/site-packages/selenium/webdriver/remote/webdriver.py", line 468, in execute
    self.error_handler.check_response(response)
  File "/home/morrty00/Documents/GolfClub/.venv/lib/python3.12/site-packages/selenium/webdriver/remote/errorhandler.py", line 232, in check_response
    raise exception_class(message, screen, stacktrace)
selenium.common.exceptions.InvalidSessionIdException: Message: invalid session id; For documentation on this error, please visit: https://www.selenium.dev/documentation/webdriver/troubleshooting/errors#invalidsessionidexception
Stacktrace:
#0 0x60b9a84c379a <unknown>
#1 0x60b9a7ebf020 <unknown>
#2 0x60b9a7f047b0 <unknown>
#3 0x60b9a7f38406 <unknown>
#4 0x60b9a7f32a38 <unknown>
#5 0x60b9a7f31e4c <unknown>
#6 0x60b9a7e855f5 <unknown>
#7 0x60b9a848706b <unknown>
#8 0x60b9a848a01d <unknown>
#9 0x60b9a8473718 <unknown>
#10 0x60b9a848abb0 <unknown>
#11 0x60b9a845a150 <unknown>
#12 0x60b9a7e82e94 <unknown>
#13 0x7088bc82a1ca <unknown>
#14 0x7088bc82a28b __libc_start_main
#15 0x60b9a7e421ea _start


During handling of the above exception, another exception occurred:

Traceback (most recent call last):
  File "/home/morrty00/Documents/GolfClub/main1.py", line 741, in capture_debug
    self.driver.save_screenshot(str(path))
  File "/home/morrty00/Documents/GolfClub/.venv/lib/python3.12/site-packages/selenium/webdriver/remote/webdriver.py", line 948, in save_screenshot
    return self.get_screenshot_as_file(filename)
           ^^^^^^^^^^^^^^^^^^^^^^^^^^^^^^^^^^^^^
  File "/home/morrty00/Documents/GolfClub/.venv/lib/python3.12/site-packages/selenium/webdriver/remote/webdriver.py", line 925, in get_screenshot_as_file
    png = self.get_screenshot_as_png()
          ^^^^^^^^^^^^^^^^^^^^^^^^^^^^
  File "/home/morrty00/Documents/GolfClub/.venv/lib/python3.12/site-packages/selenium/webdriver/remote/webdriver.py", line 956, in get_screenshot_as_png
    return b64decode(self.get_screenshot_as_base64().encode("ascii"))
                     ^^^^^^^^^^^^^^^^^^^^^^^^^^^^^^^
  File "/home/morrty00/Documents/GolfClub/.venv/lib/python3.12/site-packages/selenium/webdriver/remote/webdriver.py", line 966, in get_screenshot_as_base64
    return self.execute(Command.SCREENSHOT)["value"]
           ^^^^^^^^^^^^^^^^^^^^^^^^^^^^^^^^
  File "/home/morrty00/Documents/GolfClub/.venv/lib/python3.12/site-packages/selenium/webdriver/remote/webdriver.py", line 468, in execute
    self.error_handler.check_response(response)
  File "/home/morrty00/Documents/GolfClub/.venv/lib/python3.12/site-packages/selenium/webdriver/remote/errorhandler.py", line 232, in check_response
    raise exception_class(message, screen, stacktrace)
selenium.common.exceptions.InvalidSessionIdException: Message: invalid session id; For documentation on this error, please visit: https://www.selenium.dev/documentation/webdriver/troubleshooting/errors#invalidsessionidexception
Stacktrace:
#0 0x60b9a84c379a <unknown>
#1 0x60b9a7ebf020 <unknown>
#2 0x60b9a7f047b0 <unknown>
#3 0x60b9a7f38406 <unknown>
#4 0x60b9a7f32a38 <unknown>
#5 0x60b9a7f31e4c <unknown>
#6 0x60b9a7e855f5 <unknown>
#7 0x60b9a848706b <unknown>
#8 0x60b9a848a01d <unknown>
#9 0x60b9a8473718 <unknown>
#10 0x60b9a848abb0 <unknown>
#11 0x60b9a845a150 <unknown>
#12 0x60b9a7e82e94 <unknown>
#13 0x7088bc82a1ca <unknown>
#14 0x7088bc82a28b __libc_start_main
#15 0x60b9a7e421ea _start

2026-05-19 16:14:43 | WARNING | Failed to book slot 12:56 pm: Failed to click BOOK GROUP at 12:56 pm: Message: invalid session id; For documentation on this error, please visit: https://www.selenium.dev/documentation/webdriver/troubleshooting/errors#invalidsessionidexception
Stacktrace:
#0 0x60b9a84c379a <unknown>
#1 0x60b9a7ebf020 <unknown>
#2 0x60b9a7f047b0 <unknown>
#3 0x60b9a7f38406 <unknown>
#4 0x60b9a7f32a38 <unknown>
#5 0x60b9a7f31e4c <unknown>
#6 0x60b9a7e855f5 <unknown>
#7 0x60b9a848706b <unknown>
#8 0x60b9a848a01d <unknown>
#9 0x60b9a8473718 <unknown>
#10 0x60b9a848abb0 <unknown>
#11 0x60b9a845a150 <unknown>
#12 0x60b9a7e82e94 <unknown>
#13 0x7088bc82a1ca <unknown>
#14 0x7088bc82a28b __libc_start_main
#15 0x60b9a7e421ea _start

2026-05-19 16:14:43 | INFO | [17/41] Attempting to book slot: 01:04 pm (BOOK GROUP)
2026-05-19 16:14:43 | ERROR | Failed to save debug screenshot
Traceback (most recent call last):
  File "/home/morrty00/Documents/GolfClub/main1.py", line 707, in click
    self.scroll_into_view(element)
  File "/home/morrty00/Documents/GolfClub/main1.py", line 727, in scroll_into_view
    self.driver.execute_script("arguments[0].scrollIntoView({block: 'center', inline: 'nearest'});", element)
  File "/home/morrty00/Documents/GolfClub/.venv/lib/python3.12/site-packages/selenium/webdriver/remote/webdriver.py", line 578, in execute_script
    return self.execute(command, {"script": script, "args": converted_args})["value"]
           ^^^^^^^^^^^^^^^^^^^^^^^^^^^^^^^^^^^^^^^^^^^^^^^^^^^^^^^^^^^^^^^^^
  File "/home/morrty00/Documents/GolfClub/.venv/lib/python3.12/site-packages/selenium/webdriver/remote/webdriver.py", line 468, in execute
    self.error_handler.check_response(response)
  File "/home/morrty00/Documents/GolfClub/.venv/lib/python3.12/site-packages/selenium/webdriver/remote/errorhandler.py", line 232, in check_response
    raise exception_class(message, screen, stacktrace)
selenium.common.exceptions.InvalidSessionIdException: Message: invalid session id; For documentation on this error, please visit: https://www.selenium.dev/documentation/webdriver/troubleshooting/errors#invalidsessionidexception
Stacktrace:
#0 0x60b9a84c379a <unknown>
#1 0x60b9a7ebf020 <unknown>
#2 0x60b9a7f047b0 <unknown>
#3 0x60b9a7f38406 <unknown>
#4 0x60b9a7f32a38 <unknown>
#5 0x60b9a7f31e4c <unknown>
#6 0x60b9a7e855f5 <unknown>
#7 0x60b9a848706b <unknown>
#8 0x60b9a848a01d <unknown>
#9 0x60b9a8473718 <unknown>
#10 0x60b9a848abb0 <unknown>
#11 0x60b9a845a150 <unknown>
#12 0x60b9a7e82e94 <unknown>
#13 0x7088bc82a1ca <unknown>
#14 0x7088bc82a28b __libc_start_main
#15 0x60b9a7e421ea _start


During handling of the above exception, another exception occurred:

Traceback (most recent call last):
  File "/home/morrty00/Documents/GolfClub/main1.py", line 712, in click
    self.driver.execute_script("arguments[0].click();", element)
  File "/home/morrty00/Documents/GolfClub/.venv/lib/python3.12/site-packages/selenium/webdriver/remote/webdriver.py", line 578, in execute_script
    return self.execute(command, {"script": script, "args": converted_args})["value"]
           ^^^^^^^^^^^^^^^^^^^^^^^^^^^^^^^^^^^^^^^^^^^^^^^^^^^^^^^^^^^^^^^^^
  File "/home/morrty00/Documents/GolfClub/.venv/lib/python3.12/site-packages/selenium/webdriver/remote/webdriver.py", line 468, in execute
    self.error_handler.check_response(response)
  File "/home/morrty00/Documents/GolfClub/.venv/lib/python3.12/site-packages/selenium/webdriver/remote/errorhandler.py", line 232, in check_response
    raise exception_class(message, screen, stacktrace)
selenium.common.exceptions.InvalidSessionIdException: Message: invalid session id; For documentation on this error, please visit: https://www.selenium.dev/documentation/webdriver/troubleshooting/errors#invalidsessionidexception
Stacktrace:
#0 0x60b9a84c379a <unknown>
#1 0x60b9a7ebf020 <unknown>
#2 0x60b9a7f047b0 <unknown>
#3 0x60b9a7f38406 <unknown>
#4 0x60b9a7f32a38 <unknown>
#5 0x60b9a7f31e4c <unknown>
#6 0x60b9a7e855f5 <unknown>
#7 0x60b9a848706b <unknown>
#8 0x60b9a848a01d <unknown>
#9 0x60b9a8473718 <unknown>
#10 0x60b9a848abb0 <unknown>
#11 0x60b9a845a150 <unknown>
#12 0x60b9a7e82e94 <unknown>
#13 0x7088bc82a1ca <unknown>
#14 0x7088bc82a28b __libc_start_main
#15 0x60b9a7e421ea _start


During handling of the above exception, another exception occurred:

Traceback (most recent call last):
  File "/home/morrty00/Documents/GolfClub/main1.py", line 741, in capture_debug
    self.driver.save_screenshot(str(path))
  File "/home/morrty00/Documents/GolfClub/.venv/lib/python3.12/site-packages/selenium/webdriver/remote/webdriver.py", line 948, in save_screenshot
    return self.get_screenshot_as_file(filename)
           ^^^^^^^^^^^^^^^^^^^^^^^^^^^^^^^^^^^^^
  File "/home/morrty00/Documents/GolfClub/.venv/lib/python3.12/site-packages/selenium/webdriver/remote/webdriver.py", line 925, in get_screenshot_as_file
    png = self.get_screenshot_as_png()
          ^^^^^^^^^^^^^^^^^^^^^^^^^^^^
  File "/home/morrty00/Documents/GolfClub/.venv/lib/python3.12/site-packages/selenium/webdriver/remote/webdriver.py", line 956, in get_screenshot_as_png
    return b64decode(self.get_screenshot_as_base64().encode("ascii"))
                     ^^^^^^^^^^^^^^^^^^^^^^^^^^^^^^^
  File "/home/morrty00/Documents/GolfClub/.venv/lib/python3.12/site-packages/selenium/webdriver/remote/webdriver.py", line 966, in get_screenshot_as_base64
    return self.execute(Command.SCREENSHOT)["value"]
           ^^^^^^^^^^^^^^^^^^^^^^^^^^^^^^^^
  File "/home/morrty00/Documents/GolfClub/.venv/lib/python3.12/site-packages/selenium/webdriver/remote/webdriver.py", line 468, in execute
    self.error_handler.check_response(response)
  File "/home/morrty00/Documents/GolfClub/.venv/lib/python3.12/site-packages/selenium/webdriver/remote/errorhandler.py", line 232, in check_response
    raise exception_class(message, screen, stacktrace)
selenium.common.exceptions.InvalidSessionIdException: Message: invalid session id; For documentation on this error, please visit: https://www.selenium.dev/documentation/webdriver/troubleshooting/errors#invalidsessionidexception
Stacktrace:
#0 0x60b9a84c379a <unknown>
#1 0x60b9a7ebf020 <unknown>
#2 0x60b9a7f047b0 <unknown>
#3 0x60b9a7f38406 <unknown>
#4 0x60b9a7f32a38 <unknown>
#5 0x60b9a7f31e4c <unknown>
#6 0x60b9a7e855f5 <unknown>
#7 0x60b9a848706b <unknown>
#8 0x60b9a848a01d <unknown>
#9 0x60b9a8473718 <unknown>
#10 0x60b9a848abb0 <unknown>
#11 0x60b9a845a150 <unknown>
#12 0x60b9a7e82e94 <unknown>
#13 0x7088bc82a1ca <unknown>
#14 0x7088bc82a28b __libc_start_main
#15 0x60b9a7e421ea _start

2026-05-19 16:14:43 | WARNING | Failed to book slot 01:04 pm: Failed to click BOOK GROUP at 01:04 pm: Message: invalid session id; For documentation on this error, please visit: https://www.selenium.dev/documentation/webdriver/troubleshooting/errors#invalidsessionidexception
Stacktrace:
#0 0x60b9a84c379a <unknown>
#1 0x60b9a7ebf020 <unknown>
#2 0x60b9a7f047b0 <unknown>
#3 0x60b9a7f38406 <unknown>
#4 0x60b9a7f32a38 <unknown>
#5 0x60b9a7f31e4c <unknown>
#6 0x60b9a7e855f5 <unknown>
#7 0x60b9a848706b <unknown>
#8 0x60b9a848a01d <unknown>
#9 0x60b9a8473718 <unknown>
#10 0x60b9a848abb0 <unknown>
#11 0x60b9a845a150 <unknown>
#12 0x60b9a7e82e94 <unknown>
#13 0x7088bc82a1ca <unknown>
#14 0x7088bc82a28b __libc_start_main
#15 0x60b9a7e421ea _start

2026-05-19 16:14:43 | INFO | [18/41] Attempting to book slot: 03:30 pm (BOOK GROUP)
2026-05-19 16:14:43 | ERROR | Failed to save debug screenshot
Traceback (most recent call last):
  File "/home/morrty00/Documents/GolfClub/main1.py", line 707, in click
    self.scroll_into_view(element)
  File "/home/morrty00/Documents/GolfClub/main1.py", line 727, in scroll_into_view
    self.driver.execute_script("arguments[0].scrollIntoView({block: 'center', inline: 'nearest'});", element)
  File "/home/morrty00/Documents/GolfClub/.venv/lib/python3.12/site-packages/selenium/webdriver/remote/webdriver.py", line 578, in execute_script
    return self.execute(command, {"script": script, "args": converted_args})["value"]
           ^^^^^^^^^^^^^^^^^^^^^^^^^^^^^^^^^^^^^^^^^^^^^^^^^^^^^^^^^^^^^^^^^
  File "/home/morrty00/Documents/GolfClub/.venv/lib/python3.12/site-packages/selenium/webdriver/remote/webdriver.py", line 468, in execute
    self.error_handler.check_response(response)
  File "/home/morrty00/Documents/GolfClub/.venv/lib/python3.12/site-packages/selenium/webdriver/remote/errorhandler.py", line 232, in check_response
    raise exception_class(message, screen, stacktrace)
selenium.common.exceptions.InvalidSessionIdException: Message: invalid session id; For documentation on this error, please visit: https://www.selenium.dev/documentation/webdriver/troubleshooting/errors#invalidsessionidexception
Stacktrace:
#0 0x60b9a84c379a <unknown>
#1 0x60b9a7ebf020 <unknown>
#2 0x60b9a7f047b0 <unknown>
#3 0x60b9a7f38406 <unknown>
#4 0x60b9a7f32a38 <unknown>
#5 0x60b9a7f31e4c <unknown>
#6 0x60b9a7e855f5 <unknown>
#7 0x60b9a848706b <unknown>
#8 0x60b9a848a01d <unknown>
#9 0x60b9a8473718 <unknown>
#10 0x60b9a848abb0 <unknown>
#11 0x60b9a845a150 <unknown>
#12 0x60b9a7e82e94 <unknown>
#13 0x7088bc82a1ca <unknown>
#14 0x7088bc82a28b __libc_start_main
#15 0x60b9a7e421ea _start


During handling of the above exception, another exception occurred:

Traceback (most recent call last):
  File "/home/morrty00/Documents/GolfClub/main1.py", line 712, in click
    self.driver.execute_script("arguments[0].click();", element)
  File "/home/morrty00/Documents/GolfClub/.venv/lib/python3.12/site-packages/selenium/webdriver/remote/webdriver.py", line 578, in execute_script
    return self.execute(command, {"script": script, "args": converted_args})["value"]
           ^^^^^^^^^^^^^^^^^^^^^^^^^^^^^^^^^^^^^^^^^^^^^^^^^^^^^^^^^^^^^^^^^
  File "/home/morrty00/Documents/GolfClub/.venv/lib/python3.12/site-packages/selenium/webdriver/remote/webdriver.py", line 468, in execute
    self.error_handler.check_response(response)
  File "/home/morrty00/Documents/GolfClub/.venv/lib/python3.12/site-packages/selenium/webdriver/remote/errorhandler.py", line 232, in check_response
    raise exception_class(message, screen, stacktrace)
selenium.common.exceptions.InvalidSessionIdException: Message: invalid session id; For documentation on this error, please visit: https://www.selenium.dev/documentation/webdriver/troubleshooting/errors#invalidsessionidexception
Stacktrace:
#0 0x60b9a84c379a <unknown>
#1 0x60b9a7ebf020 <unknown>
#2 0x60b9a7f047b0 <unknown>
#3 0x60b9a7f38406 <unknown>
#4 0x60b9a7f32a38 <unknown>
#5 0x60b9a7f31e4c <unknown>
#6 0x60b9a7e855f5 <unknown>
#7 0x60b9a848706b <unknown>
#8 0x60b9a848a01d <unknown>
#9 0x60b9a8473718 <unknown>
#10 0x60b9a848abb0 <unknown>
#11 0x60b9a845a150 <unknown>
#12 0x60b9a7e82e94 <unknown>
#13 0x7088bc82a1ca <unknown>
#14 0x7088bc82a28b __libc_start_main
#15 0x60b9a7e421ea _start


During handling of the above exception, another exception occurred:

Traceback (most recent call last):
  File "/home/morrty00/Documents/GolfClub/main1.py", line 741, in capture_debug
    self.driver.save_screenshot(str(path))
  File "/home/morrty00/Documents/GolfClub/.venv/lib/python3.12/site-packages/selenium/webdriver/remote/webdriver.py", line 948, in save_screenshot
    return self.get_screenshot_as_file(filename)
           ^^^^^^^^^^^^^^^^^^^^^^^^^^^^^^^^^^^^^
  File "/home/morrty00/Documents/GolfClub/.venv/lib/python3.12/site-packages/selenium/webdriver/remote/webdriver.py", line 925, in get_screenshot_as_file
    png = self.get_screenshot_as_png()
          ^^^^^^^^^^^^^^^^^^^^^^^^^^^^
  File "/home/morrty00/Documents/GolfClub/.venv/lib/python3.12/site-packages/selenium/webdriver/remote/webdriver.py", line 956, in get_screenshot_as_png
    return b64decode(self.get_screenshot_as_base64().encode("ascii"))
                     ^^^^^^^^^^^^^^^^^^^^^^^^^^^^^^^
  File "/home/morrty00/Documents/GolfClub/.venv/lib/python3.12/site-packages/selenium/webdriver/remote/webdriver.py", line 966, in get_screenshot_as_base64
    return self.execute(Command.SCREENSHOT)["value"]
           ^^^^^^^^^^^^^^^^^^^^^^^^^^^^^^^^
  File "/home/morrty00/Documents/GolfClub/.venv/lib/python3.12/site-packages/selenium/webdriver/remote/webdriver.py", line 468, in execute
    self.error_handler.check_response(response)
  File "/home/morrty00/Documents/GolfClub/.venv/lib/python3.12/site-packages/selenium/webdriver/remote/errorhandler.py", line 232, in check_response
    raise exception_class(message, screen, stacktrace)
selenium.common.exceptions.InvalidSessionIdException: Message: invalid session id; For documentation on this error, please visit: https://www.selenium.dev/documentation/webdriver/troubleshooting/errors#invalidsessionidexception
Stacktrace:
#0 0x60b9a84c379a <unknown>
#1 0x60b9a7ebf020 <unknown>
#2 0x60b9a7f047b0 <unknown>
#3 0x60b9a7f38406 <unknown>
#4 0x60b9a7f32a38 <unknown>
#5 0x60b9a7f31e4c <unknown>
#6 0x60b9a7e855f5 <unknown>
#7 0x60b9a848706b <unknown>
#8 0x60b9a848a01d <unknown>
#9 0x60b9a8473718 <unknown>
#10 0x60b9a848abb0 <unknown>
#11 0x60b9a845a150 <unknown>
#12 0x60b9a7e82e94 <unknown>
#13 0x7088bc82a1ca <unknown>
#14 0x7088bc82a28b __libc_start_main
#15 0x60b9a7e421ea _start

2026-05-19 16:14:43 | WARNING | Failed to book slot 03:30 pm: Failed to click BOOK GROUP at 03:30 pm: Message: invalid session id; For documentation on this error, please visit: https://www.selenium.dev/documentation/webdriver/troubleshooting/errors#invalidsessionidexception
Stacktrace:
#0 0x60b9a84c379a <unknown>
#1 0x60b9a7ebf020 <unknown>
#2 0x60b9a7f047b0 <unknown>
#3 0x60b9a7f38406 <unknown>
#4 0x60b9a7f32a38 <unknown>
#5 0x60b9a7f31e4c <unknown>
#6 0x60b9a7e855f5 <unknown>
#7 0x60b9a848706b <unknown>
#8 0x60b9a848a01d <unknown>
#9 0x60b9a8473718 <unknown>
#10 0x60b9a848abb0 <unknown>
#11 0x60b9a845a150 <unknown>
#12 0x60b9a7e82e94 <unknown>
#13 0x7088bc82a1ca <unknown>
#14 0x7088bc82a28b __libc_start_main
#15 0x60b9a7e421ea _start

2026-05-19 16:14:43 | INFO | [19/41] Attempting to book slot: 03:38 pm (BOOK GROUP)
2026-05-19 16:14:43 | ERROR | Failed to save debug screenshot
Traceback (most recent call last):
  File "/home/morrty00/Documents/GolfClub/main1.py", line 707, in click
    self.scroll_into_view(element)
  File "/home/morrty00/Documents/GolfClub/main1.py", line 727, in scroll_into_view
    self.driver.execute_script("arguments[0].scrollIntoView({block: 'center', inline: 'nearest'});", element)
  File "/home/morrty00/Documents/GolfClub/.venv/lib/python3.12/site-packages/selenium/webdriver/remote/webdriver.py", line 578, in execute_script
    return self.execute(command, {"script": script, "args": converted_args})["value"]
           ^^^^^^^^^^^^^^^^^^^^^^^^^^^^^^^^^^^^^^^^^^^^^^^^^^^^^^^^^^^^^^^^^
  File "/home/morrty00/Documents/GolfClub/.venv/lib/python3.12/site-packages/selenium/webdriver/remote/webdriver.py", line 468, in execute
    self.error_handler.check_response(response)
  File "/home/morrty00/Documents/GolfClub/.venv/lib/python3.12/site-packages/selenium/webdriver/remote/errorhandler.py", line 232, in check_response
    raise exception_class(message, screen, stacktrace)
selenium.common.exceptions.InvalidSessionIdException: Message: invalid session id; For documentation on this error, please visit: https://www.selenium.dev/documentation/webdriver/troubleshooting/errors#invalidsessionidexception
Stacktrace:
#0 0x60b9a84c379a <unknown>
#1 0x60b9a7ebf020 <unknown>
#2 0x60b9a7f047b0 <unknown>
#3 0x60b9a7f38406 <unknown>
#4 0x60b9a7f32a38 <unknown>
#5 0x60b9a7f31e4c <unknown>
#6 0x60b9a7e855f5 <unknown>
#7 0x60b9a848706b <unknown>
#8 0x60b9a848a01d <unknown>
#9 0x60b9a8473718 <unknown>
#10 0x60b9a848abb0 <unknown>
#11 0x60b9a845a150 <unknown>
#12 0x60b9a7e82e94 <unknown>
#13 0x7088bc82a1ca <unknown>
#14 0x7088bc82a28b __libc_start_main
#15 0x60b9a7e421ea _start


During handling of the above exception, another exception occurred:

Traceback (most recent call last):
  File "/home/morrty00/Documents/GolfClub/main1.py", line 712, in click
    self.driver.execute_script("arguments[0].click();", element)
  File "/home/morrty00/Documents/GolfClub/.venv/lib/python3.12/site-packages/selenium/webdriver/remote/webdriver.py", line 578, in execute_script
    return self.execute(command, {"script": script, "args": converted_args})["value"]
           ^^^^^^^^^^^^^^^^^^^^^^^^^^^^^^^^^^^^^^^^^^^^^^^^^^^^^^^^^^^^^^^^^
  File "/home/morrty00/Documents/GolfClub/.venv/lib/python3.12/site-packages/selenium/webdriver/remote/webdriver.py", line 468, in execute
    self.error_handler.check_response(response)
  File "/home/morrty00/Documents/GolfClub/.venv/lib/python3.12/site-packages/selenium/webdriver/remote/errorhandler.py", line 232, in check_response
    raise exception_class(message, screen, stacktrace)
selenium.common.exceptions.InvalidSessionIdException: Message: invalid session id; For documentation on this error, please visit: https://www.selenium.dev/documentation/webdriver/troubleshooting/errors#invalidsessionidexception
Stacktrace:
#0 0x60b9a84c379a <unknown>
#1 0x60b9a7ebf020 <unknown>
#2 0x60b9a7f047b0 <unknown>
#3 0x60b9a7f38406 <unknown>
#4 0x60b9a7f32a38 <unknown>
#5 0x60b9a7f31e4c <unknown>
#6 0x60b9a7e855f5 <unknown>
#7 0x60b9a848706b <unknown>
#8 0x60b9a848a01d <unknown>
#9 0x60b9a8473718 <unknown>
#10 0x60b9a848abb0 <unknown>
#11 0x60b9a845a150 <unknown>
#12 0x60b9a7e82e94 <unknown>
#13 0x7088bc82a1ca <unknown>
#14 0x7088bc82a28b __libc_start_main
#15 0x60b9a7e421ea _start


During handling of the above exception, another exception occurred:

Traceback (most recent call last):
  File "/home/morrty00/Documents/GolfClub/main1.py", line 741, in capture_debug
    self.driver.save_screenshot(str(path))
  File "/home/morrty00/Documents/GolfClub/.venv/lib/python3.12/site-packages/selenium/webdriver/remote/webdriver.py", line 948, in save_screenshot
    return self.get_screenshot_as_file(filename)
           ^^^^^^^^^^^^^^^^^^^^^^^^^^^^^^^^^^^^^
  File "/home/morrty00/Documents/GolfClub/.venv/lib/python3.12/site-packages/selenium/webdriver/remote/webdriver.py", line 925, in get_screenshot_as_file
    png = self.get_screenshot_as_png()
          ^^^^^^^^^^^^^^^^^^^^^^^^^^^^
  File "/home/morrty00/Documents/GolfClub/.venv/lib/python3.12/site-packages/selenium/webdriver/remote/webdriver.py", line 956, in get_screenshot_as_png
    return b64decode(self.get_screenshot_as_base64().encode("ascii"))
                     ^^^^^^^^^^^^^^^^^^^^^^^^^^^^^^^
  File "/home/morrty00/Documents/GolfClub/.venv/lib/python3.12/site-packages/selenium/webdriver/remote/webdriver.py", line 966, in get_screenshot_as_base64
    return self.execute(Command.SCREENSHOT)["value"]
           ^^^^^^^^^^^^^^^^^^^^^^^^^^^^^^^^
  File "/home/morrty00/Documents/GolfClub/.venv/lib/python3.12/site-packages/selenium/webdriver/remote/webdriver.py", line 468, in execute
    self.error_handler.check_response(response)
  File "/home/morrty00/Documents/GolfClub/.venv/lib/python3.12/site-packages/selenium/webdriver/remote/errorhandler.py", line 232, in check_response
    raise exception_class(message, screen, stacktrace)
selenium.common.exceptions.InvalidSessionIdException: Message: invalid session id; For documentation on this error, please visit: https://www.selenium.dev/documentation/webdriver/troubleshooting/errors#invalidsessionidexception
Stacktrace:
#0 0x60b9a84c379a <unknown>
#1 0x60b9a7ebf020 <unknown>
#2 0x60b9a7f047b0 <unknown>
#3 0x60b9a7f38406 <unknown>
#4 0x60b9a7f32a38 <unknown>
#5 0x60b9a7f31e4c <unknown>
#6 0x60b9a7e855f5 <unknown>
#7 0x60b9a848706b <unknown>
#8 0x60b9a848a01d <unknown>
#9 0x60b9a8473718 <unknown>
#10 0x60b9a848abb0 <unknown>
#11 0x60b9a845a150 <unknown>
#12 0x60b9a7e82e94 <unknown>
#13 0x7088bc82a1ca <unknown>
#14 0x7088bc82a28b __libc_start_main
#15 0x60b9a7e421ea _start

2026-05-19 16:14:43 | WARNING | Failed to book slot 03:38 pm: Failed to click BOOK GROUP at 03:38 pm: Message: invalid session id; For documentation on this error, please visit: https://www.selenium.dev/documentation/webdriver/troubleshooting/errors#invalidsessionidexception
Stacktrace:
#0 0x60b9a84c379a <unknown>
#1 0x60b9a7ebf020 <unknown>
#2 0x60b9a7f047b0 <unknown>
#3 0x60b9a7f38406 <unknown>
#4 0x60b9a7f32a38 <unknown>
#5 0x60b9a7f31e4c <unknown>
#6 0x60b9a7e855f5 <unknown>
#7 0x60b9a848706b <unknown>
#8 0x60b9a848a01d <unknown>
#9 0x60b9a8473718 <unknown>
#10 0x60b9a848abb0 <unknown>
#11 0x60b9a845a150 <unknown>
#12 0x60b9a7e82e94 <unknown>
#13 0x7088bc82a1ca <unknown>
#14 0x7088bc82a28b __libc_start_main
#15 0x60b9a7e421ea _start

2026-05-19 16:14:43 | INFO | [20/41] Attempting to book slot: 03:46 pm (BOOK GROUP)
2026-05-19 16:14:43 | ERROR | Failed to save debug screenshot
Traceback (most recent call last):
  File "/home/morrty00/Documents/GolfClub/main1.py", line 707, in click
    self.scroll_into_view(element)
  File "/home/morrty00/Documents/GolfClub/main1.py", line 727, in scroll_into_view
    self.driver.execute_script("arguments[0].scrollIntoView({block: 'center', inline: 'nearest'});", element)
  File "/home/morrty00/Documents/GolfClub/.venv/lib/python3.12/site-packages/selenium/webdriver/remote/webdriver.py", line 578, in execute_script
    return self.execute(command, {"script": script, "args": converted_args})["value"]
           ^^^^^^^^^^^^^^^^^^^^^^^^^^^^^^^^^^^^^^^^^^^^^^^^^^^^^^^^^^^^^^^^^
  File "/home/morrty00/Documents/GolfClub/.venv/lib/python3.12/site-packages/selenium/webdriver/remote/webdriver.py", line 468, in execute
    self.error_handler.check_response(response)
  File "/home/morrty00/Documents/GolfClub/.venv/lib/python3.12/site-packages/selenium/webdriver/remote/errorhandler.py", line 232, in check_response
    raise exception_class(message, screen, stacktrace)
selenium.common.exceptions.InvalidSessionIdException: Message: invalid session id; For documentation on this error, please visit: https://www.selenium.dev/documentation/webdriver/troubleshooting/errors#invalidsessionidexception
Stacktrace:
#0 0x60b9a84c379a <unknown>
#1 0x60b9a7ebf020 <unknown>
#2 0x60b9a7f047b0 <unknown>
#3 0x60b9a7f38406 <unknown>
#4 0x60b9a7f32a38 <unknown>
#5 0x60b9a7f31e4c <unknown>
#6 0x60b9a7e855f5 <unknown>
#7 0x60b9a848706b <unknown>
#8 0x60b9a848a01d <unknown>
#9 0x60b9a8473718 <unknown>
#10 0x60b9a848abb0 <unknown>
#11 0x60b9a845a150 <unknown>
#12 0x60b9a7e82e94 <unknown>
#13 0x7088bc82a1ca <unknown>
#14 0x7088bc82a28b __libc_start_main
#15 0x60b9a7e421ea _start


During handling of the above exception, another exception occurred:

Traceback (most recent call last):
  File "/home/morrty00/Documents/GolfClub/main1.py", line 712, in click
    self.driver.execute_script("arguments[0].click();", element)
  File "/home/morrty00/Documents/GolfClub/.venv/lib/python3.12/site-packages/selenium/webdriver/remote/webdriver.py", line 578, in execute_script
    return self.execute(command, {"script": script, "args": converted_args})["value"]
           ^^^^^^^^^^^^^^^^^^^^^^^^^^^^^^^^^^^^^^^^^^^^^^^^^^^^^^^^^^^^^^^^^
  File "/home/morrty00/Documents/GolfClub/.venv/lib/python3.12/site-packages/selenium/webdriver/remote/webdriver.py", line 468, in execute
    self.error_handler.check_response(response)
  File "/home/morrty00/Documents/GolfClub/.venv/lib/python3.12/site-packages/selenium/webdriver/remote/errorhandler.py", line 232, in check_response
    raise exception_class(message, screen, stacktrace)
selenium.common.exceptions.InvalidSessionIdException: Message: invalid session id; For documentation on this error, please visit: https://www.selenium.dev/documentation/webdriver/troubleshooting/errors#invalidsessionidexception
Stacktrace:
#0 0x60b9a84c379a <unknown>
#1 0x60b9a7ebf020 <unknown>
#2 0x60b9a7f047b0 <unknown>
#3 0x60b9a7f38406 <unknown>
#4 0x60b9a7f32a38 <unknown>
#5 0x60b9a7f31e4c <unknown>
#6 0x60b9a7e855f5 <unknown>
#7 0x60b9a848706b <unknown>
#8 0x60b9a848a01d <unknown>
#9 0x60b9a8473718 <unknown>
#10 0x60b9a848abb0 <unknown>
#11 0x60b9a845a150 <unknown>
#12 0x60b9a7e82e94 <unknown>
#13 0x7088bc82a1ca <unknown>
#14 0x7088bc82a28b __libc_start_main
#15 0x60b9a7e421ea _start


During handling of the above exception, another exception occurred:

Traceback (most recent call last):
  File "/home/morrty00/Documents/GolfClub/main1.py", line 741, in capture_debug
    self.driver.save_screenshot(str(path))
  File "/home/morrty00/Documents/GolfClub/.venv/lib/python3.12/site-packages/selenium/webdriver/remote/webdriver.py", line 948, in save_screenshot
    return self.get_screenshot_as_file(filename)
           ^^^^^^^^^^^^^^^^^^^^^^^^^^^^^^^^^^^^^
  File "/home/morrty00/Documents/GolfClub/.venv/lib/python3.12/site-packages/selenium/webdriver/remote/webdriver.py", line 925, in get_screenshot_as_file
    png = self.get_screenshot_as_png()
          ^^^^^^^^^^^^^^^^^^^^^^^^^^^^
  File "/home/morrty00/Documents/GolfClub/.venv/lib/python3.12/site-packages/selenium/webdriver/remote/webdriver.py", line 956, in get_screenshot_as_png
    return b64decode(self.get_screenshot_as_base64().encode("ascii"))
                     ^^^^^^^^^^^^^^^^^^^^^^^^^^^^^^^
  File "/home/morrty00/Documents/GolfClub/.venv/lib/python3.12/site-packages/selenium/webdriver/remote/webdriver.py", line 966, in get_screenshot_as_base64
    return self.execute(Command.SCREENSHOT)["value"]
           ^^^^^^^^^^^^^^^^^^^^^^^^^^^^^^^^
  File "/home/morrty00/Documents/GolfClub/.venv/lib/python3.12/site-packages/selenium/webdriver/remote/webdriver.py", line 468, in execute
    self.error_handler.check_response(response)
  File "/home/morrty00/Documents/GolfClub/.venv/lib/python3.12/site-packages/selenium/webdriver/remote/errorhandler.py", line 232, in check_response
    raise exception_class(message, screen, stacktrace)
selenium.common.exceptions.InvalidSessionIdException: Message: invalid session id; For documentation on this error, please visit: https://www.selenium.dev/documentation/webdriver/troubleshooting/errors#invalidsessionidexception
Stacktrace:
#0 0x60b9a84c379a <unknown>
#1 0x60b9a7ebf020 <unknown>
#2 0x60b9a7f047b0 <unknown>
#3 0x60b9a7f38406 <unknown>
#4 0x60b9a7f32a38 <unknown>
#5 0x60b9a7f31e4c <unknown>
#6 0x60b9a7e855f5 <unknown>
#7 0x60b9a848706b <unknown>
#8 0x60b9a848a01d <unknown>
#9 0x60b9a8473718 <unknown>
#10 0x60b9a848abb0 <unknown>
#11 0x60b9a845a150 <unknown>
#12 0x60b9a7e82e94 <unknown>
#13 0x7088bc82a1ca <unknown>
#14 0x7088bc82a28b __libc_start_main
#15 0x60b9a7e421ea _start

2026-05-19 16:14:43 | WARNING | Failed to book slot 03:46 pm: Failed to click BOOK GROUP at 03:46 pm: Message: invalid session id; For documentation on this error, please visit: https://www.selenium.dev/documentation/webdriver/troubleshooting/errors#invalidsessionidexception
Stacktrace:
#0 0x60b9a84c379a <unknown>
#1 0x60b9a7ebf020 <unknown>
#2 0x60b9a7f047b0 <unknown>
#3 0x60b9a7f38406 <unknown>
#4 0x60b9a7f32a38 <unknown>
#5 0x60b9a7f31e4c <unknown>
#6 0x60b9a7e855f5 <unknown>
#7 0x60b9a848706b <unknown>
#8 0x60b9a848a01d <unknown>
#9 0x60b9a8473718 <unknown>
#10 0x60b9a848abb0 <unknown>
#11 0x60b9a845a150 <unknown>
#12 0x60b9a7e82e94 <unknown>
#13 0x7088bc82a1ca <unknown>
#14 0x7088bc82a28b __libc_start_main
#15 0x60b9a7e421ea _start

2026-05-19 16:14:43 | INFO | [21/41] Attempting to book slot: 03:54 pm (BOOK GROUP)
2026-05-19 16:14:43 | ERROR | Failed to save debug screenshot
Traceback (most recent call last):
  File "/home/morrty00/Documents/GolfClub/main1.py", line 707, in click
    self.scroll_into_view(element)
  File "/home/morrty00/Documents/GolfClub/main1.py", line 727, in scroll_into_view
    self.driver.execute_script("arguments[0].scrollIntoView({block: 'center', inline: 'nearest'});", element)
  File "/home/morrty00/Documents/GolfClub/.venv/lib/python3.12/site-packages/selenium/webdriver/remote/webdriver.py", line 578, in execute_script
    return self.execute(command, {"script": script, "args": converted_args})["value"]
           ^^^^^^^^^^^^^^^^^^^^^^^^^^^^^^^^^^^^^^^^^^^^^^^^^^^^^^^^^^^^^^^^^
  File "/home/morrty00/Documents/GolfClub/.venv/lib/python3.12/site-packages/selenium/webdriver/remote/webdriver.py", line 468, in execute
    self.error_handler.check_response(response)
  File "/home/morrty00/Documents/GolfClub/.venv/lib/python3.12/site-packages/selenium/webdriver/remote/errorhandler.py", line 232, in check_response
    raise exception_class(message, screen, stacktrace)
selenium.common.exceptions.InvalidSessionIdException: Message: invalid session id; For documentation on this error, please visit: https://www.selenium.dev/documentation/webdriver/troubleshooting/errors#invalidsessionidexception
Stacktrace:
#0 0x60b9a84c379a <unknown>
#1 0x60b9a7ebf020 <unknown>
#2 0x60b9a7f047b0 <unknown>
#3 0x60b9a7f38406 <unknown>
#4 0x60b9a7f32a38 <unknown>
#5 0x60b9a7f31e4c <unknown>
#6 0x60b9a7e855f5 <unknown>
#7 0x60b9a848706b <unknown>
#8 0x60b9a848a01d <unknown>
#9 0x60b9a8473718 <unknown>
#10 0x60b9a848abb0 <unknown>
#11 0x60b9a845a150 <unknown>
#12 0x60b9a7e82e94 <unknown>
#13 0x7088bc82a1ca <unknown>
#14 0x7088bc82a28b __libc_start_main
#15 0x60b9a7e421ea _start


During handling of the above exception, another exception occurred:

Traceback (most recent call last):
  File "/home/morrty00/Documents/GolfClub/main1.py", line 712, in click
    self.driver.execute_script("arguments[0].click();", element)
  File "/home/morrty00/Documents/GolfClub/.venv/lib/python3.12/site-packages/selenium/webdriver/remote/webdriver.py", line 578, in execute_script
    return self.execute(command, {"script": script, "args": converted_args})["value"]
           ^^^^^^^^^^^^^^^^^^^^^^^^^^^^^^^^^^^^^^^^^^^^^^^^^^^^^^^^^^^^^^^^^
  File "/home/morrty00/Documents/GolfClub/.venv/lib/python3.12/site-packages/selenium/webdriver/remote/webdriver.py", line 468, in execute
    self.error_handler.check_response(response)
  File "/home/morrty00/Documents/GolfClub/.venv/lib/python3.12/site-packages/selenium/webdriver/remote/errorhandler.py", line 232, in check_response
    raise exception_class(message, screen, stacktrace)
selenium.common.exceptions.InvalidSessionIdException: Message: invalid session id; For documentation on this error, please visit: https://www.selenium.dev/documentation/webdriver/troubleshooting/errors#invalidsessionidexception
Stacktrace:
#0 0x60b9a84c379a <unknown>
#1 0x60b9a7ebf020 <unknown>
#2 0x60b9a7f047b0 <unknown>
#3 0x60b9a7f38406 <unknown>
#4 0x60b9a7f32a38 <unknown>
#5 0x60b9a7f31e4c <unknown>
#6 0x60b9a7e855f5 <unknown>
#7 0x60b9a848706b <unknown>
#8 0x60b9a848a01d <unknown>
#9 0x60b9a8473718 <unknown>
#10 0x60b9a848abb0 <unknown>
#11 0x60b9a845a150 <unknown>
#12 0x60b9a7e82e94 <unknown>
#13 0x7088bc82a1ca <unknown>
#14 0x7088bc82a28b __libc_start_main
#15 0x60b9a7e421ea _start


During handling of the above exception, another exception occurred:

Traceback (most recent call last):
  File "/home/morrty00/Documents/GolfClub/main1.py", line 741, in capture_debug
    self.driver.save_screenshot(str(path))
  File "/home/morrty00/Documents/GolfClub/.venv/lib/python3.12/site-packages/selenium/webdriver/remote/webdriver.py", line 948, in save_screenshot
    return self.get_screenshot_as_file(filename)
           ^^^^^^^^^^^^^^^^^^^^^^^^^^^^^^^^^^^^^
  File "/home/morrty00/Documents/GolfClub/.venv/lib/python3.12/site-packages/selenium/webdriver/remote/webdriver.py", line 925, in get_screenshot_as_file
    png = self.get_screenshot_as_png()
          ^^^^^^^^^^^^^^^^^^^^^^^^^^^^
  File "/home/morrty00/Documents/GolfClub/.venv/lib/python3.12/site-packages/selenium/webdriver/remote/webdriver.py", line 956, in get_screenshot_as_png
    return b64decode(self.get_screenshot_as_base64().encode("ascii"))
                     ^^^^^^^^^^^^^^^^^^^^^^^^^^^^^^^
  File "/home/morrty00/Documents/GolfClub/.venv/lib/python3.12/site-packages/selenium/webdriver/remote/webdriver.py", line 966, in get_screenshot_as_base64
    return self.execute(Command.SCREENSHOT)["value"]
           ^^^^^^^^^^^^^^^^^^^^^^^^^^^^^^^^
  File "/home/morrty00/Documents/GolfClub/.venv/lib/python3.12/site-packages/selenium/webdriver/remote/webdriver.py", line 468, in execute
    self.error_handler.check_response(response)
  File "/home/morrty00/Documents/GolfClub/.venv/lib/python3.12/site-packages/selenium/webdriver/remote/errorhandler.py", line 232, in check_response
    raise exception_class(message, screen, stacktrace)
selenium.common.exceptions.InvalidSessionIdException: Message: invalid session id; For documentation on this error, please visit: https://www.selenium.dev/documentation/webdriver/troubleshooting/errors#invalidsessionidexception
Stacktrace:
#0 0x60b9a84c379a <unknown>
#1 0x60b9a7ebf020 <unknown>
#2 0x60b9a7f047b0 <unknown>
#3 0x60b9a7f38406 <unknown>
#4 0x60b9a7f32a38 <unknown>
#5 0x60b9a7f31e4c <unknown>
#6 0x60b9a7e855f5 <unknown>
#7 0x60b9a848706b <unknown>
#8 0x60b9a848a01d <unknown>
#9 0x60b9a8473718 <unknown>
#10 0x60b9a848abb0 <unknown>
#11 0x60b9a845a150 <unknown>
#12 0x60b9a7e82e94 <unknown>
#13 0x7088bc82a1ca <unknown>
#14 0x7088bc82a28b __libc_start_main
#15 0x60b9a7e421ea _start

2026-05-19 16:14:43 | WARNING | Failed to book slot 03:54 pm: Failed to click BOOK GROUP at 03:54 pm: Message: invalid session id; For documentation on this error, please visit: https://www.selenium.dev/documentation/webdriver/troubleshooting/errors#invalidsessionidexception
Stacktrace:
#0 0x60b9a84c379a <unknown>
#1 0x60b9a7ebf020 <unknown>
#2 0x60b9a7f047b0 <unknown>
#3 0x60b9a7f38406 <unknown>
#4 0x60b9a7f32a38 <unknown>
#5 0x60b9a7f31e4c <unknown>
#6 0x60b9a7e855f5 <unknown>
#7 0x60b9a848706b <unknown>
#8 0x60b9a848a01d <unknown>
#9 0x60b9a8473718 <unknown>
#10 0x60b9a848abb0 <unknown>
#11 0x60b9a845a150 <unknown>
#12 0x60b9a7e82e94 <unknown>
#13 0x7088bc82a1ca <unknown>
#14 0x7088bc82a28b __libc_start_main
#15 0x60b9a7e421ea _start

2026-05-19 16:14:43 | INFO | [22/41] Attempting to book slot: 04:02 pm (BOOK GROUP)
2026-05-19 16:14:43 | ERROR | Failed to save debug screenshot
Traceback (most recent call last):
  File "/home/morrty00/Documents/GolfClub/main1.py", line 707, in click
    self.scroll_into_view(element)
  File "/home/morrty00/Documents/GolfClub/main1.py", line 727, in scroll_into_view
    self.driver.execute_script("arguments[0].scrollIntoView({block: 'center', inline: 'nearest'});", element)
  File "/home/morrty00/Documents/GolfClub/.venv/lib/python3.12/site-packages/selenium/webdriver/remote/webdriver.py", line 578, in execute_script
    return self.execute(command, {"script": script, "args": converted_args})["value"]
           ^^^^^^^^^^^^^^^^^^^^^^^^^^^^^^^^^^^^^^^^^^^^^^^^^^^^^^^^^^^^^^^^^
  File "/home/morrty00/Documents/GolfClub/.venv/lib/python3.12/site-packages/selenium/webdriver/remote/webdriver.py", line 468, in execute
    self.error_handler.check_response(response)
  File "/home/morrty00/Documents/GolfClub/.venv/lib/python3.12/site-packages/selenium/webdriver/remote/errorhandler.py", line 232, in check_response
    raise exception_class(message, screen, stacktrace)
selenium.common.exceptions.InvalidSessionIdException: Message: invalid session id; For documentation on this error, please visit: https://www.selenium.dev/documentation/webdriver/troubleshooting/errors#invalidsessionidexception
Stacktrace:
#0 0x60b9a84c379a <unknown>
#1 0x60b9a7ebf020 <unknown>
#2 0x60b9a7f047b0 <unknown>
#3 0x60b9a7f38406 <unknown>
#4 0x60b9a7f32a38 <unknown>
#5 0x60b9a7f31e4c <unknown>
#6 0x60b9a7e855f5 <unknown>
#7 0x60b9a848706b <unknown>
#8 0x60b9a848a01d <unknown>
#9 0x60b9a8473718 <unknown>
#10 0x60b9a848abb0 <unknown>
#11 0x60b9a845a150 <unknown>
#12 0x60b9a7e82e94 <unknown>
#13 0x7088bc82a1ca <unknown>
#14 0x7088bc82a28b __libc_start_main
#15 0x60b9a7e421ea _start


During handling of the above exception, another exception occurred:

Traceback (most recent call last):
  File "/home/morrty00/Documents/GolfClub/main1.py", line 712, in click
    self.driver.execute_script("arguments[0].click();", element)
  File "/home/morrty00/Documents/GolfClub/.venv/lib/python3.12/site-packages/selenium/webdriver/remote/webdriver.py", line 578, in execute_script
    return self.execute(command, {"script": script, "args": converted_args})["value"]
           ^^^^^^^^^^^^^^^^^^^^^^^^^^^^^^^^^^^^^^^^^^^^^^^^^^^^^^^^^^^^^^^^^
  File "/home/morrty00/Documents/GolfClub/.venv/lib/python3.12/site-packages/selenium/webdriver/remote/webdriver.py", line 468, in execute
    self.error_handler.check_response(response)
  File "/home/morrty00/Documents/GolfClub/.venv/lib/python3.12/site-packages/selenium/webdriver/remote/errorhandler.py", line 232, in check_response
    raise exception_class(message, screen, stacktrace)
selenium.common.exceptions.InvalidSessionIdException: Message: invalid session id; For documentation on this error, please visit: https://www.selenium.dev/documentation/webdriver/troubleshooting/errors#invalidsessionidexception
Stacktrace:
#0 0x60b9a84c379a <unknown>
#1 0x60b9a7ebf020 <unknown>
#2 0x60b9a7f047b0 <unknown>
#3 0x60b9a7f38406 <unknown>
#4 0x60b9a7f32a38 <unknown>
#5 0x60b9a7f31e4c <unknown>
#6 0x60b9a7e855f5 <unknown>
#7 0x60b9a848706b <unknown>
#8 0x60b9a848a01d <unknown>
#9 0x60b9a8473718 <unknown>
#10 0x60b9a848abb0 <unknown>
#11 0x60b9a845a150 <unknown>
#12 0x60b9a7e82e94 <unknown>
#13 0x7088bc82a1ca <unknown>
#14 0x7088bc82a28b __libc_start_main
#15 0x60b9a7e421ea _start


During handling of the above exception, another exception occurred:

Traceback (most recent call last):
  File "/home/morrty00/Documents/GolfClub/main1.py", line 741, in capture_debug
    self.driver.save_screenshot(str(path))
  File "/home/morrty00/Documents/GolfClub/.venv/lib/python3.12/site-packages/selenium/webdriver/remote/webdriver.py", line 948, in save_screenshot
    return self.get_screenshot_as_file(filename)
           ^^^^^^^^^^^^^^^^^^^^^^^^^^^^^^^^^^^^^
  File "/home/morrty00/Documents/GolfClub/.venv/lib/python3.12/site-packages/selenium/webdriver/remote/webdriver.py", line 925, in get_screenshot_as_file
    png = self.get_screenshot_as_png()
          ^^^^^^^^^^^^^^^^^^^^^^^^^^^^
  File "/home/morrty00/Documents/GolfClub/.venv/lib/python3.12/site-packages/selenium/webdriver/remote/webdriver.py", line 956, in get_screenshot_as_png
    return b64decode(self.get_screenshot_as_base64().encode("ascii"))
                     ^^^^^^^^^^^^^^^^^^^^^^^^^^^^^^^
  File "/home/morrty00/Documents/GolfClub/.venv/lib/python3.12/site-packages/selenium/webdriver/remote/webdriver.py", line 966, in get_screenshot_as_base64
    return self.execute(Command.SCREENSHOT)["value"]
           ^^^^^^^^^^^^^^^^^^^^^^^^^^^^^^^^
  File "/home/morrty00/Documents/GolfClub/.venv/lib/python3.12/site-packages/selenium/webdriver/remote/webdriver.py", line 468, in execute
    self.error_handler.check_response(response)
  File "/home/morrty00/Documents/GolfClub/.venv/lib/python3.12/site-packages/selenium/webdriver/remote/errorhandler.py", line 232, in check_response
    raise exception_class(message, screen, stacktrace)
selenium.common.exceptions.InvalidSessionIdException: Message: invalid session id; For documentation on this error, please visit: https://www.selenium.dev/documentation/webdriver/troubleshooting/errors#invalidsessionidexception
Stacktrace:
#0 0x60b9a84c379a <unknown>
#1 0x60b9a7ebf020 <unknown>
#2 0x60b9a7f047b0 <unknown>
#3 0x60b9a7f38406 <unknown>
#4 0x60b9a7f32a38 <unknown>
#5 0x60b9a7f31e4c <unknown>
#6 0x60b9a7e855f5 <unknown>
#7 0x60b9a848706b <unknown>
#8 0x60b9a848a01d <unknown>
#9 0x60b9a8473718 <unknown>
#10 0x60b9a848abb0 <unknown>
#11 0x60b9a845a150 <unknown>
#12 0x60b9a7e82e94 <unknown>
#13 0x7088bc82a1ca <unknown>
#14 0x7088bc82a28b __libc_start_main
#15 0x60b9a7e421ea _start

2026-05-19 16:14:43 | WARNING | Failed to book slot 04:02 pm: Failed to click BOOK GROUP at 04:02 pm: Message: invalid session id; For documentation on this error, please visit: https://www.selenium.dev/documentation/webdriver/troubleshooting/errors#invalidsessionidexception
Stacktrace:
#0 0x60b9a84c379a <unknown>
#1 0x60b9a7ebf020 <unknown>
#2 0x60b9a7f047b0 <unknown>
#3 0x60b9a7f38406 <unknown>
#4 0x60b9a7f32a38 <unknown>
#5 0x60b9a7f31e4c <unknown>
#6 0x60b9a7e855f5 <unknown>
#7 0x60b9a848706b <unknown>
#8 0x60b9a848a01d <unknown>
#9 0x60b9a8473718 <unknown>
#10 0x60b9a848abb0 <unknown>
#11 0x60b9a845a150 <unknown>
#12 0x60b9a7e82e94 <unknown>
#13 0x7088bc82a1ca <unknown>
#14 0x7088bc82a28b __libc_start_main
#15 0x60b9a7e421ea _start

2026-05-19 16:14:43 | INFO | [23/41] Attempting to book slot: 04:10 pm (BOOK GROUP)
2026-05-19 16:14:43 | ERROR | Failed to save debug screenshot
Traceback (most recent call last):
  File "/home/morrty00/Documents/GolfClub/main1.py", line 707, in click
    self.scroll_into_view(element)
  File "/home/morrty00/Documents/GolfClub/main1.py", line 727, in scroll_into_view
    self.driver.execute_script("arguments[0].scrollIntoView({block: 'center', inline: 'nearest'});", element)
  File "/home/morrty00/Documents/GolfClub/.venv/lib/python3.12/site-packages/selenium/webdriver/remote/webdriver.py", line 578, in execute_script
    return self.execute(command, {"script": script, "args": converted_args})["value"]
           ^^^^^^^^^^^^^^^^^^^^^^^^^^^^^^^^^^^^^^^^^^^^^^^^^^^^^^^^^^^^^^^^^
  File "/home/morrty00/Documents/GolfClub/.venv/lib/python3.12/site-packages/selenium/webdriver/remote/webdriver.py", line 468, in execute
    self.error_handler.check_response(response)
  File "/home/morrty00/Documents/GolfClub/.venv/lib/python3.12/site-packages/selenium/webdriver/remote/errorhandler.py", line 232, in check_response
    raise exception_class(message, screen, stacktrace)
selenium.common.exceptions.InvalidSessionIdException: Message: invalid session id; For documentation on this error, please visit: https://www.selenium.dev/documentation/webdriver/troubleshooting/errors#invalidsessionidexception
Stacktrace:
#0 0x60b9a84c379a <unknown>
#1 0x60b9a7ebf020 <unknown>
#2 0x60b9a7f047b0 <unknown>
#3 0x60b9a7f38406 <unknown>
#4 0x60b9a7f32a38 <unknown>
#5 0x60b9a7f31e4c <unknown>
#6 0x60b9a7e855f5 <unknown>
#7 0x60b9a848706b <unknown>
#8 0x60b9a848a01d <unknown>
#9 0x60b9a8473718 <unknown>
#10 0x60b9a848abb0 <unknown>
#11 0x60b9a845a150 <unknown>
#12 0x60b9a7e82e94 <unknown>
#13 0x7088bc82a1ca <unknown>
#14 0x7088bc82a28b __libc_start_main
#15 0x60b9a7e421ea _start


During handling of the above exception, another exception occurred:

Traceback (most recent call last):
  File "/home/morrty00/Documents/GolfClub/main1.py", line 712, in click
    self.driver.execute_script("arguments[0].click();", element)
  File "/home/morrty00/Documents/GolfClub/.venv/lib/python3.12/site-packages/selenium/webdriver/remote/webdriver.py", line 578, in execute_script
    return self.execute(command, {"script": script, "args": converted_args})["value"]
           ^^^^^^^^^^^^^^^^^^^^^^^^^^^^^^^^^^^^^^^^^^^^^^^^^^^^^^^^^^^^^^^^^
  File "/home/morrty00/Documents/GolfClub/.venv/lib/python3.12/site-packages/selenium/webdriver/remote/webdriver.py", line 468, in execute
    self.error_handler.check_response(response)
  File "/home/morrty00/Documents/GolfClub/.venv/lib/python3.12/site-packages/selenium/webdriver/remote/errorhandler.py", line 232, in check_response
    raise exception_class(message, screen, stacktrace)
selenium.common.exceptions.InvalidSessionIdException: Message: invalid session id; For documentation on this error, please visit: https://www.selenium.dev/documentation/webdriver/troubleshooting/errors#invalidsessionidexception
Stacktrace:
#0 0x60b9a84c379a <unknown>
#1 0x60b9a7ebf020 <unknown>
#2 0x60b9a7f047b0 <unknown>
#3 0x60b9a7f38406 <unknown>
#4 0x60b9a7f32a38 <unknown>
#5 0x60b9a7f31e4c <unknown>
#6 0x60b9a7e855f5 <unknown>
#7 0x60b9a848706b <unknown>
#8 0x60b9a848a01d <unknown>
#9 0x60b9a8473718 <unknown>
#10 0x60b9a848abb0 <unknown>
#11 0x60b9a845a150 <unknown>
#12 0x60b9a7e82e94 <unknown>
#13 0x7088bc82a1ca <unknown>
#14 0x7088bc82a28b __libc_start_main
#15 0x60b9a7e421ea _start


During handling of the above exception, another exception occurred:

Traceback (most recent call last):
  File "/home/morrty00/Documents/GolfClub/main1.py", line 741, in capture_debug
    self.driver.save_screenshot(str(path))
  File "/home/morrty00/Documents/GolfClub/.venv/lib/python3.12/site-packages/selenium/webdriver/remote/webdriver.py", line 948, in save_screenshot
    return self.get_screenshot_as_file(filename)
           ^^^^^^^^^^^^^^^^^^^^^^^^^^^^^^^^^^^^^
  File "/home/morrty00/Documents/GolfClub/.venv/lib/python3.12/site-packages/selenium/webdriver/remote/webdriver.py", line 925, in get_screenshot_as_file
    png = self.get_screenshot_as_png()
          ^^^^^^^^^^^^^^^^^^^^^^^^^^^^
  File "/home/morrty00/Documents/GolfClub/.venv/lib/python3.12/site-packages/selenium/webdriver/remote/webdriver.py", line 956, in get_screenshot_as_png
    return b64decode(self.get_screenshot_as_base64().encode("ascii"))
                     ^^^^^^^^^^^^^^^^^^^^^^^^^^^^^^^
  File "/home/morrty00/Documents/GolfClub/.venv/lib/python3.12/site-packages/selenium/webdriver/remote/webdriver.py", line 966, in get_screenshot_as_base64
    return self.execute(Command.SCREENSHOT)["value"]
           ^^^^^^^^^^^^^^^^^^^^^^^^^^^^^^^^
  File "/home/morrty00/Documents/GolfClub/.venv/lib/python3.12/site-packages/selenium/webdriver/remote/webdriver.py", line 468, in execute
    self.error_handler.check_response(response)
  File "/home/morrty00/Documents/GolfClub/.venv/lib/python3.12/site-packages/selenium/webdriver/remote/errorhandler.py", line 232, in check_response
    raise exception_class(message, screen, stacktrace)
selenium.common.exceptions.InvalidSessionIdException: Message: invalid session id; For documentation on this error, please visit: https://www.selenium.dev/documentation/webdriver/troubleshooting/errors#invalidsessionidexception
Stacktrace:
#0 0x60b9a84c379a <unknown>
#1 0x60b9a7ebf020 <unknown>
#2 0x60b9a7f047b0 <unknown>
#3 0x60b9a7f38406 <unknown>
#4 0x60b9a7f32a38 <unknown>
#5 0x60b9a7f31e4c <unknown>
#6 0x60b9a7e855f5 <unknown>
#7 0x60b9a848706b <unknown>
#8 0x60b9a848a01d <unknown>
#9 0x60b9a8473718 <unknown>
#10 0x60b9a848abb0 <unknown>
#11 0x60b9a845a150 <unknown>
#12 0x60b9a7e82e94 <unknown>
#13 0x7088bc82a1ca <unknown>
#14 0x7088bc82a28b __libc_start_main
#15 0x60b9a7e421ea _start

2026-05-19 16:14:43 | WARNING | Failed to book slot 04:10 pm: Failed to click BOOK GROUP at 04:10 pm: Message: invalid session id; For documentation on this error, please visit: https://www.selenium.dev/documentation/webdriver/troubleshooting/errors#invalidsessionidexception
Stacktrace:
#0 0x60b9a84c379a <unknown>
#1 0x60b9a7ebf020 <unknown>
#2 0x60b9a7f047b0 <unknown>
#3 0x60b9a7f38406 <unknown>
#4 0x60b9a7f32a38 <unknown>
#5 0x60b9a7f31e4c <unknown>
#6 0x60b9a7e855f5 <unknown>
#7 0x60b9a848706b <unknown>
#8 0x60b9a848a01d <unknown>
#9 0x60b9a8473718 <unknown>
#10 0x60b9a848abb0 <unknown>
#11 0x60b9a845a150 <unknown>
#12 0x60b9a7e82e94 <unknown>
#13 0x7088bc82a1ca <unknown>
#14 0x7088bc82a28b __libc_start_main
#15 0x60b9a7e421ea _start

2026-05-19 16:14:43 | INFO | [24/41] Attempting to book slot: 04:18 pm (BOOK GROUP)
2026-05-19 16:14:43 | ERROR | Failed to save debug screenshot
Traceback (most recent call last):
  File "/home/morrty00/Documents/GolfClub/main1.py", line 707, in click
    self.scroll_into_view(element)
  File "/home/morrty00/Documents/GolfClub/main1.py", line 727, in scroll_into_view
    self.driver.execute_script("arguments[0].scrollIntoView({block: 'center', inline: 'nearest'});", element)
  File "/home/morrty00/Documents/GolfClub/.venv/lib/python3.12/site-packages/selenium/webdriver/remote/webdriver.py", line 578, in execute_script
    return self.execute(command, {"script": script, "args": converted_args})["value"]
           ^^^^^^^^^^^^^^^^^^^^^^^^^^^^^^^^^^^^^^^^^^^^^^^^^^^^^^^^^^^^^^^^^
  File "/home/morrty00/Documents/GolfClub/.venv/lib/python3.12/site-packages/selenium/webdriver/remote/webdriver.py", line 468, in execute
    self.error_handler.check_response(response)
  File "/home/morrty00/Documents/GolfClub/.venv/lib/python3.12/site-packages/selenium/webdriver/remote/errorhandler.py", line 232, in check_response
    raise exception_class(message, screen, stacktrace)
selenium.common.exceptions.InvalidSessionIdException: Message: invalid session id; For documentation on this error, please visit: https://www.selenium.dev/documentation/webdriver/troubleshooting/errors#invalidsessionidexception
Stacktrace:
#0 0x60b9a84c379a <unknown>
#1 0x60b9a7ebf020 <unknown>
#2 0x60b9a7f047b0 <unknown>
#3 0x60b9a7f38406 <unknown>
#4 0x60b9a7f32a38 <unknown>
#5 0x60b9a7f31e4c <unknown>
#6 0x60b9a7e855f5 <unknown>
#7 0x60b9a848706b <unknown>
#8 0x60b9a848a01d <unknown>
#9 0x60b9a8473718 <unknown>
#10 0x60b9a848abb0 <unknown>
#11 0x60b9a845a150 <unknown>
#12 0x60b9a7e82e94 <unknown>
#13 0x7088bc82a1ca <unknown>
#14 0x7088bc82a28b __libc_start_main
#15 0x60b9a7e421ea _start


During handling of the above exception, another exception occurred:

Traceback (most recent call last):
  File "/home/morrty00/Documents/GolfClub/main1.py", line 712, in click
    self.driver.execute_script("arguments[0].click();", element)
  File "/home/morrty00/Documents/GolfClub/.venv/lib/python3.12/site-packages/selenium/webdriver/remote/webdriver.py", line 578, in execute_script
    return self.execute(command, {"script": script, "args": converted_args})["value"]
           ^^^^^^^^^^^^^^^^^^^^^^^^^^^^^^^^^^^^^^^^^^^^^^^^^^^^^^^^^^^^^^^^^
  File "/home/morrty00/Documents/GolfClub/.venv/lib/python3.12/site-packages/selenium/webdriver/remote/webdriver.py", line 468, in execute
    self.error_handler.check_response(response)
  File "/home/morrty00/Documents/GolfClub/.venv/lib/python3.12/site-packages/selenium/webdriver/remote/errorhandler.py", line 232, in check_response
    raise exception_class(message, screen, stacktrace)
selenium.common.exceptions.InvalidSessionIdException: Message: invalid session id; For documentation on this error, please visit: https://www.selenium.dev/documentation/webdriver/troubleshooting/errors#invalidsessionidexception
Stacktrace:
#0 0x60b9a84c379a <unknown>
#1 0x60b9a7ebf020 <unknown>
#2 0x60b9a7f047b0 <unknown>
#3 0x60b9a7f38406 <unknown>
#4 0x60b9a7f32a38 <unknown>
#5 0x60b9a7f31e4c <unknown>
#6 0x60b9a7e855f5 <unknown>
#7 0x60b9a848706b <unknown>
#8 0x60b9a848a01d <unknown>
#9 0x60b9a8473718 <unknown>
#10 0x60b9a848abb0 <unknown>
#11 0x60b9a845a150 <unknown>
#12 0x60b9a7e82e94 <unknown>
#13 0x7088bc82a1ca <unknown>
#14 0x7088bc82a28b __libc_start_main
#15 0x60b9a7e421ea _start


During handling of the above exception, another exception occurred:

Traceback (most recent call last):
  File "/home/morrty00/Documents/GolfClub/main1.py", line 741, in capture_debug
    self.driver.save_screenshot(str(path))
  File "/home/morrty00/Documents/GolfClub/.venv/lib/python3.12/site-packages/selenium/webdriver/remote/webdriver.py", line 948, in save_screenshot
    return self.get_screenshot_as_file(filename)
           ^^^^^^^^^^^^^^^^^^^^^^^^^^^^^^^^^^^^^
  File "/home/morrty00/Documents/GolfClub/.venv/lib/python3.12/site-packages/selenium/webdriver/remote/webdriver.py", line 925, in get_screenshot_as_file
    png = self.get_screenshot_as_png()
          ^^^^^^^^^^^^^^^^^^^^^^^^^^^^
  File "/home/morrty00/Documents/GolfClub/.venv/lib/python3.12/site-packages/selenium/webdriver/remote/webdriver.py", line 956, in get_screenshot_as_png
    return b64decode(self.get_screenshot_as_base64().encode("ascii"))
                     ^^^^^^^^^^^^^^^^^^^^^^^^^^^^^^^
  File "/home/morrty00/Documents/GolfClub/.venv/lib/python3.12/site-packages/selenium/webdriver/remote/webdriver.py", line 966, in get_screenshot_as_base64
    return self.execute(Command.SCREENSHOT)["value"]
           ^^^^^^^^^^^^^^^^^^^^^^^^^^^^^^^^
  File "/home/morrty00/Documents/GolfClub/.venv/lib/python3.12/site-packages/selenium/webdriver/remote/webdriver.py", line 468, in execute
    self.error_handler.check_response(response)
  File "/home/morrty00/Documents/GolfClub/.venv/lib/python3.12/site-packages/selenium/webdriver/remote/errorhandler.py", line 232, in check_response
    raise exception_class(message, screen, stacktrace)
selenium.common.exceptions.InvalidSessionIdException: Message: invalid session id; For documentation on this error, please visit: https://www.selenium.dev/documentation/webdriver/troubleshooting/errors#invalidsessionidexception
Stacktrace:
#0 0x60b9a84c379a <unknown>
#1 0x60b9a7ebf020 <unknown>
#2 0x60b9a7f047b0 <unknown>
#3 0x60b9a7f38406 <unknown>
#4 0x60b9a7f32a38 <unknown>
#5 0x60b9a7f31e4c <unknown>
#6 0x60b9a7e855f5 <unknown>
#7 0x60b9a848706b <unknown>
#8 0x60b9a848a01d <unknown>
#9 0x60b9a8473718 <unknown>
#10 0x60b9a848abb0 <unknown>
#11 0x60b9a845a150 <unknown>
#12 0x60b9a7e82e94 <unknown>
#13 0x7088bc82a1ca <unknown>
#14 0x7088bc82a28b __libc_start_main
#15 0x60b9a7e421ea _start

2026-05-19 16:14:43 | WARNING | Failed to book slot 04:18 pm: Failed to click BOOK GROUP at 04:18 pm: Message: invalid session id; For documentation on this error, please visit: https://www.selenium.dev/documentation/webdriver/troubleshooting/errors#invalidsessionidexception
Stacktrace:
#0 0x60b9a84c379a <unknown>
#1 0x60b9a7ebf020 <unknown>
#2 0x60b9a7f047b0 <unknown>
#3 0x60b9a7f38406 <unknown>
#4 0x60b9a7f32a38 <unknown>
#5 0x60b9a7f31e4c <unknown>
#6 0x60b9a7e855f5 <unknown>
#7 0x60b9a848706b <unknown>
#8 0x60b9a848a01d <unknown>
#9 0x60b9a8473718 <unknown>
#10 0x60b9a848abb0 <unknown>
#11 0x60b9a845a150 <unknown>
#12 0x60b9a7e82e94 <unknown>
#13 0x7088bc82a1ca <unknown>
#14 0x7088bc82a28b __libc_start_main
#15 0x60b9a7e421ea _start

2026-05-19 16:14:43 | INFO | [25/41] Attempting to book slot: 04:26 pm (BOOK GROUP)
2026-05-19 16:14:43 | ERROR | Failed to save debug screenshot
Traceback (most recent call last):
  File "/home/morrty00/Documents/GolfClub/main1.py", line 707, in click
    self.scroll_into_view(element)
  File "/home/morrty00/Documents/GolfClub/main1.py", line 727, in scroll_into_view
    self.driver.execute_script("arguments[0].scrollIntoView({block: 'center', inline: 'nearest'});", element)
  File "/home/morrty00/Documents/GolfClub/.venv/lib/python3.12/site-packages/selenium/webdriver/remote/webdriver.py", line 578, in execute_script
    return self.execute(command, {"script": script, "args": converted_args})["value"]
           ^^^^^^^^^^^^^^^^^^^^^^^^^^^^^^^^^^^^^^^^^^^^^^^^^^^^^^^^^^^^^^^^^
  File "/home/morrty00/Documents/GolfClub/.venv/lib/python3.12/site-packages/selenium/webdriver/remote/webdriver.py", line 468, in execute
    self.error_handler.check_response(response)
  File "/home/morrty00/Documents/GolfClub/.venv/lib/python3.12/site-packages/selenium/webdriver/remote/errorhandler.py", line 232, in check_response
    raise exception_class(message, screen, stacktrace)
selenium.common.exceptions.InvalidSessionIdException: Message: invalid session id; For documentation on this error, please visit: https://www.selenium.dev/documentation/webdriver/troubleshooting/errors#invalidsessionidexception
Stacktrace:
#0 0x60b9a84c379a <unknown>
#1 0x60b9a7ebf020 <unknown>
#2 0x60b9a7f047b0 <unknown>
#3 0x60b9a7f38406 <unknown>
#4 0x60b9a7f32a38 <unknown>
#5 0x60b9a7f31e4c <unknown>
#6 0x60b9a7e855f5 <unknown>
#7 0x60b9a848706b <unknown>
#8 0x60b9a848a01d <unknown>
#9 0x60b9a8473718 <unknown>
#10 0x60b9a848abb0 <unknown>
#11 0x60b9a845a150 <unknown>
#12 0x60b9a7e82e94 <unknown>
#13 0x7088bc82a1ca <unknown>
#14 0x7088bc82a28b __libc_start_main
#15 0x60b9a7e421ea _start


During handling of the above exception, another exception occurred:

Traceback (most recent call last):
  File "/home/morrty00/Documents/GolfClub/main1.py", line 712, in click
    self.driver.execute_script("arguments[0].click();", element)
  File "/home/morrty00/Documents/GolfClub/.venv/lib/python3.12/site-packages/selenium/webdriver/remote/webdriver.py", line 578, in execute_script
    return self.execute(command, {"script": script, "args": converted_args})["value"]
           ^^^^^^^^^^^^^^^^^^^^^^^^^^^^^^^^^^^^^^^^^^^^^^^^^^^^^^^^^^^^^^^^^
  File "/home/morrty00/Documents/GolfClub/.venv/lib/python3.12/site-packages/selenium/webdriver/remote/webdriver.py", line 468, in execute
    self.error_handler.check_response(response)
  File "/home/morrty00/Documents/GolfClub/.venv/lib/python3.12/site-packages/selenium/webdriver/remote/errorhandler.py", line 232, in check_response
    raise exception_class(message, screen, stacktrace)
selenium.common.exceptions.InvalidSessionIdException: Message: invalid session id; For documentation on this error, please visit: https://www.selenium.dev/documentation/webdriver/troubleshooting/errors#invalidsessionidexception
Stacktrace:
#0 0x60b9a84c379a <unknown>
#1 0x60b9a7ebf020 <unknown>
#2 0x60b9a7f047b0 <unknown>
#3 0x60b9a7f38406 <unknown>
#4 0x60b9a7f32a38 <unknown>
#5 0x60b9a7f31e4c <unknown>
#6 0x60b9a7e855f5 <unknown>
#7 0x60b9a848706b <unknown>
#8 0x60b9a848a01d <unknown>
#9 0x60b9a8473718 <unknown>
#10 0x60b9a848abb0 <unknown>
#11 0x60b9a845a150 <unknown>
#12 0x60b9a7e82e94 <unknown>
#13 0x7088bc82a1ca <unknown>
#14 0x7088bc82a28b __libc_start_main
#15 0x60b9a7e421ea _start


During handling of the above exception, another exception occurred:

Traceback (most recent call last):
  File "/home/morrty00/Documents/GolfClub/main1.py", line 741, in capture_debug
    self.driver.save_screenshot(str(path))
  File "/home/morrty00/Documents/GolfClub/.venv/lib/python3.12/site-packages/selenium/webdriver/remote/webdriver.py", line 948, in save_screenshot
    return self.get_screenshot_as_file(filename)
           ^^^^^^^^^^^^^^^^^^^^^^^^^^^^^^^^^^^^^
  File "/home/morrty00/Documents/GolfClub/.venv/lib/python3.12/site-packages/selenium/webdriver/remote/webdriver.py", line 925, in get_screenshot_as_file
    png = self.get_screenshot_as_png()
          ^^^^^^^^^^^^^^^^^^^^^^^^^^^^
  File "/home/morrty00/Documents/GolfClub/.venv/lib/python3.12/site-packages/selenium/webdriver/remote/webdriver.py", line 956, in get_screenshot_as_png
    return b64decode(self.get_screenshot_as_base64().encode("ascii"))
                     ^^^^^^^^^^^^^^^^^^^^^^^^^^^^^^^
  File "/home/morrty00/Documents/GolfClub/.venv/lib/python3.12/site-packages/selenium/webdriver/remote/webdriver.py", line 966, in get_screenshot_as_base64
    return self.execute(Command.SCREENSHOT)["value"]
           ^^^^^^^^^^^^^^^^^^^^^^^^^^^^^^^^
  File "/home/morrty00/Documents/GolfClub/.venv/lib/python3.12/site-packages/selenium/webdriver/remote/webdriver.py", line 468, in execute
    self.error_handler.check_response(response)
  File "/home/morrty00/Documents/GolfClub/.venv/lib/python3.12/site-packages/selenium/webdriver/remote/errorhandler.py", line 232, in check_response
    raise exception_class(message, screen, stacktrace)
selenium.common.exceptions.InvalidSessionIdException: Message: invalid session id; For documentation on this error, please visit: https://www.selenium.dev/documentation/webdriver/troubleshooting/errors#invalidsessionidexception
Stacktrace:
#0 0x60b9a84c379a <unknown>
#1 0x60b9a7ebf020 <unknown>
#2 0x60b9a7f047b0 <unknown>
#3 0x60b9a7f38406 <unknown>
#4 0x60b9a7f32a38 <unknown>
#5 0x60b9a7f31e4c <unknown>
#6 0x60b9a7e855f5 <unknown>
#7 0x60b9a848706b <unknown>
#8 0x60b9a848a01d <unknown>
#9 0x60b9a8473718 <unknown>
#10 0x60b9a848abb0 <unknown>
#11 0x60b9a845a150 <unknown>
#12 0x60b9a7e82e94 <unknown>
#13 0x7088bc82a1ca <unknown>
#14 0x7088bc82a28b __libc_start_main
#15 0x60b9a7e421ea _start

2026-05-19 16:14:43 | WARNING | Failed to book slot 04:26 pm: Failed to click BOOK GROUP at 04:26 pm: Message: invalid session id; For documentation on this error, please visit: https://www.selenium.dev/documentation/webdriver/troubleshooting/errors#invalidsessionidexception
Stacktrace:
#0 0x60b9a84c379a <unknown>
#1 0x60b9a7ebf020 <unknown>
#2 0x60b9a7f047b0 <unknown>
#3 0x60b9a7f38406 <unknown>
#4 0x60b9a7f32a38 <unknown>
#5 0x60b9a7f31e4c <unknown>
#6 0x60b9a7e855f5 <unknown>
#7 0x60b9a848706b <unknown>
#8 0x60b9a848a01d <unknown>
#9 0x60b9a8473718 <unknown>
#10 0x60b9a848abb0 <unknown>
#11 0x60b9a845a150 <unknown>
#12 0x60b9a7e82e94 <unknown>
#13 0x7088bc82a1ca <unknown>
#14 0x7088bc82a28b __libc_start_main
#15 0x60b9a7e421ea _start

2026-05-19 16:14:43 | INFO | [26/41] Attempting to book slot: 04:34 pm (BOOK GROUP)
2026-05-19 16:14:43 | ERROR | Failed to save debug screenshot
Traceback (most recent call last):
  File "/home/morrty00/Documents/GolfClub/main1.py", line 707, in click
    self.scroll_into_view(element)
  File "/home/morrty00/Documents/GolfClub/main1.py", line 727, in scroll_into_view
    self.driver.execute_script("arguments[0].scrollIntoView({block: 'center', inline: 'nearest'});", element)
  File "/home/morrty00/Documents/GolfClub/.venv/lib/python3.12/site-packages/selenium/webdriver/remote/webdriver.py", line 578, in execute_script
    return self.execute(command, {"script": script, "args": converted_args})["value"]
           ^^^^^^^^^^^^^^^^^^^^^^^^^^^^^^^^^^^^^^^^^^^^^^^^^^^^^^^^^^^^^^^^^
  File "/home/morrty00/Documents/GolfClub/.venv/lib/python3.12/site-packages/selenium/webdriver/remote/webdriver.py", line 468, in execute
    self.error_handler.check_response(response)
  File "/home/morrty00/Documents/GolfClub/.venv/lib/python3.12/site-packages/selenium/webdriver/remote/errorhandler.py", line 232, in check_response
    raise exception_class(message, screen, stacktrace)
selenium.common.exceptions.InvalidSessionIdException: Message: invalid session id; For documentation on this error, please visit: https://www.selenium.dev/documentation/webdriver/troubleshooting/errors#invalidsessionidexception
Stacktrace:
#0 0x60b9a84c379a <unknown>
#1 0x60b9a7ebf020 <unknown>
#2 0x60b9a7f047b0 <unknown>
#3 0x60b9a7f38406 <unknown>
#4 0x60b9a7f32a38 <unknown>
#5 0x60b9a7f31e4c <unknown>
#6 0x60b9a7e855f5 <unknown>
#7 0x60b9a848706b <unknown>
#8 0x60b9a848a01d <unknown>
#9 0x60b9a8473718 <unknown>
#10 0x60b9a848abb0 <unknown>
#11 0x60b9a845a150 <unknown>
#12 0x60b9a7e82e94 <unknown>
#13 0x7088bc82a1ca <unknown>
#14 0x7088bc82a28b __libc_start_main
#15 0x60b9a7e421ea _start


During handling of the above exception, another exception occurred:

Traceback (most recent call last):
  File "/home/morrty00/Documents/GolfClub/main1.py", line 712, in click
    self.driver.execute_script("arguments[0].click();", element)
  File "/home/morrty00/Documents/GolfClub/.venv/lib/python3.12/site-packages/selenium/webdriver/remote/webdriver.py", line 578, in execute_script
    return self.execute(command, {"script": script, "args": converted_args})["value"]
           ^^^^^^^^^^^^^^^^^^^^^^^^^^^^^^^^^^^^^^^^^^^^^^^^^^^^^^^^^^^^^^^^^
  File "/home/morrty00/Documents/GolfClub/.venv/lib/python3.12/site-packages/selenium/webdriver/remote/webdriver.py", line 468, in execute
    self.error_handler.check_response(response)
  File "/home/morrty00/Documents/GolfClub/.venv/lib/python3.12/site-packages/selenium/webdriver/remote/errorhandler.py", line 232, in check_response
    raise exception_class(message, screen, stacktrace)
selenium.common.exceptions.InvalidSessionIdException: Message: invalid session id; For documentation on this error, please visit: https://www.selenium.dev/documentation/webdriver/troubleshooting/errors#invalidsessionidexception
Stacktrace:
#0 0x60b9a84c379a <unknown>
#1 0x60b9a7ebf020 <unknown>
#2 0x60b9a7f047b0 <unknown>
#3 0x60b9a7f38406 <unknown>
#4 0x60b9a7f32a38 <unknown>
#5 0x60b9a7f31e4c <unknown>
#6 0x60b9a7e855f5 <unknown>
#7 0x60b9a848706b <unknown>
#8 0x60b9a848a01d <unknown>
#9 0x60b9a8473718 <unknown>
#10 0x60b9a848abb0 <unknown>
#11 0x60b9a845a150 <unknown>
#12 0x60b9a7e82e94 <unknown>
#13 0x7088bc82a1ca <unknown>
#14 0x7088bc82a28b __libc_start_main
#15 0x60b9a7e421ea _start


During handling of the above exception, another exception occurred:

Traceback (most recent call last):
  File "/home/morrty00/Documents/GolfClub/main1.py", line 741, in capture_debug
    self.driver.save_screenshot(str(path))
  File "/home/morrty00/Documents/GolfClub/.venv/lib/python3.12/site-packages/selenium/webdriver/remote/webdriver.py", line 948, in save_screenshot
    return self.get_screenshot_as_file(filename)
           ^^^^^^^^^^^^^^^^^^^^^^^^^^^^^^^^^^^^^
  File "/home/morrty00/Documents/GolfClub/.venv/lib/python3.12/site-packages/selenium/webdriver/remote/webdriver.py", line 925, in get_screenshot_as_file
    png = self.get_screenshot_as_png()
          ^^^^^^^^^^^^^^^^^^^^^^^^^^^^
  File "/home/morrty00/Documents/GolfClub/.venv/lib/python3.12/site-packages/selenium/webdriver/remote/webdriver.py", line 956, in get_screenshot_as_png
    return b64decode(self.get_screenshot_as_base64().encode("ascii"))
                     ^^^^^^^^^^^^^^^^^^^^^^^^^^^^^^^
  File "/home/morrty00/Documents/GolfClub/.venv/lib/python3.12/site-packages/selenium/webdriver/remote/webdriver.py", line 966, in get_screenshot_as_base64
    return self.execute(Command.SCREENSHOT)["value"]
           ^^^^^^^^^^^^^^^^^^^^^^^^^^^^^^^^
  File "/home/morrty00/Documents/GolfClub/.venv/lib/python3.12/site-packages/selenium/webdriver/remote/webdriver.py", line 468, in execute
    self.error_handler.check_response(response)
  File "/home/morrty00/Documents/GolfClub/.venv/lib/python3.12/site-packages/selenium/webdriver/remote/errorhandler.py", line 232, in check_response
    raise exception_class(message, screen, stacktrace)
selenium.common.exceptions.InvalidSessionIdException: Message: invalid session id; For documentation on this error, please visit: https://www.selenium.dev/documentation/webdriver/troubleshooting/errors#invalidsessionidexception
Stacktrace:
#0 0x60b9a84c379a <unknown>
#1 0x60b9a7ebf020 <unknown>
#2 0x60b9a7f047b0 <unknown>
#3 0x60b9a7f38406 <unknown>
#4 0x60b9a7f32a38 <unknown>
#5 0x60b9a7f31e4c <unknown>
#6 0x60b9a7e855f5 <unknown>
#7 0x60b9a848706b <unknown>
#8 0x60b9a848a01d <unknown>
#9 0x60b9a8473718 <unknown>
#10 0x60b9a848abb0 <unknown>
#11 0x60b9a845a150 <unknown>
#12 0x60b9a7e82e94 <unknown>
#13 0x7088bc82a1ca <unknown>
#14 0x7088bc82a28b __libc_start_main
#15 0x60b9a7e421ea _start

2026-05-19 16:14:43 | WARNING | Failed to book slot 04:34 pm: Failed to click BOOK GROUP at 04:34 pm: Message: invalid session id; For documentation on this error, please visit: https://www.selenium.dev/documentation/webdriver/troubleshooting/errors#invalidsessionidexception
Stacktrace:
#0 0x60b9a84c379a <unknown>
#1 0x60b9a7ebf020 <unknown>
#2 0x60b9a7f047b0 <unknown>
#3 0x60b9a7f38406 <unknown>
#4 0x60b9a7f32a38 <unknown>
#5 0x60b9a7f31e4c <unknown>
#6 0x60b9a7e855f5 <unknown>
#7 0x60b9a848706b <unknown>
#8 0x60b9a848a01d <unknown>
#9 0x60b9a8473718 <unknown>
#10 0x60b9a848abb0 <unknown>
#11 0x60b9a845a150 <unknown>
#12 0x60b9a7e82e94 <unknown>
#13 0x7088bc82a1ca <unknown>
#14 0x7088bc82a28b __libc_start_main
#15 0x60b9a7e421ea _start

2026-05-19 16:14:43 | INFO | [27/41] Attempting to book slot: 04:42 pm (BOOK GROUP)
2026-05-19 16:14:43 | ERROR | Failed to save debug screenshot
Traceback (most recent call last):
  File "/home/morrty00/Documents/GolfClub/main1.py", line 707, in click
    self.scroll_into_view(element)
  File "/home/morrty00/Documents/GolfClub/main1.py", line 727, in scroll_into_view
    self.driver.execute_script("arguments[0].scrollIntoView({block: 'center', inline: 'nearest'});", element)
  File "/home/morrty00/Documents/GolfClub/.venv/lib/python3.12/site-packages/selenium/webdriver/remote/webdriver.py", line 578, in execute_script
    return self.execute(command, {"script": script, "args": converted_args})["value"]
           ^^^^^^^^^^^^^^^^^^^^^^^^^^^^^^^^^^^^^^^^^^^^^^^^^^^^^^^^^^^^^^^^^
  File "/home/morrty00/Documents/GolfClub/.venv/lib/python3.12/site-packages/selenium/webdriver/remote/webdriver.py", line 468, in execute
    self.error_handler.check_response(response)
  File "/home/morrty00/Documents/GolfClub/.venv/lib/python3.12/site-packages/selenium/webdriver/remote/errorhandler.py", line 232, in check_response
    raise exception_class(message, screen, stacktrace)
selenium.common.exceptions.InvalidSessionIdException: Message: invalid session id; For documentation on this error, please visit: https://www.selenium.dev/documentation/webdriver/troubleshooting/errors#invalidsessionidexception
Stacktrace:
#0 0x60b9a84c379a <unknown>
#1 0x60b9a7ebf020 <unknown>
#2 0x60b9a7f047b0 <unknown>
#3 0x60b9a7f38406 <unknown>
#4 0x60b9a7f32a38 <unknown>
#5 0x60b9a7f31e4c <unknown>
#6 0x60b9a7e855f5 <unknown>
#7 0x60b9a848706b <unknown>
#8 0x60b9a848a01d <unknown>
#9 0x60b9a8473718 <unknown>
#10 0x60b9a848abb0 <unknown>
#11 0x60b9a845a150 <unknown>
#12 0x60b9a7e82e94 <unknown>
#13 0x7088bc82a1ca <unknown>
#14 0x7088bc82a28b __libc_start_main
#15 0x60b9a7e421ea _start


During handling of the above exception, another exception occurred:

Traceback (most recent call last):
  File "/home/morrty00/Documents/GolfClub/main1.py", line 712, in click
    self.driver.execute_script("arguments[0].click();", element)
  File "/home/morrty00/Documents/GolfClub/.venv/lib/python3.12/site-packages/selenium/webdriver/remote/webdriver.py", line 578, in execute_script
    return self.execute(command, {"script": script, "args": converted_args})["value"]
           ^^^^^^^^^^^^^^^^^^^^^^^^^^^^^^^^^^^^^^^^^^^^^^^^^^^^^^^^^^^^^^^^^
  File "/home/morrty00/Documents/GolfClub/.venv/lib/python3.12/site-packages/selenium/webdriver/remote/webdriver.py", line 468, in execute
    self.error_handler.check_response(response)
  File "/home/morrty00/Documents/GolfClub/.venv/lib/python3.12/site-packages/selenium/webdriver/remote/errorhandler.py", line 232, in check_response
    raise exception_class(message, screen, stacktrace)
selenium.common.exceptions.InvalidSessionIdException: Message: invalid session id; For documentation on this error, please visit: https://www.selenium.dev/documentation/webdriver/troubleshooting/errors#invalidsessionidexception
Stacktrace:
#0 0x60b9a84c379a <unknown>
#1 0x60b9a7ebf020 <unknown>
#2 0x60b9a7f047b0 <unknown>
#3 0x60b9a7f38406 <unknown>
#4 0x60b9a7f32a38 <unknown>
#5 0x60b9a7f31e4c <unknown>
#6 0x60b9a7e855f5 <unknown>
#7 0x60b9a848706b <unknown>
#8 0x60b9a848a01d <unknown>
#9 0x60b9a8473718 <unknown>
#10 0x60b9a848abb0 <unknown>
#11 0x60b9a845a150 <unknown>
#12 0x60b9a7e82e94 <unknown>
#13 0x7088bc82a1ca <unknown>
#14 0x7088bc82a28b __libc_start_main
#15 0x60b9a7e421ea _start


During handling of the above exception, another exception occurred:

Traceback (most recent call last):
  File "/home/morrty00/Documents/GolfClub/main1.py", line 741, in capture_debug
    self.driver.save_screenshot(str(path))
  File "/home/morrty00/Documents/GolfClub/.venv/lib/python3.12/site-packages/selenium/webdriver/remote/webdriver.py", line 948, in save_screenshot
    return self.get_screenshot_as_file(filename)
           ^^^^^^^^^^^^^^^^^^^^^^^^^^^^^^^^^^^^^
  File "/home/morrty00/Documents/GolfClub/.venv/lib/python3.12/site-packages/selenium/webdriver/remote/webdriver.py", line 925, in get_screenshot_as_file
    png = self.get_screenshot_as_png()
          ^^^^^^^^^^^^^^^^^^^^^^^^^^^^
  File "/home/morrty00/Documents/GolfClub/.venv/lib/python3.12/site-packages/selenium/webdriver/remote/webdriver.py", line 956, in get_screenshot_as_png
    return b64decode(self.get_screenshot_as_base64().encode("ascii"))
                     ^^^^^^^^^^^^^^^^^^^^^^^^^^^^^^^
  File "/home/morrty00/Documents/GolfClub/.venv/lib/python3.12/site-packages/selenium/webdriver/remote/webdriver.py", line 966, in get_screenshot_as_base64
    return self.execute(Command.SCREENSHOT)["value"]
           ^^^^^^^^^^^^^^^^^^^^^^^^^^^^^^^^
  File "/home/morrty00/Documents/GolfClub/.venv/lib/python3.12/site-packages/selenium/webdriver/remote/webdriver.py", line 468, in execute
    self.error_handler.check_response(response)
  File "/home/morrty00/Documents/GolfClub/.venv/lib/python3.12/site-packages/selenium/webdriver/remote/errorhandler.py", line 232, in check_response
    raise exception_class(message, screen, stacktrace)
selenium.common.exceptions.InvalidSessionIdException: Message: invalid session id; For documentation on this error, please visit: https://www.selenium.dev/documentation/webdriver/troubleshooting/errors#invalidsessionidexception
Stacktrace:
#0 0x60b9a84c379a <unknown>
#1 0x60b9a7ebf020 <unknown>
#2 0x60b9a7f047b0 <unknown>
#3 0x60b9a7f38406 <unknown>
#4 0x60b9a7f32a38 <unknown>
#5 0x60b9a7f31e4c <unknown>
#6 0x60b9a7e855f5 <unknown>
#7 0x60b9a848706b <unknown>
#8 0x60b9a848a01d <unknown>
#9 0x60b9a8473718 <unknown>
#10 0x60b9a848abb0 <unknown>
#11 0x60b9a845a150 <unknown>
#12 0x60b9a7e82e94 <unknown>
#13 0x7088bc82a1ca <unknown>
#14 0x7088bc82a28b __libc_start_main
#15 0x60b9a7e421ea _start

2026-05-19 16:14:43 | WARNING | Failed to book slot 04:42 pm: Failed to click BOOK GROUP at 04:42 pm: Message: invalid session id; For documentation on this error, please visit: https://www.selenium.dev/documentation/webdriver/troubleshooting/errors#invalidsessionidexception
Stacktrace:
#0 0x60b9a84c379a <unknown>
#1 0x60b9a7ebf020 <unknown>
#2 0x60b9a7f047b0 <unknown>
#3 0x60b9a7f38406 <unknown>
#4 0x60b9a7f32a38 <unknown>
#5 0x60b9a7f31e4c <unknown>
#6 0x60b9a7e855f5 <unknown>
#7 0x60b9a848706b <unknown>
#8 0x60b9a848a01d <unknown>
#9 0x60b9a8473718 <unknown>
#10 0x60b9a848abb0 <unknown>
#11 0x60b9a845a150 <unknown>
#12 0x60b9a7e82e94 <unknown>
#13 0x7088bc82a1ca <unknown>
#14 0x7088bc82a28b __libc_start_main
#15 0x60b9a7e421ea _start

2026-05-19 16:14:43 | INFO | [28/41] Attempting to book slot: 04:50 pm (BOOK GROUP)
2026-05-19 16:14:43 | ERROR | Failed to save debug screenshot
Traceback (most recent call last):
  File "/home/morrty00/Documents/GolfClub/main1.py", line 707, in click
    self.scroll_into_view(element)
  File "/home/morrty00/Documents/GolfClub/main1.py", line 727, in scroll_into_view
    self.driver.execute_script("arguments[0].scrollIntoView({block: 'center', inline: 'nearest'});", element)
  File "/home/morrty00/Documents/GolfClub/.venv/lib/python3.12/site-packages/selenium/webdriver/remote/webdriver.py", line 578, in execute_script
    return self.execute(command, {"script": script, "args": converted_args})["value"]
           ^^^^^^^^^^^^^^^^^^^^^^^^^^^^^^^^^^^^^^^^^^^^^^^^^^^^^^^^^^^^^^^^^
  File "/home/morrty00/Documents/GolfClub/.venv/lib/python3.12/site-packages/selenium/webdriver/remote/webdriver.py", line 468, in execute
    self.error_handler.check_response(response)
  File "/home/morrty00/Documents/GolfClub/.venv/lib/python3.12/site-packages/selenium/webdriver/remote/errorhandler.py", line 232, in check_response
    raise exception_class(message, screen, stacktrace)
selenium.common.exceptions.InvalidSessionIdException: Message: invalid session id; For documentation on this error, please visit: https://www.selenium.dev/documentation/webdriver/troubleshooting/errors#invalidsessionidexception
Stacktrace:
#0 0x60b9a84c379a <unknown>
#1 0x60b9a7ebf020 <unknown>
#2 0x60b9a7f047b0 <unknown>
#3 0x60b9a7f38406 <unknown>
#4 0x60b9a7f32a38 <unknown>
#5 0x60b9a7f31e4c <unknown>
#6 0x60b9a7e855f5 <unknown>
#7 0x60b9a848706b <unknown>
#8 0x60b9a848a01d <unknown>
#9 0x60b9a8473718 <unknown>
#10 0x60b9a848abb0 <unknown>
#11 0x60b9a845a150 <unknown>
#12 0x60b9a7e82e94 <unknown>
#13 0x7088bc82a1ca <unknown>
#14 0x7088bc82a28b __libc_start_main
#15 0x60b9a7e421ea _start


During handling of the above exception, another exception occurred:

Traceback (most recent call last):
  File "/home/morrty00/Documents/GolfClub/main1.py", line 712, in click
    self.driver.execute_script("arguments[0].click();", element)
  File "/home/morrty00/Documents/GolfClub/.venv/lib/python3.12/site-packages/selenium/webdriver/remote/webdriver.py", line 578, in execute_script
    return self.execute(command, {"script": script, "args": converted_args})["value"]
           ^^^^^^^^^^^^^^^^^^^^^^^^^^^^^^^^^^^^^^^^^^^^^^^^^^^^^^^^^^^^^^^^^
  File "/home/morrty00/Documents/GolfClub/.venv/lib/python3.12/site-packages/selenium/webdriver/remote/webdriver.py", line 468, in execute
    self.error_handler.check_response(response)
  File "/home/morrty00/Documents/GolfClub/.venv/lib/python3.12/site-packages/selenium/webdriver/remote/errorhandler.py", line 232, in check_response
    raise exception_class(message, screen, stacktrace)
selenium.common.exceptions.InvalidSessionIdException: Message: invalid session id; For documentation on this error, please visit: https://www.selenium.dev/documentation/webdriver/troubleshooting/errors#invalidsessionidexception
Stacktrace:
#0 0x60b9a84c379a <unknown>
#1 0x60b9a7ebf020 <unknown>
#2 0x60b9a7f047b0 <unknown>
#3 0x60b9a7f38406 <unknown>
#4 0x60b9a7f32a38 <unknown>
#5 0x60b9a7f31e4c <unknown>
#6 0x60b9a7e855f5 <unknown>
#7 0x60b9a848706b <unknown>
#8 0x60b9a848a01d <unknown>
#9 0x60b9a8473718 <unknown>
#10 0x60b9a848abb0 <unknown>
#11 0x60b9a845a150 <unknown>
#12 0x60b9a7e82e94 <unknown>
#13 0x7088bc82a1ca <unknown>
#14 0x7088bc82a28b __libc_start_main
#15 0x60b9a7e421ea _start


During handling of the above exception, another exception occurred:

Traceback (most recent call last):
  File "/home/morrty00/Documents/GolfClub/main1.py", line 741, in capture_debug
    self.driver.save_screenshot(str(path))
  File "/home/morrty00/Documents/GolfClub/.venv/lib/python3.12/site-packages/selenium/webdriver/remote/webdriver.py", line 948, in save_screenshot
    return self.get_screenshot_as_file(filename)
           ^^^^^^^^^^^^^^^^^^^^^^^^^^^^^^^^^^^^^
  File "/home/morrty00/Documents/GolfClub/.venv/lib/python3.12/site-packages/selenium/webdriver/remote/webdriver.py", line 925, in get_screenshot_as_file
    png = self.get_screenshot_as_png()
          ^^^^^^^^^^^^^^^^^^^^^^^^^^^^
  File "/home/morrty00/Documents/GolfClub/.venv/lib/python3.12/site-packages/selenium/webdriver/remote/webdriver.py", line 956, in get_screenshot_as_png
    return b64decode(self.get_screenshot_as_base64().encode("ascii"))
                     ^^^^^^^^^^^^^^^^^^^^^^^^^^^^^^^
  File "/home/morrty00/Documents/GolfClub/.venv/lib/python3.12/site-packages/selenium/webdriver/remote/webdriver.py", line 966, in get_screenshot_as_base64
    return self.execute(Command.SCREENSHOT)["value"]
           ^^^^^^^^^^^^^^^^^^^^^^^^^^^^^^^^
  File "/home/morrty00/Documents/GolfClub/.venv/lib/python3.12/site-packages/selenium/webdriver/remote/webdriver.py", line 468, in execute
    self.error_handler.check_response(response)
  File "/home/morrty00/Documents/GolfClub/.venv/lib/python3.12/site-packages/selenium/webdriver/remote/errorhandler.py", line 232, in check_response
    raise exception_class(message, screen, stacktrace)
selenium.common.exceptions.InvalidSessionIdException: Message: invalid session id; For documentation on this error, please visit: https://www.selenium.dev/documentation/webdriver/troubleshooting/errors#invalidsessionidexception
Stacktrace:
#0 0x60b9a84c379a <unknown>
#1 0x60b9a7ebf020 <unknown>
#2 0x60b9a7f047b0 <unknown>
#3 0x60b9a7f38406 <unknown>
#4 0x60b9a7f32a38 <unknown>
#5 0x60b9a7f31e4c <unknown>
#6 0x60b9a7e855f5 <unknown>
#7 0x60b9a848706b <unknown>
#8 0x60b9a848a01d <unknown>
#9 0x60b9a8473718 <unknown>
#10 0x60b9a848abb0 <unknown>
#11 0x60b9a845a150 <unknown>
#12 0x60b9a7e82e94 <unknown>
#13 0x7088bc82a1ca <unknown>
#14 0x7088bc82a28b __libc_start_main
#15 0x60b9a7e421ea _start

2026-05-19 16:14:43 | WARNING | Failed to book slot 04:50 pm: Failed to click BOOK GROUP at 04:50 pm: Message: invalid session id; For documentation on this error, please visit: https://www.selenium.dev/documentation/webdriver/troubleshooting/errors#invalidsessionidexception
Stacktrace:
#0 0x60b9a84c379a <unknown>
#1 0x60b9a7ebf020 <unknown>
#2 0x60b9a7f047b0 <unknown>
#3 0x60b9a7f38406 <unknown>
#4 0x60b9a7f32a38 <unknown>
#5 0x60b9a7f31e4c <unknown>
#6 0x60b9a7e855f5 <unknown>
#7 0x60b9a848706b <unknown>
#8 0x60b9a848a01d <unknown>
#9 0x60b9a8473718 <unknown>
#10 0x60b9a848abb0 <unknown>
#11 0x60b9a845a150 <unknown>
#12 0x60b9a7e82e94 <unknown>
#13 0x7088bc82a1ca <unknown>
#14 0x7088bc82a28b __libc_start_main
#15 0x60b9a7e421ea _start

2026-05-19 16:14:43 | INFO | [29/41] Attempting to book slot: 04:58 pm (BOOK GROUP)
2026-05-19 16:14:43 | ERROR | Failed to save debug screenshot
Traceback (most recent call last):
  File "/home/morrty00/Documents/GolfClub/main1.py", line 707, in click
    self.scroll_into_view(element)
  File "/home/morrty00/Documents/GolfClub/main1.py", line 727, in scroll_into_view
    self.driver.execute_script("arguments[0].scrollIntoView({block: 'center', inline: 'nearest'});", element)
  File "/home/morrty00/Documents/GolfClub/.venv/lib/python3.12/site-packages/selenium/webdriver/remote/webdriver.py", line 578, in execute_script
    return self.execute(command, {"script": script, "args": converted_args})["value"]
           ^^^^^^^^^^^^^^^^^^^^^^^^^^^^^^^^^^^^^^^^^^^^^^^^^^^^^^^^^^^^^^^^^
  File "/home/morrty00/Documents/GolfClub/.venv/lib/python3.12/site-packages/selenium/webdriver/remote/webdriver.py", line 468, in execute
    self.error_handler.check_response(response)
  File "/home/morrty00/Documents/GolfClub/.venv/lib/python3.12/site-packages/selenium/webdriver/remote/errorhandler.py", line 232, in check_response
    raise exception_class(message, screen, stacktrace)
selenium.common.exceptions.InvalidSessionIdException: Message: invalid session id; For documentation on this error, please visit: https://www.selenium.dev/documentation/webdriver/troubleshooting/errors#invalidsessionidexception
Stacktrace:
#0 0x60b9a84c379a <unknown>
#1 0x60b9a7ebf020 <unknown>
#2 0x60b9a7f047b0 <unknown>
#3 0x60b9a7f38406 <unknown>
#4 0x60b9a7f32a38 <unknown>
#5 0x60b9a7f31e4c <unknown>
#6 0x60b9a7e855f5 <unknown>
#7 0x60b9a848706b <unknown>
#8 0x60b9a848a01d <unknown>
#9 0x60b9a8473718 <unknown>
#10 0x60b9a848abb0 <unknown>
#11 0x60b9a845a150 <unknown>
#12 0x60b9a7e82e94 <unknown>
#13 0x7088bc82a1ca <unknown>
#14 0x7088bc82a28b __libc_start_main
#15 0x60b9a7e421ea _start


During handling of the above exception, another exception occurred:

Traceback (most recent call last):
  File "/home/morrty00/Documents/GolfClub/main1.py", line 712, in click
    self.driver.execute_script("arguments[0].click();", element)
  File "/home/morrty00/Documents/GolfClub/.venv/lib/python3.12/site-packages/selenium/webdriver/remote/webdriver.py", line 578, in execute_script
    return self.execute(command, {"script": script, "args": converted_args})["value"]
           ^^^^^^^^^^^^^^^^^^^^^^^^^^^^^^^^^^^^^^^^^^^^^^^^^^^^^^^^^^^^^^^^^
  File "/home/morrty00/Documents/GolfClub/.venv/lib/python3.12/site-packages/selenium/webdriver/remote/webdriver.py", line 468, in execute
    self.error_handler.check_response(response)
  File "/home/morrty00/Documents/GolfClub/.venv/lib/python3.12/site-packages/selenium/webdriver/remote/errorhandler.py", line 232, in check_response
    raise exception_class(message, screen, stacktrace)
selenium.common.exceptions.InvalidSessionIdException: Message: invalid session id; For documentation on this error, please visit: https://www.selenium.dev/documentation/webdriver/troubleshooting/errors#invalidsessionidexception
Stacktrace:
#0 0x60b9a84c379a <unknown>
#1 0x60b9a7ebf020 <unknown>
#2 0x60b9a7f047b0 <unknown>
#3 0x60b9a7f38406 <unknown>
#4 0x60b9a7f32a38 <unknown>
#5 0x60b9a7f31e4c <unknown>
#6 0x60b9a7e855f5 <unknown>
#7 0x60b9a848706b <unknown>
#8 0x60b9a848a01d <unknown>
#9 0x60b9a8473718 <unknown>
#10 0x60b9a848abb0 <unknown>
#11 0x60b9a845a150 <unknown>
#12 0x60b9a7e82e94 <unknown>
#13 0x7088bc82a1ca <unknown>
#14 0x7088bc82a28b __libc_start_main
#15 0x60b9a7e421ea _start


During handling of the above exception, another exception occurred:

Traceback (most recent call last):
  File "/home/morrty00/Documents/GolfClub/main1.py", line 741, in capture_debug
    self.driver.save_screenshot(str(path))
  File "/home/morrty00/Documents/GolfClub/.venv/lib/python3.12/site-packages/selenium/webdriver/remote/webdriver.py", line 948, in save_screenshot
    return self.get_screenshot_as_file(filename)
           ^^^^^^^^^^^^^^^^^^^^^^^^^^^^^^^^^^^^^
  File "/home/morrty00/Documents/GolfClub/.venv/lib/python3.12/site-packages/selenium/webdriver/remote/webdriver.py", line 925, in get_screenshot_as_file
    png = self.get_screenshot_as_png()
          ^^^^^^^^^^^^^^^^^^^^^^^^^^^^
  File "/home/morrty00/Documents/GolfClub/.venv/lib/python3.12/site-packages/selenium/webdriver/remote/webdriver.py", line 956, in get_screenshot_as_png
    return b64decode(self.get_screenshot_as_base64().encode("ascii"))
                     ^^^^^^^^^^^^^^^^^^^^^^^^^^^^^^^
  File "/home/morrty00/Documents/GolfClub/.venv/lib/python3.12/site-packages/selenium/webdriver/remote/webdriver.py", line 966, in get_screenshot_as_base64
    return self.execute(Command.SCREENSHOT)["value"]
           ^^^^^^^^^^^^^^^^^^^^^^^^^^^^^^^^
  File "/home/morrty00/Documents/GolfClub/.venv/lib/python3.12/site-packages/selenium/webdriver/remote/webdriver.py", line 468, in execute
    self.error_handler.check_response(response)
  File "/home/morrty00/Documents/GolfClub/.venv/lib/python3.12/site-packages/selenium/webdriver/remote/errorhandler.py", line 232, in check_response
    raise exception_class(message, screen, stacktrace)
selenium.common.exceptions.InvalidSessionIdException: Message: invalid session id; For documentation on this error, please visit: https://www.selenium.dev/documentation/webdriver/troubleshooting/errors#invalidsessionidexception
Stacktrace:
#0 0x60b9a84c379a <unknown>
#1 0x60b9a7ebf020 <unknown>
#2 0x60b9a7f047b0 <unknown>
#3 0x60b9a7f38406 <unknown>
#4 0x60b9a7f32a38 <unknown>
#5 0x60b9a7f31e4c <unknown>
#6 0x60b9a7e855f5 <unknown>
#7 0x60b9a848706b <unknown>
#8 0x60b9a848a01d <unknown>
#9 0x60b9a8473718 <unknown>
#10 0x60b9a848abb0 <unknown>
#11 0x60b9a845a150 <unknown>
#12 0x60b9a7e82e94 <unknown>
#13 0x7088bc82a1ca <unknown>
#14 0x7088bc82a28b __libc_start_main
#15 0x60b9a7e421ea _start

2026-05-19 16:14:43 | WARNING | Failed to book slot 04:58 pm: Failed to click BOOK GROUP at 04:58 pm: Message: invalid session id; For documentation on this error, please visit: https://www.selenium.dev/documentation/webdriver/troubleshooting/errors#invalidsessionidexception
Stacktrace:
#0 0x60b9a84c379a <unknown>
#1 0x60b9a7ebf020 <unknown>
#2 0x60b9a7f047b0 <unknown>
#3 0x60b9a7f38406 <unknown>
#4 0x60b9a7f32a38 <unknown>
#5 0x60b9a7f31e4c <unknown>
#6 0x60b9a7e855f5 <unknown>
#7 0x60b9a848706b <unknown>
#8 0x60b9a848a01d <unknown>
#9 0x60b9a8473718 <unknown>
#10 0x60b9a848abb0 <unknown>
#11 0x60b9a845a150 <unknown>
#12 0x60b9a7e82e94 <unknown>
#13 0x7088bc82a1ca <unknown>
#14 0x7088bc82a28b __libc_start_main
#15 0x60b9a7e421ea _start

2026-05-19 16:14:44 | INFO | [30/41] Attempting to book slot: 05:06 pm (BOOK GROUP)
2026-05-19 16:14:44 | ERROR | Failed to save debug screenshot
Traceback (most recent call last):
  File "/home/morrty00/Documents/GolfClub/main1.py", line 707, in click
    self.scroll_into_view(element)
  File "/home/morrty00/Documents/GolfClub/main1.py", line 727, in scroll_into_view
    self.driver.execute_script("arguments[0].scrollIntoView({block: 'center', inline: 'nearest'});", element)
  File "/home/morrty00/Documents/GolfClub/.venv/lib/python3.12/site-packages/selenium/webdriver/remote/webdriver.py", line 578, in execute_script
    return self.execute(command, {"script": script, "args": converted_args})["value"]
           ^^^^^^^^^^^^^^^^^^^^^^^^^^^^^^^^^^^^^^^^^^^^^^^^^^^^^^^^^^^^^^^^^
  File "/home/morrty00/Documents/GolfClub/.venv/lib/python3.12/site-packages/selenium/webdriver/remote/webdriver.py", line 468, in execute
    self.error_handler.check_response(response)
  File "/home/morrty00/Documents/GolfClub/.venv/lib/python3.12/site-packages/selenium/webdriver/remote/errorhandler.py", line 232, in check_response
    raise exception_class(message, screen, stacktrace)
selenium.common.exceptions.InvalidSessionIdException: Message: invalid session id; For documentation on this error, please visit: https://www.selenium.dev/documentation/webdriver/troubleshooting/errors#invalidsessionidexception
Stacktrace:
#0 0x60b9a84c379a <unknown>
#1 0x60b9a7ebf020 <unknown>
#2 0x60b9a7f047b0 <unknown>
#3 0x60b9a7f38406 <unknown>
#4 0x60b9a7f32a38 <unknown>
#5 0x60b9a7f31e4c <unknown>
#6 0x60b9a7e855f5 <unknown>
#7 0x60b9a848706b <unknown>
#8 0x60b9a848a01d <unknown>
#9 0x60b9a8473718 <unknown>
#10 0x60b9a848abb0 <unknown>
#11 0x60b9a845a150 <unknown>
#12 0x60b9a7e82e94 <unknown>
#13 0x7088bc82a1ca <unknown>
#14 0x7088bc82a28b __libc_start_main
#15 0x60b9a7e421ea _start


During handling of the above exception, another exception occurred:

Traceback (most recent call last):
  File "/home/morrty00/Documents/GolfClub/main1.py", line 712, in click
    self.driver.execute_script("arguments[0].click();", element)
  File "/home/morrty00/Documents/GolfClub/.venv/lib/python3.12/site-packages/selenium/webdriver/remote/webdriver.py", line 578, in execute_script
    return self.execute(command, {"script": script, "args": converted_args})["value"]
           ^^^^^^^^^^^^^^^^^^^^^^^^^^^^^^^^^^^^^^^^^^^^^^^^^^^^^^^^^^^^^^^^^
  File "/home/morrty00/Documents/GolfClub/.venv/lib/python3.12/site-packages/selenium/webdriver/remote/webdriver.py", line 468, in execute
    self.error_handler.check_response(response)
  File "/home/morrty00/Documents/GolfClub/.venv/lib/python3.12/site-packages/selenium/webdriver/remote/errorhandler.py", line 232, in check_response
    raise exception_class(message, screen, stacktrace)
selenium.common.exceptions.InvalidSessionIdException: Message: invalid session id; For documentation on this error, please visit: https://www.selenium.dev/documentation/webdriver/troubleshooting/errors#invalidsessionidexception
Stacktrace:
#0 0x60b9a84c379a <unknown>
#1 0x60b9a7ebf020 <unknown>
#2 0x60b9a7f047b0 <unknown>
#3 0x60b9a7f38406 <unknown>
#4 0x60b9a7f32a38 <unknown>
#5 0x60b9a7f31e4c <unknown>
#6 0x60b9a7e855f5 <unknown>
#7 0x60b9a848706b <unknown>
#8 0x60b9a848a01d <unknown>
#9 0x60b9a8473718 <unknown>
#10 0x60b9a848abb0 <unknown>
#11 0x60b9a845a150 <unknown>
#12 0x60b9a7e82e94 <unknown>
#13 0x7088bc82a1ca <unknown>
#14 0x7088bc82a28b __libc_start_main
#15 0x60b9a7e421ea _start


During handling of the above exception, another exception occurred:

Traceback (most recent call last):
  File "/home/morrty00/Documents/GolfClub/main1.py", line 741, in capture_debug
    self.driver.save_screenshot(str(path))
  File "/home/morrty00/Documents/GolfClub/.venv/lib/python3.12/site-packages/selenium/webdriver/remote/webdriver.py", line 948, in save_screenshot
    return self.get_screenshot_as_file(filename)
           ^^^^^^^^^^^^^^^^^^^^^^^^^^^^^^^^^^^^^
  File "/home/morrty00/Documents/GolfClub/.venv/lib/python3.12/site-packages/selenium/webdriver/remote/webdriver.py", line 925, in get_screenshot_as_file
    png = self.get_screenshot_as_png()
          ^^^^^^^^^^^^^^^^^^^^^^^^^^^^
  File "/home/morrty00/Documents/GolfClub/.venv/lib/python3.12/site-packages/selenium/webdriver/remote/webdriver.py", line 956, in get_screenshot_as_png
    return b64decode(self.get_screenshot_as_base64().encode("ascii"))
                     ^^^^^^^^^^^^^^^^^^^^^^^^^^^^^^^
  File "/home/morrty00/Documents/GolfClub/.venv/lib/python3.12/site-packages/selenium/webdriver/remote/webdriver.py", line 966, in get_screenshot_as_base64
    return self.execute(Command.SCREENSHOT)["value"]
           ^^^^^^^^^^^^^^^^^^^^^^^^^^^^^^^^
  File "/home/morrty00/Documents/GolfClub/.venv/lib/python3.12/site-packages/selenium/webdriver/remote/webdriver.py", line 468, in execute
    self.error_handler.check_response(response)
  File "/home/morrty00/Documents/GolfClub/.venv/lib/python3.12/site-packages/selenium/webdriver/remote/errorhandler.py", line 232, in check_response
    raise exception_class(message, screen, stacktrace)
selenium.common.exceptions.InvalidSessionIdException: Message: invalid session id; For documentation on this error, please visit: https://www.selenium.dev/documentation/webdriver/troubleshooting/errors#invalidsessionidexception
Stacktrace:
#0 0x60b9a84c379a <unknown>
#1 0x60b9a7ebf020 <unknown>
#2 0x60b9a7f047b0 <unknown>
#3 0x60b9a7f38406 <unknown>
#4 0x60b9a7f32a38 <unknown>
#5 0x60b9a7f31e4c <unknown>
#6 0x60b9a7e855f5 <unknown>
#7 0x60b9a848706b <unknown>
#8 0x60b9a848a01d <unknown>
#9 0x60b9a8473718 <unknown>
#10 0x60b9a848abb0 <unknown>
#11 0x60b9a845a150 <unknown>
#12 0x60b9a7e82e94 <unknown>
#13 0x7088bc82a1ca <unknown>
#14 0x7088bc82a28b __libc_start_main
#15 0x60b9a7e421ea _start

2026-05-19 16:14:44 | WARNING | Failed to book slot 05:06 pm: Failed to click BOOK GROUP at 05:06 pm: Message: invalid session id; For documentation on this error, please visit: https://www.selenium.dev/documentation/webdriver/troubleshooting/errors#invalidsessionidexception
Stacktrace:
#0 0x60b9a84c379a <unknown>
#1 0x60b9a7ebf020 <unknown>
#2 0x60b9a7f047b0 <unknown>
#3 0x60b9a7f38406 <unknown>
#4 0x60b9a7f32a38 <unknown>
#5 0x60b9a7f31e4c <unknown>
#6 0x60b9a7e855f5 <unknown>
#7 0x60b9a848706b <unknown>
#8 0x60b9a848a01d <unknown>
#9 0x60b9a8473718 <unknown>
#10 0x60b9a848abb0 <unknown>
#11 0x60b9a845a150 <unknown>
#12 0x60b9a7e82e94 <unknown>
#13 0x7088bc82a1ca <unknown>
#14 0x7088bc82a28b __libc_start_main
#15 0x60b9a7e421ea _start

2026-05-19 16:14:44 | INFO | [31/41] Attempting to book slot: 05:14 pm (BOOK GROUP)
2026-05-19 16:14:44 | ERROR | Failed to save debug screenshot
Traceback (most recent call last):
  File "/home/morrty00/Documents/GolfClub/main1.py", line 707, in click
    self.scroll_into_view(element)
  File "/home/morrty00/Documents/GolfClub/main1.py", line 727, in scroll_into_view
    self.driver.execute_script("arguments[0].scrollIntoView({block: 'center', inline: 'nearest'});", element)
  File "/home/morrty00/Documents/GolfClub/.venv/lib/python3.12/site-packages/selenium/webdriver/remote/webdriver.py", line 578, in execute_script
    return self.execute(command, {"script": script, "args": converted_args})["value"]
           ^^^^^^^^^^^^^^^^^^^^^^^^^^^^^^^^^^^^^^^^^^^^^^^^^^^^^^^^^^^^^^^^^
  File "/home/morrty00/Documents/GolfClub/.venv/lib/python3.12/site-packages/selenium/webdriver/remote/webdriver.py", line 468, in execute
    self.error_handler.check_response(response)
  File "/home/morrty00/Documents/GolfClub/.venv/lib/python3.12/site-packages/selenium/webdriver/remote/errorhandler.py", line 232, in check_response
    raise exception_class(message, screen, stacktrace)
selenium.common.exceptions.InvalidSessionIdException: Message: invalid session id; For documentation on this error, please visit: https://www.selenium.dev/documentation/webdriver/troubleshooting/errors#invalidsessionidexception
Stacktrace:
#0 0x60b9a84c379a <unknown>
#1 0x60b9a7ebf020 <unknown>
#2 0x60b9a7f047b0 <unknown>
#3 0x60b9a7f38406 <unknown>
#4 0x60b9a7f32a38 <unknown>
#5 0x60b9a7f31e4c <unknown>
#6 0x60b9a7e855f5 <unknown>
#7 0x60b9a848706b <unknown>
#8 0x60b9a848a01d <unknown>
#9 0x60b9a8473718 <unknown>
#10 0x60b9a848abb0 <unknown>
#11 0x60b9a845a150 <unknown>
#12 0x60b9a7e82e94 <unknown>
#13 0x7088bc82a1ca <unknown>
#14 0x7088bc82a28b __libc_start_main
#15 0x60b9a7e421ea _start


During handling of the above exception, another exception occurred:

Traceback (most recent call last):
  File "/home/morrty00/Documents/GolfClub/main1.py", line 712, in click
    self.driver.execute_script("arguments[0].click();", element)
  File "/home/morrty00/Documents/GolfClub/.venv/lib/python3.12/site-packages/selenium/webdriver/remote/webdriver.py", line 578, in execute_script
    return self.execute(command, {"script": script, "args": converted_args})["value"]
           ^^^^^^^^^^^^^^^^^^^^^^^^^^^^^^^^^^^^^^^^^^^^^^^^^^^^^^^^^^^^^^^^^
  File "/home/morrty00/Documents/GolfClub/.venv/lib/python3.12/site-packages/selenium/webdriver/remote/webdriver.py", line 468, in execute
    self.error_handler.check_response(response)
  File "/home/morrty00/Documents/GolfClub/.venv/lib/python3.12/site-packages/selenium/webdriver/remote/errorhandler.py", line 232, in check_response
    raise exception_class(message, screen, stacktrace)
selenium.common.exceptions.InvalidSessionIdException: Message: invalid session id; For documentation on this error, please visit: https://www.selenium.dev/documentation/webdriver/troubleshooting/errors#invalidsessionidexception
Stacktrace:
#0 0x60b9a84c379a <unknown>
#1 0x60b9a7ebf020 <unknown>
#2 0x60b9a7f047b0 <unknown>
#3 0x60b9a7f38406 <unknown>
#4 0x60b9a7f32a38 <unknown>
#5 0x60b9a7f31e4c <unknown>
#6 0x60b9a7e855f5 <unknown>
#7 0x60b9a848706b <unknown>
#8 0x60b9a848a01d <unknown>
#9 0x60b9a8473718 <unknown>
#10 0x60b9a848abb0 <unknown>
#11 0x60b9a845a150 <unknown>
#12 0x60b9a7e82e94 <unknown>
#13 0x7088bc82a1ca <unknown>
#14 0x7088bc82a28b __libc_start_main
#15 0x60b9a7e421ea _start


During handling of the above exception, another exception occurred:

Traceback (most recent call last):
  File "/home/morrty00/Documents/GolfClub/main1.py", line 741, in capture_debug
    self.driver.save_screenshot(str(path))
  File "/home/morrty00/Documents/GolfClub/.venv/lib/python3.12/site-packages/selenium/webdriver/remote/webdriver.py", line 948, in save_screenshot
    return self.get_screenshot_as_file(filename)
           ^^^^^^^^^^^^^^^^^^^^^^^^^^^^^^^^^^^^^
  File "/home/morrty00/Documents/GolfClub/.venv/lib/python3.12/site-packages/selenium/webdriver/remote/webdriver.py", line 925, in get_screenshot_as_file
    png = self.get_screenshot_as_png()
          ^^^^^^^^^^^^^^^^^^^^^^^^^^^^
  File "/home/morrty00/Documents/GolfClub/.venv/lib/python3.12/site-packages/selenium/webdriver/remote/webdriver.py", line 956, in get_screenshot_as_png
    return b64decode(self.get_screenshot_as_base64().encode("ascii"))
                     ^^^^^^^^^^^^^^^^^^^^^^^^^^^^^^^
  File "/home/morrty00/Documents/GolfClub/.venv/lib/python3.12/site-packages/selenium/webdriver/remote/webdriver.py", line 966, in get_screenshot_as_base64
    return self.execute(Command.SCREENSHOT)["value"]
           ^^^^^^^^^^^^^^^^^^^^^^^^^^^^^^^^
  File "/home/morrty00/Documents/GolfClub/.venv/lib/python3.12/site-packages/selenium/webdriver/remote/webdriver.py", line 468, in execute
    self.error_handler.check_response(response)
  File "/home/morrty00/Documents/GolfClub/.venv/lib/python3.12/site-packages/selenium/webdriver/remote/errorhandler.py", line 232, in check_response
    raise exception_class(message, screen, stacktrace)
selenium.common.exceptions.InvalidSessionIdException: Message: invalid session id; For documentation on this error, please visit: https://www.selenium.dev/documentation/webdriver/troubleshooting/errors#invalidsessionidexception
Stacktrace:
#0 0x60b9a84c379a <unknown>
#1 0x60b9a7ebf020 <unknown>
#2 0x60b9a7f047b0 <unknown>
#3 0x60b9a7f38406 <unknown>
#4 0x60b9a7f32a38 <unknown>
#5 0x60b9a7f31e4c <unknown>
#6 0x60b9a7e855f5 <unknown>
#7 0x60b9a848706b <unknown>
#8 0x60b9a848a01d <unknown>
#9 0x60b9a8473718 <unknown>
#10 0x60b9a848abb0 <unknown>
#11 0x60b9a845a150 <unknown>
#12 0x60b9a7e82e94 <unknown>
#13 0x7088bc82a1ca <unknown>
#14 0x7088bc82a28b __libc_start_main
#15 0x60b9a7e421ea _start

2026-05-19 16:14:44 | WARNING | Failed to book slot 05:14 pm: Failed to click BOOK GROUP at 05:14 pm: Message: invalid session id; For documentation on this error, please visit: https://www.selenium.dev/documentation/webdriver/troubleshooting/errors#invalidsessionidexception
Stacktrace:
#0 0x60b9a84c379a <unknown>
#1 0x60b9a7ebf020 <unknown>
#2 0x60b9a7f047b0 <unknown>
#3 0x60b9a7f38406 <unknown>
#4 0x60b9a7f32a38 <unknown>
#5 0x60b9a7f31e4c <unknown>
#6 0x60b9a7e855f5 <unknown>
#7 0x60b9a848706b <unknown>
#8 0x60b9a848a01d <unknown>
#9 0x60b9a8473718 <unknown>
#10 0x60b9a848abb0 <unknown>
#11 0x60b9a845a150 <unknown>
#12 0x60b9a7e82e94 <unknown>
#13 0x7088bc82a1ca <unknown>
#14 0x7088bc82a28b __libc_start_main
#15 0x60b9a7e421ea _start

2026-05-19 16:14:44 | INFO | [32/41] Attempting to book slot: 05:22 pm (BOOK GROUP)
2026-05-19 16:14:44 | ERROR | Failed to save debug screenshot
Traceback (most recent call last):
  File "/home/morrty00/Documents/GolfClub/main1.py", line 707, in click
    self.scroll_into_view(element)
  File "/home/morrty00/Documents/GolfClub/main1.py", line 727, in scroll_into_view
    self.driver.execute_script("arguments[0].scrollIntoView({block: 'center', inline: 'nearest'});", element)
  File "/home/morrty00/Documents/GolfClub/.venv/lib/python3.12/site-packages/selenium/webdriver/remote/webdriver.py", line 578, in execute_script
    return self.execute(command, {"script": script, "args": converted_args})["value"]
           ^^^^^^^^^^^^^^^^^^^^^^^^^^^^^^^^^^^^^^^^^^^^^^^^^^^^^^^^^^^^^^^^^
  File "/home/morrty00/Documents/GolfClub/.venv/lib/python3.12/site-packages/selenium/webdriver/remote/webdriver.py", line 468, in execute
    self.error_handler.check_response(response)
  File "/home/morrty00/Documents/GolfClub/.venv/lib/python3.12/site-packages/selenium/webdriver/remote/errorhandler.py", line 232, in check_response
    raise exception_class(message, screen, stacktrace)
selenium.common.exceptions.InvalidSessionIdException: Message: invalid session id; For documentation on this error, please visit: https://www.selenium.dev/documentation/webdriver/troubleshooting/errors#invalidsessionidexception
Stacktrace:
#0 0x60b9a84c379a <unknown>
#1 0x60b9a7ebf020 <unknown>
#2 0x60b9a7f047b0 <unknown>
#3 0x60b9a7f38406 <unknown>
#4 0x60b9a7f32a38 <unknown>
#5 0x60b9a7f31e4c <unknown>
#6 0x60b9a7e855f5 <unknown>
#7 0x60b9a848706b <unknown>
#8 0x60b9a848a01d <unknown>
#9 0x60b9a8473718 <unknown>
#10 0x60b9a848abb0 <unknown>
#11 0x60b9a845a150 <unknown>
#12 0x60b9a7e82e94 <unknown>
#13 0x7088bc82a1ca <unknown>
#14 0x7088bc82a28b __libc_start_main
#15 0x60b9a7e421ea _start


During handling of the above exception, another exception occurred:

Traceback (most recent call last):
  File "/home/morrty00/Documents/GolfClub/main1.py", line 712, in click
    self.driver.execute_script("arguments[0].click();", element)
  File "/home/morrty00/Documents/GolfClub/.venv/lib/python3.12/site-packages/selenium/webdriver/remote/webdriver.py", line 578, in execute_script
    return self.execute(command, {"script": script, "args": converted_args})["value"]
           ^^^^^^^^^^^^^^^^^^^^^^^^^^^^^^^^^^^^^^^^^^^^^^^^^^^^^^^^^^^^^^^^^
  File "/home/morrty00/Documents/GolfClub/.venv/lib/python3.12/site-packages/selenium/webdriver/remote/webdriver.py", line 468, in execute
    self.error_handler.check_response(response)
  File "/home/morrty00/Documents/GolfClub/.venv/lib/python3.12/site-packages/selenium/webdriver/remote/errorhandler.py", line 232, in check_response
    raise exception_class(message, screen, stacktrace)
selenium.common.exceptions.InvalidSessionIdException: Message: invalid session id; For documentation on this error, please visit: https://www.selenium.dev/documentation/webdriver/troubleshooting/errors#invalidsessionidexception
Stacktrace:
#0 0x60b9a84c379a <unknown>
#1 0x60b9a7ebf020 <unknown>
#2 0x60b9a7f047b0 <unknown>
#3 0x60b9a7f38406 <unknown>
#4 0x60b9a7f32a38 <unknown>
#5 0x60b9a7f31e4c <unknown>
#6 0x60b9a7e855f5 <unknown>
#7 0x60b9a848706b <unknown>
#8 0x60b9a848a01d <unknown>
#9 0x60b9a8473718 <unknown>
#10 0x60b9a848abb0 <unknown>
#11 0x60b9a845a150 <unknown>
#12 0x60b9a7e82e94 <unknown>
#13 0x7088bc82a1ca <unknown>
#14 0x7088bc82a28b __libc_start_main
#15 0x60b9a7e421ea _start


During handling of the above exception, another exception occurred:

Traceback (most recent call last):
  File "/home/morrty00/Documents/GolfClub/main1.py", line 741, in capture_debug
    self.driver.save_screenshot(str(path))
  File "/home/morrty00/Documents/GolfClub/.venv/lib/python3.12/site-packages/selenium/webdriver/remote/webdriver.py", line 948, in save_screenshot
    return self.get_screenshot_as_file(filename)
           ^^^^^^^^^^^^^^^^^^^^^^^^^^^^^^^^^^^^^
  File "/home/morrty00/Documents/GolfClub/.venv/lib/python3.12/site-packages/selenium/webdriver/remote/webdriver.py", line 925, in get_screenshot_as_file
    png = self.get_screenshot_as_png()
          ^^^^^^^^^^^^^^^^^^^^^^^^^^^^
  File "/home/morrty00/Documents/GolfClub/.venv/lib/python3.12/site-packages/selenium/webdriver/remote/webdriver.py", line 956, in get_screenshot_as_png
    return b64decode(self.get_screenshot_as_base64().encode("ascii"))
                     ^^^^^^^^^^^^^^^^^^^^^^^^^^^^^^^
  File "/home/morrty00/Documents/GolfClub/.venv/lib/python3.12/site-packages/selenium/webdriver/remote/webdriver.py", line 966, in get_screenshot_as_base64
    return self.execute(Command.SCREENSHOT)["value"]
           ^^^^^^^^^^^^^^^^^^^^^^^^^^^^^^^^
  File "/home/morrty00/Documents/GolfClub/.venv/lib/python3.12/site-packages/selenium/webdriver/remote/webdriver.py", line 468, in execute
    self.error_handler.check_response(response)
  File "/home/morrty00/Documents/GolfClub/.venv/lib/python3.12/site-packages/selenium/webdriver/remote/errorhandler.py", line 232, in check_response
    raise exception_class(message, screen, stacktrace)
selenium.common.exceptions.InvalidSessionIdException: Message: invalid session id; For documentation on this error, please visit: https://www.selenium.dev/documentation/webdriver/troubleshooting/errors#invalidsessionidexception
Stacktrace:
#0 0x60b9a84c379a <unknown>
#1 0x60b9a7ebf020 <unknown>
#2 0x60b9a7f047b0 <unknown>
#3 0x60b9a7f38406 <unknown>
#4 0x60b9a7f32a38 <unknown>
#5 0x60b9a7f31e4c <unknown>
#6 0x60b9a7e855f5 <unknown>
#7 0x60b9a848706b <unknown>
#8 0x60b9a848a01d <unknown>
#9 0x60b9a8473718 <unknown>
#10 0x60b9a848abb0 <unknown>
#11 0x60b9a845a150 <unknown>
#12 0x60b9a7e82e94 <unknown>
#13 0x7088bc82a1ca <unknown>
#14 0x7088bc82a28b __libc_start_main
#15 0x60b9a7e421ea _start

2026-05-19 16:14:44 | WARNING | Failed to book slot 05:22 pm: Failed to click BOOK GROUP at 05:22 pm: Message: invalid session id; For documentation on this error, please visit: https://www.selenium.dev/documentation/webdriver/troubleshooting/errors#invalidsessionidexception
Stacktrace:
#0 0x60b9a84c379a <unknown>
#1 0x60b9a7ebf020 <unknown>
#2 0x60b9a7f047b0 <unknown>
#3 0x60b9a7f38406 <unknown>
#4 0x60b9a7f32a38 <unknown>
#5 0x60b9a7f31e4c <unknown>
#6 0x60b9a7e855f5 <unknown>
#7 0x60b9a848706b <unknown>
#8 0x60b9a848a01d <unknown>
#9 0x60b9a8473718 <unknown>
#10 0x60b9a848abb0 <unknown>
#11 0x60b9a845a150 <unknown>
#12 0x60b9a7e82e94 <unknown>
#13 0x7088bc82a1ca <unknown>
#14 0x7088bc82a28b __libc_start_main
#15 0x60b9a7e421ea _start

2026-05-19 16:14:44 | INFO | [33/41] Attempting to book slot: 05:30 pm (BOOK GROUP)
2026-05-19 16:14:44 | ERROR | Failed to save debug screenshot
Traceback (most recent call last):
  File "/home/morrty00/Documents/GolfClub/main1.py", line 707, in click
    self.scroll_into_view(element)
  File "/home/morrty00/Documents/GolfClub/main1.py", line 727, in scroll_into_view
    self.driver.execute_script("arguments[0].scrollIntoView({block: 'center', inline: 'nearest'});", element)
  File "/home/morrty00/Documents/GolfClub/.venv/lib/python3.12/site-packages/selenium/webdriver/remote/webdriver.py", line 578, in execute_script
    return self.execute(command, {"script": script, "args": converted_args})["value"]
           ^^^^^^^^^^^^^^^^^^^^^^^^^^^^^^^^^^^^^^^^^^^^^^^^^^^^^^^^^^^^^^^^^
  File "/home/morrty00/Documents/GolfClub/.venv/lib/python3.12/site-packages/selenium/webdriver/remote/webdriver.py", line 468, in execute
    self.error_handler.check_response(response)
  File "/home/morrty00/Documents/GolfClub/.venv/lib/python3.12/site-packages/selenium/webdriver/remote/errorhandler.py", line 232, in check_response
    raise exception_class(message, screen, stacktrace)
selenium.common.exceptions.InvalidSessionIdException: Message: invalid session id; For documentation on this error, please visit: https://www.selenium.dev/documentation/webdriver/troubleshooting/errors#invalidsessionidexception
Stacktrace:
#0 0x60b9a84c379a <unknown>
#1 0x60b9a7ebf020 <unknown>
#2 0x60b9a7f047b0 <unknown>
#3 0x60b9a7f38406 <unknown>
#4 0x60b9a7f32a38 <unknown>
#5 0x60b9a7f31e4c <unknown>
#6 0x60b9a7e855f5 <unknown>
#7 0x60b9a848706b <unknown>
#8 0x60b9a848a01d <unknown>
#9 0x60b9a8473718 <unknown>
#10 0x60b9a848abb0 <unknown>
#11 0x60b9a845a150 <unknown>
#12 0x60b9a7e82e94 <unknown>
#13 0x7088bc82a1ca <unknown>
#14 0x7088bc82a28b __libc_start_main
#15 0x60b9a7e421ea _start


During handling of the above exception, another exception occurred:

Traceback (most recent call last):
  File "/home/morrty00/Documents/GolfClub/main1.py", line 712, in click
    self.driver.execute_script("arguments[0].click();", element)
  File "/home/morrty00/Documents/GolfClub/.venv/lib/python3.12/site-packages/selenium/webdriver/remote/webdriver.py", line 578, in execute_script
    return self.execute(command, {"script": script, "args": converted_args})["value"]
           ^^^^^^^^^^^^^^^^^^^^^^^^^^^^^^^^^^^^^^^^^^^^^^^^^^^^^^^^^^^^^^^^^
  File "/home/morrty00/Documents/GolfClub/.venv/lib/python3.12/site-packages/selenium/webdriver/remote/webdriver.py", line 468, in execute
    self.error_handler.check_response(response)
  File "/home/morrty00/Documents/GolfClub/.venv/lib/python3.12/site-packages/selenium/webdriver/remote/errorhandler.py", line 232, in check_response
    raise exception_class(message, screen, stacktrace)
selenium.common.exceptions.InvalidSessionIdException: Message: invalid session id; For documentation on this error, please visit: https://www.selenium.dev/documentation/webdriver/troubleshooting/errors#invalidsessionidexception
Stacktrace:
#0 0x60b9a84c379a <unknown>
#1 0x60b9a7ebf020 <unknown>
#2 0x60b9a7f047b0 <unknown>
#3 0x60b9a7f38406 <unknown>
#4 0x60b9a7f32a38 <unknown>
#5 0x60b9a7f31e4c <unknown>
#6 0x60b9a7e855f5 <unknown>
#7 0x60b9a848706b <unknown>
#8 0x60b9a848a01d <unknown>
#9 0x60b9a8473718 <unknown>
#10 0x60b9a848abb0 <unknown>
#11 0x60b9a845a150 <unknown>
#12 0x60b9a7e82e94 <unknown>
#13 0x7088bc82a1ca <unknown>
#14 0x7088bc82a28b __libc_start_main
#15 0x60b9a7e421ea _start


During handling of the above exception, another exception occurred:

Traceback (most recent call last):
  File "/home/morrty00/Documents/GolfClub/main1.py", line 741, in capture_debug
    self.driver.save_screenshot(str(path))
  File "/home/morrty00/Documents/GolfClub/.venv/lib/python3.12/site-packages/selenium/webdriver/remote/webdriver.py", line 948, in save_screenshot
    return self.get_screenshot_as_file(filename)
           ^^^^^^^^^^^^^^^^^^^^^^^^^^^^^^^^^^^^^
  File "/home/morrty00/Documents/GolfClub/.venv/lib/python3.12/site-packages/selenium/webdriver/remote/webdriver.py", line 925, in get_screenshot_as_file
    png = self.get_screenshot_as_png()
          ^^^^^^^^^^^^^^^^^^^^^^^^^^^^
  File "/home/morrty00/Documents/GolfClub/.venv/lib/python3.12/site-packages/selenium/webdriver/remote/webdriver.py", line 956, in get_screenshot_as_png
    return b64decode(self.get_screenshot_as_base64().encode("ascii"))
                     ^^^^^^^^^^^^^^^^^^^^^^^^^^^^^^^
  File "/home/morrty00/Documents/GolfClub/.venv/lib/python3.12/site-packages/selenium/webdriver/remote/webdriver.py", line 966, in get_screenshot_as_base64
    return self.execute(Command.SCREENSHOT)["value"]
           ^^^^^^^^^^^^^^^^^^^^^^^^^^^^^^^^
  File "/home/morrty00/Documents/GolfClub/.venv/lib/python3.12/site-packages/selenium/webdriver/remote/webdriver.py", line 468, in execute
    self.error_handler.check_response(response)
  File "/home/morrty00/Documents/GolfClub/.venv/lib/python3.12/site-packages/selenium/webdriver/remote/errorhandler.py", line 232, in check_response
    raise exception_class(message, screen, stacktrace)
selenium.common.exceptions.InvalidSessionIdException: Message: invalid session id; For documentation on this error, please visit: https://www.selenium.dev/documentation/webdriver/troubleshooting/errors#invalidsessionidexception
Stacktrace:
#0 0x60b9a84c379a <unknown>
#1 0x60b9a7ebf020 <unknown>
#2 0x60b9a7f047b0 <unknown>
#3 0x60b9a7f38406 <unknown>
#4 0x60b9a7f32a38 <unknown>
#5 0x60b9a7f31e4c <unknown>
#6 0x60b9a7e855f5 <unknown>
#7 0x60b9a848706b <unknown>
#8 0x60b9a848a01d <unknown>
#9 0x60b9a8473718 <unknown>
#10 0x60b9a848abb0 <unknown>
#11 0x60b9a845a150 <unknown>
#12 0x60b9a7e82e94 <unknown>
#13 0x7088bc82a1ca <unknown>
#14 0x7088bc82a28b __libc_start_main
#15 0x60b9a7e421ea _start

2026-05-19 16:14:44 | WARNING | Failed to book slot 05:30 pm: Failed to click BOOK GROUP at 05:30 pm: Message: invalid session id; For documentation on this error, please visit: https://www.selenium.dev/documentation/webdriver/troubleshooting/errors#invalidsessionidexception
Stacktrace:
#0 0x60b9a84c379a <unknown>
#1 0x60b9a7ebf020 <unknown>
#2 0x60b9a7f047b0 <unknown>
#3 0x60b9a7f38406 <unknown>
#4 0x60b9a7f32a38 <unknown>
#5 0x60b9a7f31e4c <unknown>
#6 0x60b9a7e855f5 <unknown>
#7 0x60b9a848706b <unknown>
#8 0x60b9a848a01d <unknown>
#9 0x60b9a8473718 <unknown>
#10 0x60b9a848abb0 <unknown>
#11 0x60b9a845a150 <unknown>
#12 0x60b9a7e82e94 <unknown>
#13 0x7088bc82a1ca <unknown>
#14 0x7088bc82a28b __libc_start_main
#15 0x60b9a7e421ea _start

2026-05-19 16:14:44 | INFO | [34/41] Attempting to book slot: 05:38 pm (BOOK GROUP)
2026-05-19 16:14:44 | ERROR | Failed to save debug screenshot
Traceback (most recent call last):
  File "/home/morrty00/Documents/GolfClub/main1.py", line 707, in click
    self.scroll_into_view(element)
  File "/home/morrty00/Documents/GolfClub/main1.py", line 727, in scroll_into_view
    self.driver.execute_script("arguments[0].scrollIntoView({block: 'center', inline: 'nearest'});", element)
  File "/home/morrty00/Documents/GolfClub/.venv/lib/python3.12/site-packages/selenium/webdriver/remote/webdriver.py", line 578, in execute_script
    return self.execute(command, {"script": script, "args": converted_args})["value"]
           ^^^^^^^^^^^^^^^^^^^^^^^^^^^^^^^^^^^^^^^^^^^^^^^^^^^^^^^^^^^^^^^^^
  File "/home/morrty00/Documents/GolfClub/.venv/lib/python3.12/site-packages/selenium/webdriver/remote/webdriver.py", line 468, in execute
    self.error_handler.check_response(response)
  File "/home/morrty00/Documents/GolfClub/.venv/lib/python3.12/site-packages/selenium/webdriver/remote/errorhandler.py", line 232, in check_response
    raise exception_class(message, screen, stacktrace)
selenium.common.exceptions.InvalidSessionIdException: Message: invalid session id; For documentation on this error, please visit: https://www.selenium.dev/documentation/webdriver/troubleshooting/errors#invalidsessionidexception
Stacktrace:
#0 0x60b9a84c379a <unknown>
#1 0x60b9a7ebf020 <unknown>
#2 0x60b9a7f047b0 <unknown>
#3 0x60b9a7f38406 <unknown>
#4 0x60b9a7f32a38 <unknown>
#5 0x60b9a7f31e4c <unknown>
#6 0x60b9a7e855f5 <unknown>
#7 0x60b9a848706b <unknown>
#8 0x60b9a848a01d <unknown>
#9 0x60b9a8473718 <unknown>
#10 0x60b9a848abb0 <unknown>
#11 0x60b9a845a150 <unknown>
#12 0x60b9a7e82e94 <unknown>
#13 0x7088bc82a1ca <unknown>
#14 0x7088bc82a28b __libc_start_main
#15 0x60b9a7e421ea _start


During handling of the above exception, another exception occurred:

Traceback (most recent call last):
  File "/home/morrty00/Documents/GolfClub/main1.py", line 712, in click
    self.driver.execute_script("arguments[0].click();", element)
  File "/home/morrty00/Documents/GolfClub/.venv/lib/python3.12/site-packages/selenium/webdriver/remote/webdriver.py", line 578, in execute_script
    return self.execute(command, {"script": script, "args": converted_args})["value"]
           ^^^^^^^^^^^^^^^^^^^^^^^^^^^^^^^^^^^^^^^^^^^^^^^^^^^^^^^^^^^^^^^^^
  File "/home/morrty00/Documents/GolfClub/.venv/lib/python3.12/site-packages/selenium/webdriver/remote/webdriver.py", line 468, in execute
    self.error_handler.check_response(response)
  File "/home/morrty00/Documents/GolfClub/.venv/lib/python3.12/site-packages/selenium/webdriver/remote/errorhandler.py", line 232, in check_response
    raise exception_class(message, screen, stacktrace)
selenium.common.exceptions.InvalidSessionIdException: Message: invalid session id; For documentation on this error, please visit: https://www.selenium.dev/documentation/webdriver/troubleshooting/errors#invalidsessionidexception
Stacktrace:
#0 0x60b9a84c379a <unknown>
#1 0x60b9a7ebf020 <unknown>
#2 0x60b9a7f047b0 <unknown>
#3 0x60b9a7f38406 <unknown>
#4 0x60b9a7f32a38 <unknown>
#5 0x60b9a7f31e4c <unknown>
#6 0x60b9a7e855f5 <unknown>
#7 0x60b9a848706b <unknown>
#8 0x60b9a848a01d <unknown>
#9 0x60b9a8473718 <unknown>
#10 0x60b9a848abb0 <unknown>
#11 0x60b9a845a150 <unknown>
#12 0x60b9a7e82e94 <unknown>
#13 0x7088bc82a1ca <unknown>
#14 0x7088bc82a28b __libc_start_main
#15 0x60b9a7e421ea _start


During handling of the above exception, another exception occurred:

Traceback (most recent call last):
  File "/home/morrty00/Documents/GolfClub/main1.py", line 741, in capture_debug
    self.driver.save_screenshot(str(path))
  File "/home/morrty00/Documents/GolfClub/.venv/lib/python3.12/site-packages/selenium/webdriver/remote/webdriver.py", line 948, in save_screenshot
    return self.get_screenshot_as_file(filename)
           ^^^^^^^^^^^^^^^^^^^^^^^^^^^^^^^^^^^^^
  File "/home/morrty00/Documents/GolfClub/.venv/lib/python3.12/site-packages/selenium/webdriver/remote/webdriver.py", line 925, in get_screenshot_as_file
    png = self.get_screenshot_as_png()
          ^^^^^^^^^^^^^^^^^^^^^^^^^^^^
  File "/home/morrty00/Documents/GolfClub/.venv/lib/python3.12/site-packages/selenium/webdriver/remote/webdriver.py", line 956, in get_screenshot_as_png
    return b64decode(self.get_screenshot_as_base64().encode("ascii"))
                     ^^^^^^^^^^^^^^^^^^^^^^^^^^^^^^^
  File "/home/morrty00/Documents/GolfClub/.venv/lib/python3.12/site-packages/selenium/webdriver/remote/webdriver.py", line 966, in get_screenshot_as_base64
    return self.execute(Command.SCREENSHOT)["value"]
           ^^^^^^^^^^^^^^^^^^^^^^^^^^^^^^^^
  File "/home/morrty00/Documents/GolfClub/.venv/lib/python3.12/site-packages/selenium/webdriver/remote/webdriver.py", line 468, in execute
    self.error_handler.check_response(response)
  File "/home/morrty00/Documents/GolfClub/.venv/lib/python3.12/site-packages/selenium/webdriver/remote/errorhandler.py", line 232, in check_response
    raise exception_class(message, screen, stacktrace)
selenium.common.exceptions.InvalidSessionIdException: Message: invalid session id; For documentation on this error, please visit: https://www.selenium.dev/documentation/webdriver/troubleshooting/errors#invalidsessionidexception
Stacktrace:
#0 0x60b9a84c379a <unknown>
#1 0x60b9a7ebf020 <unknown>
#2 0x60b9a7f047b0 <unknown>
#3 0x60b9a7f38406 <unknown>
#4 0x60b9a7f32a38 <unknown>
#5 0x60b9a7f31e4c <unknown>
#6 0x60b9a7e855f5 <unknown>
#7 0x60b9a848706b <unknown>
#8 0x60b9a848a01d <unknown>
#9 0x60b9a8473718 <unknown>
#10 0x60b9a848abb0 <unknown>
#11 0x60b9a845a150 <unknown>
#12 0x60b9a7e82e94 <unknown>
#13 0x7088bc82a1ca <unknown>
#14 0x7088bc82a28b __libc_start_main
#15 0x60b9a7e421ea _start

2026-05-19 16:14:44 | WARNING | Failed to book slot 05:38 pm: Failed to click BOOK GROUP at 05:38 pm: Message: invalid session id; For documentation on this error, please visit: https://www.selenium.dev/documentation/webdriver/troubleshooting/errors#invalidsessionidexception
Stacktrace:
#0 0x60b9a84c379a <unknown>
#1 0x60b9a7ebf020 <unknown>
#2 0x60b9a7f047b0 <unknown>
#3 0x60b9a7f38406 <unknown>
#4 0x60b9a7f32a38 <unknown>
#5 0x60b9a7f31e4c <unknown>
#6 0x60b9a7e855f5 <unknown>
#7 0x60b9a848706b <unknown>
#8 0x60b9a848a01d <unknown>
#9 0x60b9a8473718 <unknown>
#10 0x60b9a848abb0 <unknown>
#11 0x60b9a845a150 <unknown>
#12 0x60b9a7e82e94 <unknown>
#13 0x7088bc82a1ca <unknown>
#14 0x7088bc82a28b __libc_start_main
#15 0x60b9a7e421ea _start

2026-05-19 16:14:44 | INFO | [35/41] Attempting to book slot: 05:46 pm (BOOK GROUP)
2026-05-19 16:14:44 | ERROR | Failed to save debug screenshot
Traceback (most recent call last):
  File "/home/morrty00/Documents/GolfClub/main1.py", line 707, in click
    self.scroll_into_view(element)
  File "/home/morrty00/Documents/GolfClub/main1.py", line 727, in scroll_into_view
    self.driver.execute_script("arguments[0].scrollIntoView({block: 'center', inline: 'nearest'});", element)
  File "/home/morrty00/Documents/GolfClub/.venv/lib/python3.12/site-packages/selenium/webdriver/remote/webdriver.py", line 578, in execute_script
    return self.execute(command, {"script": script, "args": converted_args})["value"]
           ^^^^^^^^^^^^^^^^^^^^^^^^^^^^^^^^^^^^^^^^^^^^^^^^^^^^^^^^^^^^^^^^^
  File "/home/morrty00/Documents/GolfClub/.venv/lib/python3.12/site-packages/selenium/webdriver/remote/webdriver.py", line 468, in execute
    self.error_handler.check_response(response)
  File "/home/morrty00/Documents/GolfClub/.venv/lib/python3.12/site-packages/selenium/webdriver/remote/errorhandler.py", line 232, in check_response
    raise exception_class(message, screen, stacktrace)
selenium.common.exceptions.InvalidSessionIdException: Message: invalid session id; For documentation on this error, please visit: https://www.selenium.dev/documentation/webdriver/troubleshooting/errors#invalidsessionidexception
Stacktrace:
#0 0x60b9a84c379a <unknown>
#1 0x60b9a7ebf020 <unknown>
#2 0x60b9a7f047b0 <unknown>
#3 0x60b9a7f38406 <unknown>
#4 0x60b9a7f32a38 <unknown>
#5 0x60b9a7f31e4c <unknown>
#6 0x60b9a7e855f5 <unknown>
#7 0x60b9a848706b <unknown>
#8 0x60b9a848a01d <unknown>
#9 0x60b9a8473718 <unknown>
#10 0x60b9a848abb0 <unknown>
#11 0x60b9a845a150 <unknown>
#12 0x60b9a7e82e94 <unknown>
#13 0x7088bc82a1ca <unknown>
#14 0x7088bc82a28b __libc_start_main
#15 0x60b9a7e421ea _start


During handling of the above exception, another exception occurred:

Traceback (most recent call last):
  File "/home/morrty00/Documents/GolfClub/main1.py", line 712, in click
    self.driver.execute_script("arguments[0].click();", element)
  File "/home/morrty00/Documents/GolfClub/.venv/lib/python3.12/site-packages/selenium/webdriver/remote/webdriver.py", line 578, in execute_script
    return self.execute(command, {"script": script, "args": converted_args})["value"]
           ^^^^^^^^^^^^^^^^^^^^^^^^^^^^^^^^^^^^^^^^^^^^^^^^^^^^^^^^^^^^^^^^^
  File "/home/morrty00/Documents/GolfClub/.venv/lib/python3.12/site-packages/selenium/webdriver/remote/webdriver.py", line 468, in execute
    self.error_handler.check_response(response)
  File "/home/morrty00/Documents/GolfClub/.venv/lib/python3.12/site-packages/selenium/webdriver/remote/errorhandler.py", line 232, in check_response
    raise exception_class(message, screen, stacktrace)
selenium.common.exceptions.InvalidSessionIdException: Message: invalid session id; For documentation on this error, please visit: https://www.selenium.dev/documentation/webdriver/troubleshooting/errors#invalidsessionidexception
Stacktrace:
#0 0x60b9a84c379a <unknown>
#1 0x60b9a7ebf020 <unknown>
#2 0x60b9a7f047b0 <unknown>
#3 0x60b9a7f38406 <unknown>
#4 0x60b9a7f32a38 <unknown>
#5 0x60b9a7f31e4c <unknown>
#6 0x60b9a7e855f5 <unknown>
#7 0x60b9a848706b <unknown>
#8 0x60b9a848a01d <unknown>
#9 0x60b9a8473718 <unknown>
#10 0x60b9a848abb0 <unknown>
#11 0x60b9a845a150 <unknown>
#12 0x60b9a7e82e94 <unknown>
#13 0x7088bc82a1ca <unknown>
#14 0x7088bc82a28b __libc_start_main
#15 0x60b9a7e421ea _start


During handling of the above exception, another exception occurred:

Traceback (most recent call last):
  File "/home/morrty00/Documents/GolfClub/main1.py", line 741, in capture_debug
    self.driver.save_screenshot(str(path))
  File "/home/morrty00/Documents/GolfClub/.venv/lib/python3.12/site-packages/selenium/webdriver/remote/webdriver.py", line 948, in save_screenshot
    return self.get_screenshot_as_file(filename)
           ^^^^^^^^^^^^^^^^^^^^^^^^^^^^^^^^^^^^^
  File "/home/morrty00/Documents/GolfClub/.venv/lib/python3.12/site-packages/selenium/webdriver/remote/webdriver.py", line 925, in get_screenshot_as_file
    png = self.get_screenshot_as_png()
          ^^^^^^^^^^^^^^^^^^^^^^^^^^^^
  File "/home/morrty00/Documents/GolfClub/.venv/lib/python3.12/site-packages/selenium/webdriver/remote/webdriver.py", line 956, in get_screenshot_as_png
    return b64decode(self.get_screenshot_as_base64().encode("ascii"))
                     ^^^^^^^^^^^^^^^^^^^^^^^^^^^^^^^
  File "/home/morrty00/Documents/GolfClub/.venv/lib/python3.12/site-packages/selenium/webdriver/remote/webdriver.py", line 966, in get_screenshot_as_base64
    return self.execute(Command.SCREENSHOT)["value"]
           ^^^^^^^^^^^^^^^^^^^^^^^^^^^^^^^^
  File "/home/morrty00/Documents/GolfClub/.venv/lib/python3.12/site-packages/selenium/webdriver/remote/webdriver.py", line 468, in execute
    self.error_handler.check_response(response)
  File "/home/morrty00/Documents/GolfClub/.venv/lib/python3.12/site-packages/selenium/webdriver/remote/errorhandler.py", line 232, in check_response
    raise exception_class(message, screen, stacktrace)
selenium.common.exceptions.InvalidSessionIdException: Message: invalid session id; For documentation on this error, please visit: https://www.selenium.dev/documentation/webdriver/troubleshooting/errors#invalidsessionidexception
Stacktrace:
#0 0x60b9a84c379a <unknown>
#1 0x60b9a7ebf020 <unknown>
#2 0x60b9a7f047b0 <unknown>
#3 0x60b9a7f38406 <unknown>
#4 0x60b9a7f32a38 <unknown>
#5 0x60b9a7f31e4c <unknown>
#6 0x60b9a7e855f5 <unknown>
#7 0x60b9a848706b <unknown>
#8 0x60b9a848a01d <unknown>
#9 0x60b9a8473718 <unknown>
#10 0x60b9a848abb0 <unknown>
#11 0x60b9a845a150 <unknown>
#12 0x60b9a7e82e94 <unknown>
#13 0x7088bc82a1ca <unknown>
#14 0x7088bc82a28b __libc_start_main
#15 0x60b9a7e421ea _start

2026-05-19 16:14:44 | WARNING | Failed to book slot 05:46 pm: Failed to click BOOK GROUP at 05:46 pm: Message: invalid session id; For documentation on this error, please visit: https://www.selenium.dev/documentation/webdriver/troubleshooting/errors#invalidsessionidexception
Stacktrace:
#0 0x60b9a84c379a <unknown>
#1 0x60b9a7ebf020 <unknown>
#2 0x60b9a7f047b0 <unknown>
#3 0x60b9a7f38406 <unknown>
#4 0x60b9a7f32a38 <unknown>
#5 0x60b9a7f31e4c <unknown>
#6 0x60b9a7e855f5 <unknown>
#7 0x60b9a848706b <unknown>
#8 0x60b9a848a01d <unknown>
#9 0x60b9a8473718 <unknown>
#10 0x60b9a848abb0 <unknown>
#11 0x60b9a845a150 <unknown>
#12 0x60b9a7e82e94 <unknown>
#13 0x7088bc82a1ca <unknown>
#14 0x7088bc82a28b __libc_start_main
#15 0x60b9a7e421ea _start

2026-05-19 16:14:44 | INFO | [36/41] Attempting to book slot: 05:54 pm (BOOK GROUP)
2026-05-19 16:14:44 | ERROR | Failed to save debug screenshot
Traceback (most recent call last):
  File "/home/morrty00/Documents/GolfClub/main1.py", line 707, in click
    self.scroll_into_view(element)
  File "/home/morrty00/Documents/GolfClub/main1.py", line 727, in scroll_into_view
    self.driver.execute_script("arguments[0].scrollIntoView({block: 'center', inline: 'nearest'});", element)
  File "/home/morrty00/Documents/GolfClub/.venv/lib/python3.12/site-packages/selenium/webdriver/remote/webdriver.py", line 578, in execute_script
    return self.execute(command, {"script": script, "args": converted_args})["value"]
           ^^^^^^^^^^^^^^^^^^^^^^^^^^^^^^^^^^^^^^^^^^^^^^^^^^^^^^^^^^^^^^^^^
  File "/home/morrty00/Documents/GolfClub/.venv/lib/python3.12/site-packages/selenium/webdriver/remote/webdriver.py", line 468, in execute
    self.error_handler.check_response(response)
  File "/home/morrty00/Documents/GolfClub/.venv/lib/python3.12/site-packages/selenium/webdriver/remote/errorhandler.py", line 232, in check_response
    raise exception_class(message, screen, stacktrace)
selenium.common.exceptions.InvalidSessionIdException: Message: invalid session id; For documentation on this error, please visit: https://www.selenium.dev/documentation/webdriver/troubleshooting/errors#invalidsessionidexception
Stacktrace:
#0 0x60b9a84c379a <unknown>
#1 0x60b9a7ebf020 <unknown>
#2 0x60b9a7f047b0 <unknown>
#3 0x60b9a7f38406 <unknown>
#4 0x60b9a7f32a38 <unknown>
#5 0x60b9a7f31e4c <unknown>
#6 0x60b9a7e855f5 <unknown>
#7 0x60b9a848706b <unknown>
#8 0x60b9a848a01d <unknown>
#9 0x60b9a8473718 <unknown>
#10 0x60b9a848abb0 <unknown>
#11 0x60b9a845a150 <unknown>
#12 0x60b9a7e82e94 <unknown>
#13 0x7088bc82a1ca <unknown>
#14 0x7088bc82a28b __libc_start_main
#15 0x60b9a7e421ea _start


During handling of the above exception, another exception occurred:

Traceback (most recent call last):
  File "/home/morrty00/Documents/GolfClub/main1.py", line 712, in click
    self.driver.execute_script("arguments[0].click();", element)
  File "/home/morrty00/Documents/GolfClub/.venv/lib/python3.12/site-packages/selenium/webdriver/remote/webdriver.py", line 578, in execute_script
    return self.execute(command, {"script": script, "args": converted_args})["value"]
           ^^^^^^^^^^^^^^^^^^^^^^^^^^^^^^^^^^^^^^^^^^^^^^^^^^^^^^^^^^^^^^^^^
  File "/home/morrty00/Documents/GolfClub/.venv/lib/python3.12/site-packages/selenium/webdriver/remote/webdriver.py", line 468, in execute
    self.error_handler.check_response(response)
  File "/home/morrty00/Documents/GolfClub/.venv/lib/python3.12/site-packages/selenium/webdriver/remote/errorhandler.py", line 232, in check_response
    raise exception_class(message, screen, stacktrace)
selenium.common.exceptions.InvalidSessionIdException: Message: invalid session id; For documentation on this error, please visit: https://www.selenium.dev/documentation/webdriver/troubleshooting/errors#invalidsessionidexception
Stacktrace:
#0 0x60b9a84c379a <unknown>
#1 0x60b9a7ebf020 <unknown>
#2 0x60b9a7f047b0 <unknown>
#3 0x60b9a7f38406 <unknown>
#4 0x60b9a7f32a38 <unknown>
#5 0x60b9a7f31e4c <unknown>
#6 0x60b9a7e855f5 <unknown>
#7 0x60b9a848706b <unknown>
#8 0x60b9a848a01d <unknown>
#9 0x60b9a8473718 <unknown>
#10 0x60b9a848abb0 <unknown>
#11 0x60b9a845a150 <unknown>
#12 0x60b9a7e82e94 <unknown>
#13 0x7088bc82a1ca <unknown>
#14 0x7088bc82a28b __libc_start_main
#15 0x60b9a7e421ea _start


During handling of the above exception, another exception occurred:

Traceback (most recent call last):
  File "/home/morrty00/Documents/GolfClub/main1.py", line 741, in capture_debug
    self.driver.save_screenshot(str(path))
  File "/home/morrty00/Documents/GolfClub/.venv/lib/python3.12/site-packages/selenium/webdriver/remote/webdriver.py", line 948, in save_screenshot
    return self.get_screenshot_as_file(filename)
           ^^^^^^^^^^^^^^^^^^^^^^^^^^^^^^^^^^^^^
  File "/home/morrty00/Documents/GolfClub/.venv/lib/python3.12/site-packages/selenium/webdriver/remote/webdriver.py", line 925, in get_screenshot_as_file
    png = self.get_screenshot_as_png()
          ^^^^^^^^^^^^^^^^^^^^^^^^^^^^
  File "/home/morrty00/Documents/GolfClub/.venv/lib/python3.12/site-packages/selenium/webdriver/remote/webdriver.py", line 956, in get_screenshot_as_png
    return b64decode(self.get_screenshot_as_base64().encode("ascii"))
                     ^^^^^^^^^^^^^^^^^^^^^^^^^^^^^^^
  File "/home/morrty00/Documents/GolfClub/.venv/lib/python3.12/site-packages/selenium/webdriver/remote/webdriver.py", line 966, in get_screenshot_as_base64
    return self.execute(Command.SCREENSHOT)["value"]
           ^^^^^^^^^^^^^^^^^^^^^^^^^^^^^^^^
  File "/home/morrty00/Documents/GolfClub/.venv/lib/python3.12/site-packages/selenium/webdriver/remote/webdriver.py", line 468, in execute
    self.error_handler.check_response(response)
  File "/home/morrty00/Documents/GolfClub/.venv/lib/python3.12/site-packages/selenium/webdriver/remote/errorhandler.py", line 232, in check_response
    raise exception_class(message, screen, stacktrace)
selenium.common.exceptions.InvalidSessionIdException: Message: invalid session id; For documentation on this error, please visit: https://www.selenium.dev/documentation/webdriver/troubleshooting/errors#invalidsessionidexception
Stacktrace:
#0 0x60b9a84c379a <unknown>
#1 0x60b9a7ebf020 <unknown>
#2 0x60b9a7f047b0 <unknown>
#3 0x60b9a7f38406 <unknown>
#4 0x60b9a7f32a38 <unknown>
#5 0x60b9a7f31e4c <unknown>
#6 0x60b9a7e855f5 <unknown>
#7 0x60b9a848706b <unknown>
#8 0x60b9a848a01d <unknown>
#9 0x60b9a8473718 <unknown>
#10 0x60b9a848abb0 <unknown>
#11 0x60b9a845a150 <unknown>
#12 0x60b9a7e82e94 <unknown>
#13 0x7088bc82a1ca <unknown>
#14 0x7088bc82a28b __libc_start_main
#15 0x60b9a7e421ea _start

2026-05-19 16:14:44 | WARNING | Failed to book slot 05:54 pm: Failed to click BOOK GROUP at 05:54 pm: Message: invalid session id; For documentation on this error, please visit: https://www.selenium.dev/documentation/webdriver/troubleshooting/errors#invalidsessionidexception
Stacktrace:
#0 0x60b9a84c379a <unknown>
#1 0x60b9a7ebf020 <unknown>
#2 0x60b9a7f047b0 <unknown>
#3 0x60b9a7f38406 <unknown>
#4 0x60b9a7f32a38 <unknown>
#5 0x60b9a7f31e4c <unknown>
#6 0x60b9a7e855f5 <unknown>
#7 0x60b9a848706b <unknown>
#8 0x60b9a848a01d <unknown>
#9 0x60b9a8473718 <unknown>
#10 0x60b9a848abb0 <unknown>
#11 0x60b9a845a150 <unknown>
#12 0x60b9a7e82e94 <unknown>
#13 0x7088bc82a1ca <unknown>
#14 0x7088bc82a28b __libc_start_main
#15 0x60b9a7e421ea _start

2026-05-19 16:14:44 | INFO | [37/41] Attempting to book slot: 06:02 pm (BOOK GROUP)
2026-05-19 16:14:44 | ERROR | Failed to save debug screenshot
Traceback (most recent call last):
  File "/home/morrty00/Documents/GolfClub/main1.py", line 707, in click
    self.scroll_into_view(element)
  File "/home/morrty00/Documents/GolfClub/main1.py", line 727, in scroll_into_view
    self.driver.execute_script("arguments[0].scrollIntoView({block: 'center', inline: 'nearest'});", element)
  File "/home/morrty00/Documents/GolfClub/.venv/lib/python3.12/site-packages/selenium/webdriver/remote/webdriver.py", line 578, in execute_script
    return self.execute(command, {"script": script, "args": converted_args})["value"]
           ^^^^^^^^^^^^^^^^^^^^^^^^^^^^^^^^^^^^^^^^^^^^^^^^^^^^^^^^^^^^^^^^^
  File "/home/morrty00/Documents/GolfClub/.venv/lib/python3.12/site-packages/selenium/webdriver/remote/webdriver.py", line 468, in execute
    self.error_handler.check_response(response)
  File "/home/morrty00/Documents/GolfClub/.venv/lib/python3.12/site-packages/selenium/webdriver/remote/errorhandler.py", line 232, in check_response
    raise exception_class(message, screen, stacktrace)
selenium.common.exceptions.InvalidSessionIdException: Message: invalid session id; For documentation on this error, please visit: https://www.selenium.dev/documentation/webdriver/troubleshooting/errors#invalidsessionidexception
Stacktrace:
#0 0x60b9a84c379a <unknown>
#1 0x60b9a7ebf020 <unknown>
#2 0x60b9a7f047b0 <unknown>
#3 0x60b9a7f38406 <unknown>
#4 0x60b9a7f32a38 <unknown>
#5 0x60b9a7f31e4c <unknown>
#6 0x60b9a7e855f5 <unknown>
#7 0x60b9a848706b <unknown>
#8 0x60b9a848a01d <unknown>
#9 0x60b9a8473718 <unknown>
#10 0x60b9a848abb0 <unknown>
#11 0x60b9a845a150 <unknown>
#12 0x60b9a7e82e94 <unknown>
#13 0x7088bc82a1ca <unknown>
#14 0x7088bc82a28b __libc_start_main
#15 0x60b9a7e421ea _start


During handling of the above exception, another exception occurred:

Traceback (most recent call last):
  File "/home/morrty00/Documents/GolfClub/main1.py", line 712, in click
    self.driver.execute_script("arguments[0].click();", element)
  File "/home/morrty00/Documents/GolfClub/.venv/lib/python3.12/site-packages/selenium/webdriver/remote/webdriver.py", line 578, in execute_script
    return self.execute(command, {"script": script, "args": converted_args})["value"]
           ^^^^^^^^^^^^^^^^^^^^^^^^^^^^^^^^^^^^^^^^^^^^^^^^^^^^^^^^^^^^^^^^^
  File "/home/morrty00/Documents/GolfClub/.venv/lib/python3.12/site-packages/selenium/webdriver/remote/webdriver.py", line 468, in execute
    self.error_handler.check_response(response)
  File "/home/morrty00/Documents/GolfClub/.venv/lib/python3.12/site-packages/selenium/webdriver/remote/errorhandler.py", line 232, in check_response
    raise exception_class(message, screen, stacktrace)
selenium.common.exceptions.InvalidSessionIdException: Message: invalid session id; For documentation on this error, please visit: https://www.selenium.dev/documentation/webdriver/troubleshooting/errors#invalidsessionidexception
Stacktrace:
#0 0x60b9a84c379a <unknown>
#1 0x60b9a7ebf020 <unknown>
#2 0x60b9a7f047b0 <unknown>
#3 0x60b9a7f38406 <unknown>
#4 0x60b9a7f32a38 <unknown>
#5 0x60b9a7f31e4c <unknown>
#6 0x60b9a7e855f5 <unknown>
#7 0x60b9a848706b <unknown>
#8 0x60b9a848a01d <unknown>
#9 0x60b9a8473718 <unknown>
#10 0x60b9a848abb0 <unknown>
#11 0x60b9a845a150 <unknown>
#12 0x60b9a7e82e94 <unknown>
#13 0x7088bc82a1ca <unknown>
#14 0x7088bc82a28b __libc_start_main
#15 0x60b9a7e421ea _start


During handling of the above exception, another exception occurred:

Traceback (most recent call last):
  File "/home/morrty00/Documents/GolfClub/main1.py", line 741, in capture_debug
    self.driver.save_screenshot(str(path))
  File "/home/morrty00/Documents/GolfClub/.venv/lib/python3.12/site-packages/selenium/webdriver/remote/webdriver.py", line 948, in save_screenshot
    return self.get_screenshot_as_file(filename)
           ^^^^^^^^^^^^^^^^^^^^^^^^^^^^^^^^^^^^^
  File "/home/morrty00/Documents/GolfClub/.venv/lib/python3.12/site-packages/selenium/webdriver/remote/webdriver.py", line 925, in get_screenshot_as_file
    png = self.get_screenshot_as_png()
          ^^^^^^^^^^^^^^^^^^^^^^^^^^^^
  File "/home/morrty00/Documents/GolfClub/.venv/lib/python3.12/site-packages/selenium/webdriver/remote/webdriver.py", line 956, in get_screenshot_as_png
    return b64decode(self.get_screenshot_as_base64().encode("ascii"))
                     ^^^^^^^^^^^^^^^^^^^^^^^^^^^^^^^
  File "/home/morrty00/Documents/GolfClub/.venv/lib/python3.12/site-packages/selenium/webdriver/remote/webdriver.py", line 966, in get_screenshot_as_base64
    return self.execute(Command.SCREENSHOT)["value"]
           ^^^^^^^^^^^^^^^^^^^^^^^^^^^^^^^^
  File "/home/morrty00/Documents/GolfClub/.venv/lib/python3.12/site-packages/selenium/webdriver/remote/webdriver.py", line 468, in execute
    self.error_handler.check_response(response)
  File "/home/morrty00/Documents/GolfClub/.venv/lib/python3.12/site-packages/selenium/webdriver/remote/errorhandler.py", line 232, in check_response
    raise exception_class(message, screen, stacktrace)
selenium.common.exceptions.InvalidSessionIdException: Message: invalid session id; For documentation on this error, please visit: https://www.selenium.dev/documentation/webdriver/troubleshooting/errors#invalidsessionidexception
Stacktrace:
#0 0x60b9a84c379a <unknown>
#1 0x60b9a7ebf020 <unknown>
#2 0x60b9a7f047b0 <unknown>
#3 0x60b9a7f38406 <unknown>
#4 0x60b9a7f32a38 <unknown>
#5 0x60b9a7f31e4c <unknown>
#6 0x60b9a7e855f5 <unknown>
#7 0x60b9a848706b <unknown>
#8 0x60b9a848a01d <unknown>
#9 0x60b9a8473718 <unknown>
#10 0x60b9a848abb0 <unknown>
#11 0x60b9a845a150 <unknown>
#12 0x60b9a7e82e94 <unknown>
#13 0x7088bc82a1ca <unknown>
#14 0x7088bc82a28b __libc_start_main
#15 0x60b9a7e421ea _start

2026-05-19 16:14:44 | WARNING | Failed to book slot 06:02 pm: Failed to click BOOK GROUP at 06:02 pm: Message: invalid session id; For documentation on this error, please visit: https://www.selenium.dev/documentation/webdriver/troubleshooting/errors#invalidsessionidexception
Stacktrace:
#0 0x60b9a84c379a <unknown>
#1 0x60b9a7ebf020 <unknown>
#2 0x60b9a7f047b0 <unknown>
#3 0x60b9a7f38406 <unknown>
#4 0x60b9a7f32a38 <unknown>
#5 0x60b9a7f31e4c <unknown>
#6 0x60b9a7e855f5 <unknown>
#7 0x60b9a848706b <unknown>
#8 0x60b9a848a01d <unknown>
#9 0x60b9a8473718 <unknown>
#10 0x60b9a848abb0 <unknown>
#11 0x60b9a845a150 <unknown>
#12 0x60b9a7e82e94 <unknown>
#13 0x7088bc82a1ca <unknown>
#14 0x7088bc82a28b __libc_start_main
#15 0x60b9a7e421ea _start

2026-05-19 16:14:44 | INFO | [38/41] Attempting to book slot: 06:10 pm (BOOK GROUP)
2026-05-19 16:14:44 | ERROR | Failed to save debug screenshot
Traceback (most recent call last):
  File "/home/morrty00/Documents/GolfClub/main1.py", line 707, in click
    self.scroll_into_view(element)
  File "/home/morrty00/Documents/GolfClub/main1.py", line 727, in scroll_into_view
    self.driver.execute_script("arguments[0].scrollIntoView({block: 'center', inline: 'nearest'});", element)
  File "/home/morrty00/Documents/GolfClub/.venv/lib/python3.12/site-packages/selenium/webdriver/remote/webdriver.py", line 578, in execute_script
    return self.execute(command, {"script": script, "args": converted_args})["value"]
           ^^^^^^^^^^^^^^^^^^^^^^^^^^^^^^^^^^^^^^^^^^^^^^^^^^^^^^^^^^^^^^^^^
  File "/home/morrty00/Documents/GolfClub/.venv/lib/python3.12/site-packages/selenium/webdriver/remote/webdriver.py", line 468, in execute
    self.error_handler.check_response(response)
  File "/home/morrty00/Documents/GolfClub/.venv/lib/python3.12/site-packages/selenium/webdriver/remote/errorhandler.py", line 232, in check_response
    raise exception_class(message, screen, stacktrace)
selenium.common.exceptions.InvalidSessionIdException: Message: invalid session id; For documentation on this error, please visit: https://www.selenium.dev/documentation/webdriver/troubleshooting/errors#invalidsessionidexception
Stacktrace:
#0 0x60b9a84c379a <unknown>
#1 0x60b9a7ebf020 <unknown>
#2 0x60b9a7f047b0 <unknown>
#3 0x60b9a7f38406 <unknown>
#4 0x60b9a7f32a38 <unknown>
#5 0x60b9a7f31e4c <unknown>
#6 0x60b9a7e855f5 <unknown>
#7 0x60b9a848706b <unknown>
#8 0x60b9a848a01d <unknown>
#9 0x60b9a8473718 <unknown>
#10 0x60b9a848abb0 <unknown>
#11 0x60b9a845a150 <unknown>
#12 0x60b9a7e82e94 <unknown>
#13 0x7088bc82a1ca <unknown>
#14 0x7088bc82a28b __libc_start_main
#15 0x60b9a7e421ea _start


During handling of the above exception, another exception occurred:

Traceback (most recent call last):
  File "/home/morrty00/Documents/GolfClub/main1.py", line 712, in click
    self.driver.execute_script("arguments[0].click();", element)
  File "/home/morrty00/Documents/GolfClub/.venv/lib/python3.12/site-packages/selenium/webdriver/remote/webdriver.py", line 578, in execute_script
    return self.execute(command, {"script": script, "args": converted_args})["value"]
           ^^^^^^^^^^^^^^^^^^^^^^^^^^^^^^^^^^^^^^^^^^^^^^^^^^^^^^^^^^^^^^^^^
  File "/home/morrty00/Documents/GolfClub/.venv/lib/python3.12/site-packages/selenium/webdriver/remote/webdriver.py", line 468, in execute
    self.error_handler.check_response(response)
  File "/home/morrty00/Documents/GolfClub/.venv/lib/python3.12/site-packages/selenium/webdriver/remote/errorhandler.py", line 232, in check_response
    raise exception_class(message, screen, stacktrace)
selenium.common.exceptions.InvalidSessionIdException: Message: invalid session id; For documentation on this error, please visit: https://www.selenium.dev/documentation/webdriver/troubleshooting/errors#invalidsessionidexception
Stacktrace:
#0 0x60b9a84c379a <unknown>
#1 0x60b9a7ebf020 <unknown>
#2 0x60b9a7f047b0 <unknown>
#3 0x60b9a7f38406 <unknown>
#4 0x60b9a7f32a38 <unknown>
#5 0x60b9a7f31e4c <unknown>
#6 0x60b9a7e855f5 <unknown>
#7 0x60b9a848706b <unknown>
#8 0x60b9a848a01d <unknown>
#9 0x60b9a8473718 <unknown>
#10 0x60b9a848abb0 <unknown>
#11 0x60b9a845a150 <unknown>
#12 0x60b9a7e82e94 <unknown>
#13 0x7088bc82a1ca <unknown>
#14 0x7088bc82a28b __libc_start_main
#15 0x60b9a7e421ea _start


During handling of the above exception, another exception occurred:

Traceback (most recent call last):
  File "/home/morrty00/Documents/GolfClub/main1.py", line 741, in capture_debug
    self.driver.save_screenshot(str(path))
  File "/home/morrty00/Documents/GolfClub/.venv/lib/python3.12/site-packages/selenium/webdriver/remote/webdriver.py", line 948, in save_screenshot
    return self.get_screenshot_as_file(filename)
           ^^^^^^^^^^^^^^^^^^^^^^^^^^^^^^^^^^^^^
  File "/home/morrty00/Documents/GolfClub/.venv/lib/python3.12/site-packages/selenium/webdriver/remote/webdriver.py", line 925, in get_screenshot_as_file
    png = self.get_screenshot_as_png()
          ^^^^^^^^^^^^^^^^^^^^^^^^^^^^
  File "/home/morrty00/Documents/GolfClub/.venv/lib/python3.12/site-packages/selenium/webdriver/remote/webdriver.py", line 956, in get_screenshot_as_png
    return b64decode(self.get_screenshot_as_base64().encode("ascii"))
                     ^^^^^^^^^^^^^^^^^^^^^^^^^^^^^^^
  File "/home/morrty00/Documents/GolfClub/.venv/lib/python3.12/site-packages/selenium/webdriver/remote/webdriver.py", line 966, in get_screenshot_as_base64
    return self.execute(Command.SCREENSHOT)["value"]
           ^^^^^^^^^^^^^^^^^^^^^^^^^^^^^^^^
  File "/home/morrty00/Documents/GolfClub/.venv/lib/python3.12/site-packages/selenium/webdriver/remote/webdriver.py", line 468, in execute
    self.error_handler.check_response(response)
  File "/home/morrty00/Documents/GolfClub/.venv/lib/python3.12/site-packages/selenium/webdriver/remote/errorhandler.py", line 232, in check_response
    raise exception_class(message, screen, stacktrace)
selenium.common.exceptions.InvalidSessionIdException: Message: invalid session id; For documentation on this error, please visit: https://www.selenium.dev/documentation/webdriver/troubleshooting/errors#invalidsessionidexception
Stacktrace:
#0 0x60b9a84c379a <unknown>
#1 0x60b9a7ebf020 <unknown>
#2 0x60b9a7f047b0 <unknown>
#3 0x60b9a7f38406 <unknown>
#4 0x60b9a7f32a38 <unknown>
#5 0x60b9a7f31e4c <unknown>
#6 0x60b9a7e855f5 <unknown>
#7 0x60b9a848706b <unknown>
#8 0x60b9a848a01d <unknown>
#9 0x60b9a8473718 <unknown>
#10 0x60b9a848abb0 <unknown>
#11 0x60b9a845a150 <unknown>
#12 0x60b9a7e82e94 <unknown>
#13 0x7088bc82a1ca <unknown>
#14 0x7088bc82a28b __libc_start_main
#15 0x60b9a7e421ea _start

2026-05-19 16:14:44 | WARNING | Failed to book slot 06:10 pm: Failed to click BOOK GROUP at 06:10 pm: Message: invalid session id; For documentation on this error, please visit: https://www.selenium.dev/documentation/webdriver/troubleshooting/errors#invalidsessionidexception
Stacktrace:
#0 0x60b9a84c379a <unknown>
#1 0x60b9a7ebf020 <unknown>
#2 0x60b9a7f047b0 <unknown>
#3 0x60b9a7f38406 <unknown>
#4 0x60b9a7f32a38 <unknown>
#5 0x60b9a7f31e4c <unknown>
#6 0x60b9a7e855f5 <unknown>
#7 0x60b9a848706b <unknown>
#8 0x60b9a848a01d <unknown>
#9 0x60b9a8473718 <unknown>
#10 0x60b9a848abb0 <unknown>
#11 0x60b9a845a150 <unknown>
#12 0x60b9a7e82e94 <unknown>
#13 0x7088bc82a1ca <unknown>
#14 0x7088bc82a28b __libc_start_main
#15 0x60b9a7e421ea _start

2026-05-19 16:14:44 | INFO | [39/41] Attempting to book slot: 06:18 pm (BOOK GROUP)
2026-05-19 16:14:44 | ERROR | Failed to save debug screenshot
Traceback (most recent call last):
  File "/home/morrty00/Documents/GolfClub/main1.py", line 707, in click
    self.scroll_into_view(element)
  File "/home/morrty00/Documents/GolfClub/main1.py", line 727, in scroll_into_view
    self.driver.execute_script("arguments[0].scrollIntoView({block: 'center', inline: 'nearest'});", element)
  File "/home/morrty00/Documents/GolfClub/.venv/lib/python3.12/site-packages/selenium/webdriver/remote/webdriver.py", line 578, in execute_script
    return self.execute(command, {"script": script, "args": converted_args})["value"]
           ^^^^^^^^^^^^^^^^^^^^^^^^^^^^^^^^^^^^^^^^^^^^^^^^^^^^^^^^^^^^^^^^^
  File "/home/morrty00/Documents/GolfClub/.venv/lib/python3.12/site-packages/selenium/webdriver/remote/webdriver.py", line 468, in execute
    self.error_handler.check_response(response)
  File "/home/morrty00/Documents/GolfClub/.venv/lib/python3.12/site-packages/selenium/webdriver/remote/errorhandler.py", line 232, in check_response
    raise exception_class(message, screen, stacktrace)
selenium.common.exceptions.InvalidSessionIdException: Message: invalid session id; For documentation on this error, please visit: https://www.selenium.dev/documentation/webdriver/troubleshooting/errors#invalidsessionidexception
Stacktrace:
#0 0x60b9a84c379a <unknown>
#1 0x60b9a7ebf020 <unknown>
#2 0x60b9a7f047b0 <unknown>
#3 0x60b9a7f38406 <unknown>
#4 0x60b9a7f32a38 <unknown>
#5 0x60b9a7f31e4c <unknown>
#6 0x60b9a7e855f5 <unknown>
#7 0x60b9a848706b <unknown>
#8 0x60b9a848a01d <unknown>
#9 0x60b9a8473718 <unknown>
#10 0x60b9a848abb0 <unknown>
#11 0x60b9a845a150 <unknown>
#12 0x60b9a7e82e94 <unknown>
#13 0x7088bc82a1ca <unknown>
#14 0x7088bc82a28b __libc_start_main
#15 0x60b9a7e421ea _start


During handling of the above exception, another exception occurred:

Traceback (most recent call last):
  File "/home/morrty00/Documents/GolfClub/main1.py", line 712, in click
    self.driver.execute_script("arguments[0].click();", element)
  File "/home/morrty00/Documents/GolfClub/.venv/lib/python3.12/site-packages/selenium/webdriver/remote/webdriver.py", line 578, in execute_script
    return self.execute(command, {"script": script, "args": converted_args})["value"]
           ^^^^^^^^^^^^^^^^^^^^^^^^^^^^^^^^^^^^^^^^^^^^^^^^^^^^^^^^^^^^^^^^^
  File "/home/morrty00/Documents/GolfClub/.venv/lib/python3.12/site-packages/selenium/webdriver/remote/webdriver.py", line 468, in execute
    self.error_handler.check_response(response)
  File "/home/morrty00/Documents/GolfClub/.venv/lib/python3.12/site-packages/selenium/webdriver/remote/errorhandler.py", line 232, in check_response
    raise exception_class(message, screen, stacktrace)
selenium.common.exceptions.InvalidSessionIdException: Message: invalid session id; For documentation on this error, please visit: https://www.selenium.dev/documentation/webdriver/troubleshooting/errors#invalidsessionidexception
Stacktrace:
#0 0x60b9a84c379a <unknown>
#1 0x60b9a7ebf020 <unknown>
#2 0x60b9a7f047b0 <unknown>
#3 0x60b9a7f38406 <unknown>
#4 0x60b9a7f32a38 <unknown>
#5 0x60b9a7f31e4c <unknown>
#6 0x60b9a7e855f5 <unknown>
#7 0x60b9a848706b <unknown>
#8 0x60b9a848a01d <unknown>
#9 0x60b9a8473718 <unknown>
#10 0x60b9a848abb0 <unknown>
#11 0x60b9a845a150 <unknown>
#12 0x60b9a7e82e94 <unknown>
#13 0x7088bc82a1ca <unknown>
#14 0x7088bc82a28b __libc_start_main
#15 0x60b9a7e421ea _start


During handling of the above exception, another exception occurred:

Traceback (most recent call last):
  File "/home/morrty00/Documents/GolfClub/main1.py", line 741, in capture_debug
    self.driver.save_screenshot(str(path))
  File "/home/morrty00/Documents/GolfClub/.venv/lib/python3.12/site-packages/selenium/webdriver/remote/webdriver.py", line 948, in save_screenshot
    return self.get_screenshot_as_file(filename)
           ^^^^^^^^^^^^^^^^^^^^^^^^^^^^^^^^^^^^^
  File "/home/morrty00/Documents/GolfClub/.venv/lib/python3.12/site-packages/selenium/webdriver/remote/webdriver.py", line 925, in get_screenshot_as_file
    png = self.get_screenshot_as_png()
          ^^^^^^^^^^^^^^^^^^^^^^^^^^^^
  File "/home/morrty00/Documents/GolfClub/.venv/lib/python3.12/site-packages/selenium/webdriver/remote/webdriver.py", line 956, in get_screenshot_as_png
    return b64decode(self.get_screenshot_as_base64().encode("ascii"))
                     ^^^^^^^^^^^^^^^^^^^^^^^^^^^^^^^
  File "/home/morrty00/Documents/GolfClub/.venv/lib/python3.12/site-packages/selenium/webdriver/remote/webdriver.py", line 966, in get_screenshot_as_base64
    return self.execute(Command.SCREENSHOT)["value"]
           ^^^^^^^^^^^^^^^^^^^^^^^^^^^^^^^^
  File "/home/morrty00/Documents/GolfClub/.venv/lib/python3.12/site-packages/selenium/webdriver/remote/webdriver.py", line 468, in execute
    self.error_handler.check_response(response)
  File "/home/morrty00/Documents/GolfClub/.venv/lib/python3.12/site-packages/selenium/webdriver/remote/errorhandler.py", line 232, in check_response
    raise exception_class(message, screen, stacktrace)
selenium.common.exceptions.InvalidSessionIdException: Message: invalid session id; For documentation on this error, please visit: https://www.selenium.dev/documentation/webdriver/troubleshooting/errors#invalidsessionidexception
Stacktrace:
#0 0x60b9a84c379a <unknown>
#1 0x60b9a7ebf020 <unknown>
#2 0x60b9a7f047b0 <unknown>
#3 0x60b9a7f38406 <unknown>
#4 0x60b9a7f32a38 <unknown>
#5 0x60b9a7f31e4c <unknown>
#6 0x60b9a7e855f5 <unknown>
#7 0x60b9a848706b <unknown>
#8 0x60b9a848a01d <unknown>
#9 0x60b9a8473718 <unknown>
#10 0x60b9a848abb0 <unknown>
#11 0x60b9a845a150 <unknown>
#12 0x60b9a7e82e94 <unknown>
#13 0x7088bc82a1ca <unknown>
#14 0x7088bc82a28b __libc_start_main
#15 0x60b9a7e421ea _start

2026-05-19 16:14:44 | WARNING | Failed to book slot 06:18 pm: Failed to click BOOK GROUP at 06:18 pm: Message: invalid session id; For documentation on this error, please visit: https://www.selenium.dev/documentation/webdriver/troubleshooting/errors#invalidsessionidexception
Stacktrace:
#0 0x60b9a84c379a <unknown>
#1 0x60b9a7ebf020 <unknown>
#2 0x60b9a7f047b0 <unknown>
#3 0x60b9a7f38406 <unknown>
#4 0x60b9a7f32a38 <unknown>
#5 0x60b9a7f31e4c <unknown>
#6 0x60b9a7e855f5 <unknown>
#7 0x60b9a848706b <unknown>
#8 0x60b9a848a01d <unknown>
#9 0x60b9a8473718 <unknown>
#10 0x60b9a848abb0 <unknown>
#11 0x60b9a845a150 <unknown>
#12 0x60b9a7e82e94 <unknown>
#13 0x7088bc82a1ca <unknown>
#14 0x7088bc82a28b __libc_start_main
#15 0x60b9a7e421ea _start

2026-05-19 16:14:44 | INFO | [40/41] Attempting to book slot: 06:26 pm (BOOK GROUP)
2026-05-19 16:14:44 | ERROR | Failed to save debug screenshot
Traceback (most recent call last):
  File "/home/morrty00/Documents/GolfClub/main1.py", line 707, in click
    self.scroll_into_view(element)
  File "/home/morrty00/Documents/GolfClub/main1.py", line 727, in scroll_into_view
    self.driver.execute_script("arguments[0].scrollIntoView({block: 'center', inline: 'nearest'});", element)
  File "/home/morrty00/Documents/GolfClub/.venv/lib/python3.12/site-packages/selenium/webdriver/remote/webdriver.py", line 578, in execute_script
    return self.execute(command, {"script": script, "args": converted_args})["value"]
           ^^^^^^^^^^^^^^^^^^^^^^^^^^^^^^^^^^^^^^^^^^^^^^^^^^^^^^^^^^^^^^^^^
  File "/home/morrty00/Documents/GolfClub/.venv/lib/python3.12/site-packages/selenium/webdriver/remote/webdriver.py", line 468, in execute
    self.error_handler.check_response(response)
  File "/home/morrty00/Documents/GolfClub/.venv/lib/python3.12/site-packages/selenium/webdriver/remote/errorhandler.py", line 232, in check_response
    raise exception_class(message, screen, stacktrace)
selenium.common.exceptions.InvalidSessionIdException: Message: invalid session id; For documentation on this error, please visit: https://www.selenium.dev/documentation/webdriver/troubleshooting/errors#invalidsessionidexception
Stacktrace:
#0 0x60b9a84c379a <unknown>
#1 0x60b9a7ebf020 <unknown>
#2 0x60b9a7f047b0 <unknown>
#3 0x60b9a7f38406 <unknown>
#4 0x60b9a7f32a38 <unknown>
#5 0x60b9a7f31e4c <unknown>
#6 0x60b9a7e855f5 <unknown>
#7 0x60b9a848706b <unknown>
#8 0x60b9a848a01d <unknown>
#9 0x60b9a8473718 <unknown>
#10 0x60b9a848abb0 <unknown>
#11 0x60b9a845a150 <unknown>
#12 0x60b9a7e82e94 <unknown>
#13 0x7088bc82a1ca <unknown>
#14 0x7088bc82a28b __libc_start_main
#15 0x60b9a7e421ea _start


During handling of the above exception, another exception occurred:

Traceback (most recent call last):
  File "/home/morrty00/Documents/GolfClub/main1.py", line 712, in click
    self.driver.execute_script("arguments[0].click();", element)
  File "/home/morrty00/Documents/GolfClub/.venv/lib/python3.12/site-packages/selenium/webdriver/remote/webdriver.py", line 578, in execute_script
    return self.execute(command, {"script": script, "args": converted_args})["value"]
           ^^^^^^^^^^^^^^^^^^^^^^^^^^^^^^^^^^^^^^^^^^^^^^^^^^^^^^^^^^^^^^^^^
  File "/home/morrty00/Documents/GolfClub/.venv/lib/python3.12/site-packages/selenium/webdriver/remote/webdriver.py", line 468, in execute
    self.error_handler.check_response(response)
  File "/home/morrty00/Documents/GolfClub/.venv/lib/python3.12/site-packages/selenium/webdriver/remote/errorhandler.py", line 232, in check_response
    raise exception_class(message, screen, stacktrace)
selenium.common.exceptions.InvalidSessionIdException: Message: invalid session id; For documentation on this error, please visit: https://www.selenium.dev/documentation/webdriver/troubleshooting/errors#invalidsessionidexception
Stacktrace:
#0 0x60b9a84c379a <unknown>
#1 0x60b9a7ebf020 <unknown>
#2 0x60b9a7f047b0 <unknown>
#3 0x60b9a7f38406 <unknown>
#4 0x60b9a7f32a38 <unknown>
#5 0x60b9a7f31e4c <unknown>
#6 0x60b9a7e855f5 <unknown>
#7 0x60b9a848706b <unknown>
#8 0x60b9a848a01d <unknown>
#9 0x60b9a8473718 <unknown>
#10 0x60b9a848abb0 <unknown>
#11 0x60b9a845a150 <unknown>
#12 0x60b9a7e82e94 <unknown>
#13 0x7088bc82a1ca <unknown>
#14 0x7088bc82a28b __libc_start_main
#15 0x60b9a7e421ea _start


During handling of the above exception, another exception occurred:

Traceback (most recent call last):
  File "/home/morrty00/Documents/GolfClub/main1.py", line 741, in capture_debug
    self.driver.save_screenshot(str(path))
  File "/home/morrty00/Documents/GolfClub/.venv/lib/python3.12/site-packages/selenium/webdriver/remote/webdriver.py", line 948, in save_screenshot
    return self.get_screenshot_as_file(filename)
           ^^^^^^^^^^^^^^^^^^^^^^^^^^^^^^^^^^^^^
  File "/home/morrty00/Documents/GolfClub/.venv/lib/python3.12/site-packages/selenium/webdriver/remote/webdriver.py", line 925, in get_screenshot_as_file
    png = self.get_screenshot_as_png()
          ^^^^^^^^^^^^^^^^^^^^^^^^^^^^
  File "/home/morrty00/Documents/GolfClub/.venv/lib/python3.12/site-packages/selenium/webdriver/remote/webdriver.py", line 956, in get_screenshot_as_png
    return b64decode(self.get_screenshot_as_base64().encode("ascii"))
                     ^^^^^^^^^^^^^^^^^^^^^^^^^^^^^^^
  File "/home/morrty00/Documents/GolfClub/.venv/lib/python3.12/site-packages/selenium/webdriver/remote/webdriver.py", line 966, in get_screenshot_as_base64
    return self.execute(Command.SCREENSHOT)["value"]
           ^^^^^^^^^^^^^^^^^^^^^^^^^^^^^^^^
  File "/home/morrty00/Documents/GolfClub/.venv/lib/python3.12/site-packages/selenium/webdriver/remote/webdriver.py", line 468, in execute
    self.error_handler.check_response(response)
  File "/home/morrty00/Documents/GolfClub/.venv/lib/python3.12/site-packages/selenium/webdriver/remote/errorhandler.py", line 232, in check_response
    raise exception_class(message, screen, stacktrace)
selenium.common.exceptions.InvalidSessionIdException: Message: invalid session id; For documentation on this error, please visit: https://www.selenium.dev/documentation/webdriver/troubleshooting/errors#invalidsessionidexception
Stacktrace:
#0 0x60b9a84c379a <unknown>
#1 0x60b9a7ebf020 <unknown>
#2 0x60b9a7f047b0 <unknown>
#3 0x60b9a7f38406 <unknown>
#4 0x60b9a7f32a38 <unknown>
#5 0x60b9a7f31e4c <unknown>
#6 0x60b9a7e855f5 <unknown>
#7 0x60b9a848706b <unknown>
#8 0x60b9a848a01d <unknown>
#9 0x60b9a8473718 <unknown>
#10 0x60b9a848abb0 <unknown>
#11 0x60b9a845a150 <unknown>
#12 0x60b9a7e82e94 <unknown>
#13 0x7088bc82a1ca <unknown>
#14 0x7088bc82a28b __libc_start_main
#15 0x60b9a7e421ea _start

2026-05-19 16:14:44 | WARNING | Failed to book slot 06:26 pm: Failed to click BOOK GROUP at 06:26 pm: Message: invalid session id; For documentation on this error, please visit: https://www.selenium.dev/documentation/webdriver/troubleshooting/errors#invalidsessionidexception
Stacktrace:
#0 0x60b9a84c379a <unknown>
#1 0x60b9a7ebf020 <unknown>
#2 0x60b9a7f047b0 <unknown>
#3 0x60b9a7f38406 <unknown>
#4 0x60b9a7f32a38 <unknown>
#5 0x60b9a7f31e4c <unknown>
#6 0x60b9a7e855f5 <unknown>
#7 0x60b9a848706b <unknown>
#8 0x60b9a848a01d <unknown>
#9 0x60b9a8473718 <unknown>
#10 0x60b9a848abb0 <unknown>
#11 0x60b9a845a150 <unknown>
#12 0x60b9a7e82e94 <unknown>
#13 0x7088bc82a1ca <unknown>
#14 0x7088bc82a28b __libc_start_main
#15 0x60b9a7e421ea _start

2026-05-19 16:14:44 | INFO | [41/41] Attempting to book slot: UNKNOWN (BOOK GROUP)
2026-05-19 16:14:44 | ERROR | Failed to save debug screenshot
Traceback (most recent call last):
  File "/home/morrty00/Documents/GolfClub/main1.py", line 707, in click
    self.scroll_into_view(element)
  File "/home/morrty00/Documents/GolfClub/main1.py", line 727, in scroll_into_view
    self.driver.execute_script("arguments[0].scrollIntoView({block: 'center', inline: 'nearest'});", element)
  File "/home/morrty00/Documents/GolfClub/.venv/lib/python3.12/site-packages/selenium/webdriver/remote/webdriver.py", line 578, in execute_script
    return self.execute(command, {"script": script, "args": converted_args})["value"]
           ^^^^^^^^^^^^^^^^^^^^^^^^^^^^^^^^^^^^^^^^^^^^^^^^^^^^^^^^^^^^^^^^^
  File "/home/morrty00/Documents/GolfClub/.venv/lib/python3.12/site-packages/selenium/webdriver/remote/webdriver.py", line 468, in execute
    self.error_handler.check_response(response)
  File "/home/morrty00/Documents/GolfClub/.venv/lib/python3.12/site-packages/selenium/webdriver/remote/errorhandler.py", line 232, in check_response
    raise exception_class(message, screen, stacktrace)
selenium.common.exceptions.InvalidSessionIdException: Message: invalid session id; For documentation on this error, please visit: https://www.selenium.dev/documentation/webdriver/troubleshooting/errors#invalidsessionidexception
Stacktrace:
#0 0x60b9a84c379a <unknown>
#1 0x60b9a7ebf020 <unknown>
#2 0x60b9a7f047b0 <unknown>
#3 0x60b9a7f38406 <unknown>
#4 0x60b9a7f32a38 <unknown>
#5 0x60b9a7f31e4c <unknown>
#6 0x60b9a7e855f5 <unknown>
#7 0x60b9a848706b <unknown>
#8 0x60b9a848a01d <unknown>
#9 0x60b9a8473718 <unknown>
#10 0x60b9a848abb0 <unknown>
#11 0x60b9a845a150 <unknown>
#12 0x60b9a7e82e94 <unknown>
#13 0x7088bc82a1ca <unknown>
#14 0x7088bc82a28b __libc_start_main
#15 0x60b9a7e421ea _start


During handling of the above exception, another exception occurred:

Traceback (most recent call last):
  File "/home/morrty00/Documents/GolfClub/main1.py", line 712, in click
    self.driver.execute_script("arguments[0].click();", element)
  File "/home/morrty00/Documents/GolfClub/.venv/lib/python3.12/site-packages/selenium/webdriver/remote/webdriver.py", line 578, in execute_script
    return self.execute(command, {"script": script, "args": converted_args})["value"]
           ^^^^^^^^^^^^^^^^^^^^^^^^^^^^^^^^^^^^^^^^^^^^^^^^^^^^^^^^^^^^^^^^^
  File "/home/morrty00/Documents/GolfClub/.venv/lib/python3.12/site-packages/selenium/webdriver/remote/webdriver.py", line 468, in execute
    self.error_handler.check_response(response)
  File "/home/morrty00/Documents/GolfClub/.venv/lib/python3.12/site-packages/selenium/webdriver/remote/errorhandler.py", line 232, in check_response
    raise exception_class(message, screen, stacktrace)
selenium.common.exceptions.InvalidSessionIdException: Message: invalid session id; For documentation on this error, please visit: https://www.selenium.dev/documentation/webdriver/troubleshooting/errors#invalidsessionidexception
Stacktrace:
#0 0x60b9a84c379a <unknown>
#1 0x60b9a7ebf020 <unknown>
#2 0x60b9a7f047b0 <unknown>
#3 0x60b9a7f38406 <unknown>
#4 0x60b9a7f32a38 <unknown>
#5 0x60b9a7f31e4c <unknown>
#6 0x60b9a7e855f5 <unknown>
#7 0x60b9a848706b <unknown>
#8 0x60b9a848a01d <unknown>
#9 0x60b9a8473718 <unknown>
#10 0x60b9a848abb0 <unknown>
#11 0x60b9a845a150 <unknown>
#12 0x60b9a7e82e94 <unknown>
#13 0x7088bc82a1ca <unknown>
#14 0x7088bc82a28b __libc_start_main
#15 0x60b9a7e421ea _start


During handling of the above exception, another exception occurred:

Traceback (most recent call last):
  File "/home/morrty00/Documents/GolfClub/main1.py", line 741, in capture_debug
    self.driver.save_screenshot(str(path))
  File "/home/morrty00/Documents/GolfClub/.venv/lib/python3.12/site-packages/selenium/webdriver/remote/webdriver.py", line 948, in save_screenshot
    return self.get_screenshot_as_file(filename)
           ^^^^^^^^^^^^^^^^^^^^^^^^^^^^^^^^^^^^^
  File "/home/morrty00/Documents/GolfClub/.venv/lib/python3.12/site-packages/selenium/webdriver/remote/webdriver.py", line 925, in get_screenshot_as_file
    png = self.get_screenshot_as_png()
          ^^^^^^^^^^^^^^^^^^^^^^^^^^^^
  File "/home/morrty00/Documents/GolfClub/.venv/lib/python3.12/site-packages/selenium/webdriver/remote/webdriver.py", line 956, in get_screenshot_as_png
    return b64decode(self.get_screenshot_as_base64().encode("ascii"))
                     ^^^^^^^^^^^^^^^^^^^^^^^^^^^^^^^
  File "/home/morrty00/Documents/GolfClub/.venv/lib/python3.12/site-packages/selenium/webdriver/remote/webdriver.py", line 966, in get_screenshot_as_base64
    return self.execute(Command.SCREENSHOT)["value"]
           ^^^^^^^^^^^^^^^^^^^^^^^^^^^^^^^^
  File "/home/morrty00/Documents/GolfClub/.venv/lib/python3.12/site-packages/selenium/webdriver/remote/webdriver.py", line 468, in execute
    self.error_handler.check_response(response)
  File "/home/morrty00/Documents/GolfClub/.venv/lib/python3.12/site-packages/selenium/webdriver/remote/errorhandler.py", line 232, in check_response
    raise exception_class(message, screen, stacktrace)
selenium.common.exceptions.InvalidSessionIdException: Message: invalid session id; For documentation on this error, please visit: https://www.selenium.dev/documentation/webdriver/troubleshooting/errors#invalidsessionidexception
Stacktrace:
#0 0x60b9a84c379a <unknown>
#1 0x60b9a7ebf020 <unknown>
#2 0x60b9a7f047b0 <unknown>
#3 0x60b9a7f38406 <unknown>
#4 0x60b9a7f32a38 <unknown>
#5 0x60b9a7f31e4c <unknown>
#6 0x60b9a7e855f5 <unknown>
#7 0x60b9a848706b <unknown>
#8 0x60b9a848a01d <unknown>
#9 0x60b9a8473718 <unknown>
#10 0x60b9a848abb0 <unknown>
#11 0x60b9a845a150 <unknown>
#12 0x60b9a7e82e94 <unknown>
#13 0x7088bc82a1ca <unknown>
#14 0x7088bc82a28b __libc_start_main
#15 0x60b9a7e421ea _start

2026-05-19 16:14:44 | WARNING | Failed to book slot UNKNOWN: Failed to click BOOK GROUP at UNKNOWN: Message: invalid session id; For documentation on this error, please visit: https://www.selenium.dev/documentation/webdriver/troubleshooting/errors#invalidsessionidexception
Stacktrace:
#0 0x60b9a84c379a <unknown>
#1 0x60b9a7ebf020 <unknown>
#2 0x60b9a7f047b0 <unknown>
#3 0x60b9a7f38406 <unknown>
#4 0x60b9a7f32a38 <unknown>
#5 0x60b9a7f31e4c <unknown>
#6 0x60b9a7e855f5 <unknown>
#7 0x60b9a848706b <unknown>
#8 0x60b9a848a01d <unknown>
#9 0x60b9a8473718 <unknown>
#10 0x60b9a848abb0 <unknown>
#11 0x60b9a845a150 <unknown>
#12 0x60b9a7e82e94 <unknown>
#13 0x7088bc82a1ca <unknown>
#14 0x7088bc82a28b __libc_start_main
#15 0x60b9a7e421ea _start

2026-05-19 16:14:44 | INFO | No available slots in event 4
2026-05-19 16:14:44 | INFO | STATE => RETURN_TO_EVENT_LIST
2026-05-19 16:14:44 | INFO | Returning to event list URL: https://northern.miclub.com.au/views/members/booking/eventList.xhtml
2026-05-19 16:14:44 | ERROR | Failed to save debug screenshot
Traceback (most recent call last):
  File "/home/morrty00/Documents/GolfClub/main1.py", line 319, in run
    self.transition(State.RETURN_TO_EVENT_LIST, self.return_to_event_list)
  File "/home/morrty00/Documents/GolfClub/main1.py", line 344, in transition
    return action()
           ^^^^^^^^
  File "/home/morrty00/Documents/GolfClub/main1.py", line 515, in return_to_event_list
    self.driver.get(self.ctx.bookings_url)
  File "/home/morrty00/Documents/GolfClub/.venv/lib/python3.12/site-packages/selenium/webdriver/remote/webdriver.py", line 488, in get
    self.execute(Command.GET, {"url": url})
  File "/home/morrty00/Documents/GolfClub/.venv/lib/python3.12/site-packages/selenium/webdriver/remote/webdriver.py", line 468, in execute
    self.error_handler.check_response(response)
  File "/home/morrty00/Documents/GolfClub/.venv/lib/python3.12/site-packages/selenium/webdriver/remote/errorhandler.py", line 232, in check_response
    raise exception_class(message, screen, stacktrace)
selenium.common.exceptions.InvalidSessionIdException: Message: invalid session id; For documentation on this error, please visit: https://www.selenium.dev/documentation/webdriver/troubleshooting/errors#invalidsessionidexception
Stacktrace:
#0 0x60b9a84c379a <unknown>
#1 0x60b9a7ebf020 <unknown>
#2 0x60b9a7f047b0 <unknown>
#3 0x60b9a7f38406 <unknown>
#4 0x60b9a7f32a38 <unknown>
#5 0x60b9a7f31e4c <unknown>
#6 0x60b9a7e855f5 <unknown>
#7 0x60b9a848706b <unknown>
#8 0x60b9a848a01d <unknown>
#9 0x60b9a8473718 <unknown>
#10 0x60b9a848abb0 <unknown>
#11 0x60b9a845a150 <unknown>
#12 0x60b9a7e82e94 <unknown>
#13 0x7088bc82a1ca <unknown>
#14 0x7088bc82a28b __libc_start_main
#15 0x60b9a7e421ea _start


During handling of the above exception, another exception occurred:

Traceback (most recent call last):
  File "/home/morrty00/Documents/GolfClub/main1.py", line 741, in capture_debug
    self.driver.save_screenshot(str(path))
  File "/home/morrty00/Documents/GolfClub/.venv/lib/python3.12/site-packages/selenium/webdriver/remote/webdriver.py", line 948, in save_screenshot
    return self.get_screenshot_as_file(filename)
           ^^^^^^^^^^^^^^^^^^^^^^^^^^^^^^^^^^^^^
  File "/home/morrty00/Documents/GolfClub/.venv/lib/python3.12/site-packages/selenium/webdriver/remote/webdriver.py", line 925, in get_screenshot_as_file
    png = self.get_screenshot_as_png()
          ^^^^^^^^^^^^^^^^^^^^^^^^^^^^
  File "/home/morrty00/Documents/GolfClub/.venv/lib/python3.12/site-packages/selenium/webdriver/remote/webdriver.py", line 956, in get_screenshot_as_png
    return b64decode(self.get_screenshot_as_base64().encode("ascii"))
                     ^^^^^^^^^^^^^^^^^^^^^^^^^^^^^^^
  File "/home/morrty00/Documents/GolfClub/.venv/lib/python3.12/site-packages/selenium/webdriver/remote/webdriver.py", line 966, in get_screenshot_as_base64
    return self.execute(Command.SCREENSHOT)["value"]
           ^^^^^^^^^^^^^^^^^^^^^^^^^^^^^^^^
  File "/home/morrty00/Documents/GolfClub/.venv/lib/python3.12/site-packages/selenium/webdriver/remote/webdriver.py", line 468, in execute
    self.error_handler.check_response(response)
  File "/home/morrty00/Documents/GolfClub/.venv/lib/python3.12/site-packages/selenium/webdriver/remote/errorhandler.py", line 232, in check_response
    raise exception_class(message, screen, stacktrace)
selenium.common.exceptions.InvalidSessionIdException: Message: invalid session id; For documentation on this error, please visit: https://www.selenium.dev/documentation/webdriver/troubleshooting/errors#invalidsessionidexception
Stacktrace:
#0 0x60b9a84c379a <unknown>
#1 0x60b9a7ebf020 <unknown>
#2 0x60b9a7f047b0 <unknown>
#3 0x60b9a7f38406 <unknown>
#4 0x60b9a7f32a38 <unknown>
#5 0x60b9a7f31e4c <unknown>
#6 0x60b9a7e855f5 <unknown>
#7 0x60b9a848706b <unknown>
#8 0x60b9a848a01d <unknown>
#9 0x60b9a8473718 <unknown>
#10 0x60b9a848abb0 <unknown>
#11 0x60b9a845a150 <unknown>
#12 0x60b9a7e82e94 <unknown>
#13 0x7088bc82a1ca <unknown>
#14 0x7088bc82a28b __libc_start_main
#15 0x60b9a7e421ea _start

2026-05-19 16:14:44 | ERROR | Fatal error
Traceback (most recent call last):
  File "/home/morrty00/Documents/GolfClub/main1.py", line 319, in run
    self.transition(State.RETURN_TO_EVENT_LIST, self.return_to_event_list)
  File "/home/morrty00/Documents/GolfClub/main1.py", line 344, in transition
    return action()
           ^^^^^^^^
  File "/home/morrty00/Documents/GolfClub/main1.py", line 515, in return_to_event_list
    self.driver.get(self.ctx.bookings_url)
  File "/home/morrty00/Documents/GolfClub/.venv/lib/python3.12/site-packages/selenium/webdriver/remote/webdriver.py", line 488, in get
    self.execute(Command.GET, {"url": url})
  File "/home/morrty00/Documents/GolfClub/.venv/lib/python3.12/site-packages/selenium/webdriver/remote/webdriver.py", line 468, in execute
    self.error_handler.check_response(response)
  File "/home/morrty00/Documents/GolfClub/.venv/lib/python3.12/site-packages/selenium/webdriver/remote/errorhandler.py", line 232, in check_response
    raise exception_class(message, screen, stacktrace)
selenium.common.exceptions.InvalidSessionIdException: Message: invalid session id; For documentation on this error, please visit: https://www.selenium.dev/documentation/webdriver/troubleshooting/errors#invalidsessionidexception
Stacktrace:
#0 0x60b9a84c379a <unknown>
#1 0x60b9a7ebf020 <unknown>
#2 0x60b9a7f047b0 <unknown>
#3 0x60b9a7f38406 <unknown>
#4 0x60b9a7f32a38 <unknown>
#5 0x60b9a7f31e4c <unknown>
#6 0x60b9a7e855f5 <unknown>
#7 0x60b9a848706b <unknown>
#8 0x60b9a848a01d <unknown>
#9 0x60b9a8473718 <unknown>
#10 0x60b9a848abb0 <unknown>
#11 0x60b9a845a150 <unknown>
#12 0x60b9a7e82e94 <unknown>
#13 0x7088bc82a1ca <unknown>
#14 0x7088bc82a28b __libc_start_main
#15 0x60b9a7e421ea _start

2026-05-19 16:14:44 | ERROR | BOOKING FAILED | error=Unhandled error: Message: invalid session id; For documentation on this error, please visit: https://www.selenium.dev/documentation/webdriver/troubleshooting/errors#invalidsessionidexception
Stacktrace:
#0 0x60b9a84c379a <unknown>
#1 0x60b9a7ebf020 <unknown>
#2 0x60b9a7f047b0 <unknown>
#3 0x60b9a7f38406 <unknown>
#4 0x60b9a7f32a38 <unknown>
#5 0x60b9a7f31e4c <unknown>
#6 0x60b9a7e855f5 <unknown>
#7 0x60b9a848706b <unknown>
#8 0x60b9a848a01d <unknown>
#9 0x60b9a8473718 <unknown>
#10 0x60b9a848abb0 <unknown>
#11 0x60b9a845a150 <unknown>
#12 0x60b9a7e82e94 <unknown>
#13 0x7088bc82a1ca <unknown>
#14 0x7088bc82a28b __libc_start_main
#15 0x60b9a7e421ea _start

2026-05-19 17:34:21 | INFO | STATE => LOGIN
2026-05-19 17:34:48 | INFO | Login successful
2026-05-19 17:34:48 | INFO | STATE => OPEN_EVENT_LIST
2026-05-19 17:34:48 | INFO | Found Bookings link (attempt 1)
2026-05-19 17:34:56 | INFO | Opened bookings event list page. Saved URL: https://northern.miclub.com.au/views/members/booking/eventList.xhtml
2026-05-19 17:34:56 | INFO | STATE => COLLECT_EVENTS
2026-05-19 17:34:56 | INFO | Discovered 8 OPEN events
2026-05-19 17:34:56 | INFO | Processing OPEN event 1 of 8
2026-05-19 17:34:56 | INFO | STATE => OPEN_EVENT
2026-05-19 17:34:56 | INFO | Navigating into open event index 0: OPEN
2026-05-19 17:35:04 | INFO | Event tee sheet opened
2026-05-19 17:35:04 | INFO | STATE => COLLECT_TEE_ROWS
2026-05-19 17:35:12 | INFO | Discovered 88 candidate slots
2026-05-19 17:35:12 | INFO | Slot: time=07:18 am status=BOOK GROUP available=True
2026-05-19 17:35:12 | INFO | Slot: time=07:18 am status=07:18 AM 1ST TEE - COMP OR SOCIAL 9 /18 GALEA, MARTIN 5 DAY GAZZOLA, MARCO 7 DAY CRISCIONE, JOHN 5 DAY CAPECI, VINCE 7 D available=False
2026-05-19 17:35:12 | INFO | Slot: time=07:18 am status=07:18 AM 1ST TEE - COMP OR SOCIAL 9 /18 available=False
2026-05-19 17:35:12 | INFO | Slot: time=07:26 am status=07:26 AM 1ST TEE - COMP OR SOCIAL 9 /18 CHRISTIAN, IAN 7 DAY VOCALE, BEN 7 DAY SINGH, NAVEEN 5 DAY JORDAN, DALE VISITOR  available=False
2026-05-19 17:35:12 | INFO | Slot: time=07:26 am status=07:26 AM 1ST TEE - COMP OR SOCIAL 9 /18 available=False
2026-05-19 17:35:12 | INFO | Slot: time=07:34 am status=07:34 AM 1ST TEE - COMP OR SOCIAL 9 /18 TORTORELLA, ANDREW 7 DAY BORRELLI, LOU 5 DAY RHODES, JOHN 6 DAY BAILEY, WAYNE ME available=False
2026-05-19 17:35:12 | INFO | Slot: time=07:34 am status=07:34 AM 1ST TEE - COMP OR SOCIAL 9 /18 available=False
2026-05-19 17:35:12 | INFO | Slot: time=07:42 am status=BOOK GROUP available=True
2026-05-19 17:35:12 | INFO | Slot: time=UNKNOWN status=BOOK GROUP available=True
2026-05-19 17:35:12 | INFO | Slot: time=07:50 am status=07:50 AM 1ST TEE - COMP OR SOCIAL 9 /18 CRISAPULLI, VINCE 5 DAY CARLISLE, JOHN 5 DAY GALTIERI, VINCE 6 DAY PARBHOO, KHAN available=False
2026-05-19 17:35:12 | INFO | Slot: time=07:50 am status=07:50 AM 1ST TEE - COMP OR SOCIAL 9 /18 available=False
2026-05-19 17:35:12 | INFO | Slot: time=07:58 am status=07:58 AM 1ST TEE - COMP OR SOCIAL 9 /18 JHOTY, JOE 7 DAY KNIGHT, TREVOR 5 DAY HUSSEY, MARK 6 DAY HILL, JENNIE 6 DAY available=False
2026-05-19 17:35:12 | INFO | Slot: time=07:58 am status=07:58 AM 1ST TEE - COMP OR SOCIAL 9 /18 available=False
2026-05-19 17:35:12 | INFO | Slot: time=08:06 am status=BOOK GROUP available=True
2026-05-19 17:35:12 | INFO | Slot: time=08:14 am status=BOOK GROUP available=True
2026-05-19 17:35:12 | INFO | Slot: time=08:22 am status=08:22 AM 1ST TEE - COMP OR SOCIAL 9 /18 RYAN, STEPHEN 5 DAY MOLONEY, HELEN 5 DAY NIGHTINGALE, ALLISON 5 DAY PORTER, RAGN available=False
2026-05-19 17:35:12 | INFO | Slot: time=08:22 am status=08:22 AM 1ST TEE - COMP OR SOCIAL 9 /18 available=False
2026-05-19 17:35:12 | INFO | Slot: time=08:30 am status=08:30 AM 1ST TEE - COMP OR SOCIAL 9 /18 JONES, ANNIE 5 DAY HUGHES, DIANNE 5 DAY LIU, RONG 6 DAY DAVIES, DEIDRE 5 DAY available=False
2026-05-19 17:35:12 | INFO | Slot: time=08:30 am status=08:30 AM 1ST TEE - COMP OR SOCIAL 9 /18 available=False
2026-05-19 17:35:12 | INFO | Slot: time=08:38 am status=08:38 AM 1ST TEE - COMP OR SOCIAL 9 /18 WALKER, MARY 5 DAY LEYDEN, BEVERLEY 5 DAY HOEY, JANINE 5 DAY BERNHARDT, SARAH VI available=False
2026-05-19 17:35:12 | INFO | Slot: time=08:38 am status=08:38 AM 1ST TEE - COMP OR SOCIAL 9 /18 available=False
2026-05-19 17:35:12 | INFO | Slot: time=08:46 am status=BOOK GROUP available=True
2026-05-19 17:35:12 | INFO | Slot: time=08:54 am status=BOOK GROUP available=True
2026-05-19 17:35:12 | INFO | Slot: time=09:02 am status=BOOK GROUP available=True
2026-05-19 17:35:12 | INFO | Slot: time=09:10 am status=BOOK GROUP available=True
2026-05-19 17:35:12 | INFO | Slot: time=09:18 am status=09:18 AM 1ST TEE - COMP OR SOCIAL 9 /18 BRUGALETTA, MANNY SPECIAL 5.12 CRIVELLI, BRUNO SPECIAL 5.12 SCHIRATO, ROBERT SPE available=False
2026-05-19 17:35:12 | INFO | Slot: time=09:18 am status=09:18 AM 1ST TEE - COMP OR SOCIAL 9 /18 available=False
2026-05-19 17:35:12 | INFO | Slot: time=09:26 am status=09:26 AM 1ST TEE - COMP OR SOCIAL 9 /18 VINCITORIO, MATT SPECIAL 5.12 TANCREDI, FRANK SPECIAL 5.12 DALSANTO, JOHN SPECIA available=False
2026-05-19 17:35:12 | INFO | Slot: time=09:26 am status=09:26 AM 1ST TEE - COMP OR SOCIAL 9 /18 available=False
2026-05-19 17:35:12 | INFO | Slot: time=09:34 am status=09:34 AM 1ST TEE - COMP OR SOCIAL 9 /18 RAMALINGAM, SHEKILA NINE HOLE RAMALINGAM, SHAMALA NINE HOLE RITCHIE, ELISE NINE  available=False
2026-05-19 17:35:12 | INFO | Slot: time=09:34 am status=09:34 AM 1ST TEE - COMP OR SOCIAL 9 /18 available=False
2026-05-19 17:35:12 | INFO | Slot: time=09:42 am status=09:42 AM 1ST TEE - COMP OR SOCIAL 9 /18 WILKINSON, JAN SPECIAL 5.12 GIBSON, FRANCES SPECIAL 5.12 HILL, KAY 5 DAY KEATING available=False
2026-05-19 17:35:12 | INFO | Slot: time=09:42 am status=09:42 AM 1ST TEE - COMP OR SOCIAL 9 /18 available=False
2026-05-19 17:35:12 | INFO | Slot: time=09:50 am status=09:50 AM 1ST TEE - COMP OR SOCIAL 9 /18 YEOH, DANIEL 5 DAY LITTLE, KELVIN 7 DAY CHIERA, ANTHONY VISITOR - FUTURE GOLF ED available=False
2026-05-19 17:35:12 | INFO | Slot: time=09:50 am status=09:50 AM 1ST TEE - COMP OR SOCIAL 9 /18 available=False
2026-05-19 17:35:12 | INFO | Slot: time=09:58 am status=BOOK GROUP available=True
2026-05-19 17:35:12 | INFO | Slot: time=10:06 am status=BOOK GROUP available=True
2026-05-19 17:35:12 | INFO | Slot: time=10:14 am status=10:14 AM 1ST TEE - COMP OR SOCIAL 9 /18 CHURCH, GLENIS 5 DAY BULT, SHIRLEY 5 DAY MITCHELL, PAULA 5 DAY CHIN, ANNA NINE H available=False
2026-05-19 17:35:12 | INFO | Slot: time=10:14 am status=10:14 AM 1ST TEE - COMP OR SOCIAL 9 /18 available=False
2026-05-19 17:35:12 | INFO | Slot: time=10:22 am status=BOOK GROUP available=True
2026-05-19 17:35:12 | INFO | Slot: time=10:30 am status=10:30 AM 1ST TEE - COMP OR SOCIAL 9 /18 SIMPSON, CHRISTINE 5 DAY CONLAN, JUDI 5 DAY CARROLL, PHILLIP 7 DAY WHITE, CAROL  available=False
2026-05-19 17:35:12 | INFO | Slot: time=10:30 am status=10:30 AM 1ST TEE - COMP OR SOCIAL 9 /18 available=False
2026-05-19 17:35:12 | INFO | Slot: time=10:38 am status=BOOK GROUP available=True
2026-05-19 17:35:12 | INFO | Slot: time=10:46 am status=BOOK GROUP available=True
2026-05-19 17:35:12 | INFO | Slot: time=10:54 am status=BOOK GROUP available=True
2026-05-19 17:35:12 | INFO | Slot: time=11:02 am status=11:02 AM 1ST TEE - COMP OR SOCIAL 9 /18 LOCCISANO, STEPHEN 6 DAY LOCCISANO, VINCENT 6 DAY MONTESANO, BRUNO 6 DAY YOUNG,  available=False
2026-05-19 17:35:12 | INFO | Slot: time=11:02 am status=11:02 AM 1ST TEE - COMP OR SOCIAL 9 /18 available=False
2026-05-19 17:35:12 | INFO | Slot: time=11:10 am status=BOOK GROUP available=True
2026-05-19 17:35:12 | INFO | Slot: time=11:18 am status=BOOK GROUP available=True
2026-05-19 17:35:12 | INFO | Slot: time=11:26 am status=BOOK GROUP available=True
2026-05-19 17:35:12 | INFO | Slot: time=11:34 am status=BOOK GROUP available=True
2026-05-19 17:35:12 | INFO | Slot: time=11:42 am status=BOOK GROUP available=True
2026-05-19 17:35:12 | INFO | Slot: time=11:50 am status=BOOK GROUP available=True
2026-05-19 17:35:12 | INFO | Slot: time=11:58 am status=BOOK GROUP available=True
2026-05-19 17:35:12 | INFO | Slot: time=12:06 pm status=BOOK GROUP available=True
2026-05-19 17:35:12 | INFO | Slot: time=12:14 pm status=BOOK GROUP available=True
2026-05-19 17:35:12 | INFO | Slot: time=12:22 pm status=BOOK GROUP available=True
2026-05-19 17:35:12 | INFO | Slot: time=12:30 pm status=BOOK GROUP available=True
2026-05-19 17:35:12 | INFO | Slot: time=12:38 pm status=12:38 PM 1ST TEE - COMP OR SOCIAL 9 /18 SULLIVAN, ANTHONY 6 DAY WHITE, PHIL VISITOR GRAHAM, KENNETH 6 DAY LEARD, TONY VI available=False
2026-05-19 17:35:12 | INFO | Slot: time=12:38 pm status=12:38 PM 1ST TEE - COMP OR SOCIAL 9 /18 available=False
2026-05-19 17:35:12 | INFO | Slot: time=12:46 pm status=BOOK GROUP available=True
2026-05-19 17:35:12 | INFO | Slot: time=12:54 pm status=BOOK GROUP available=True
2026-05-19 17:35:12 | INFO | Slot: time=01:02 pm status=BOOK GROUP available=True
2026-05-19 17:35:12 | INFO | Slot: time=01:10 pm status=BOOK GROUP available=True
2026-05-19 17:35:12 | INFO | Slot: time=01:18 pm status=BOOK GROUP available=True
2026-05-19 17:35:12 | INFO | Slot: time=01:26 pm status=BOOK GROUP available=True
2026-05-19 17:35:12 | INFO | Slot: time=01:34 pm status=BOOK GROUP available=True
2026-05-19 17:35:12 | INFO | Slot: time=01:42 pm status=BOOK GROUP available=True
2026-05-19 17:35:12 | INFO | Slot: time=01:50 pm status=BOOK GROUP available=True
2026-05-19 17:35:12 | INFO | Slot: time=01:58 pm status=BOOK GROUP available=True
2026-05-19 17:35:12 | INFO | Slot: time=02:06 pm status=BOOK GROUP available=True
2026-05-19 17:35:12 | INFO | Slot: time=02:14 pm status=BOOK GROUP available=True
2026-05-19 17:35:12 | INFO | Slot: time=02:22 pm status=BOOK GROUP available=True
2026-05-19 17:35:12 | INFO | Slot: time=02:30 pm status=BOOK GROUP available=True
2026-05-19 17:35:12 | INFO | Slot: time=02:38 pm status=BOOK GROUP available=True
2026-05-19 17:35:12 | INFO | Slot: time=02:46 pm status=BOOK GROUP available=True
2026-05-19 17:35:12 | INFO | Slot: time=02:54 pm status=BOOK GROUP available=True
2026-05-19 17:35:12 | INFO | Slot: time=03:02 pm status=BOOK GROUP available=True
2026-05-19 17:35:12 | INFO | Slot: time=03:10 pm status=BOOK GROUP available=True
2026-05-19 17:35:12 | INFO | Slot: time=03:18 pm status=BOOK GROUP available=True
2026-05-19 17:35:12 | INFO | Slot: time=04:46 pm status=BOOK GROUP available=True
2026-05-19 17:35:12 | INFO | Slot: time=04:54 pm status=BOOK GROUP available=True
2026-05-19 17:35:12 | INFO | Slot: time=05:02 pm status=BOOK GROUP available=True
2026-05-19 17:35:12 | INFO | Slot: time=05:10 pm status=BOOK GROUP available=True
2026-05-19 17:35:12 | INFO | Slot: time=05:18 pm status=BOOK GROUP available=True
2026-05-19 17:35:12 | INFO | Slot: time=05:26 pm status=BOOK GROUP available=True
2026-05-19 17:35:12 | INFO | Slot: time=05:34 pm status=BOOK GROUP available=True
2026-05-19 17:35:12 | INFO | Slot: time=05:42 pm status=BOOK GROUP available=True
2026-05-19 17:35:12 | INFO | STATE => BOOK_FIRST_AVAILABLE
2026-05-19 17:35:12 | INFO | Found 54 partially full groups. Prioritizing them over empty groups.
2026-05-19 17:35:12 | INFO | Found 54 eligible BOOK GROUP slots. Attempting bookings sequentially...
2026-05-19 17:35:12 | INFO | [1/54] Attempting to book slot: 07:18 am (BOOK GROUP)
2026-05-19 17:35:14 | WARNING | Browser alert popped up: This booking time has already been booked.  The bookings will be shown the next time this page is refreshed.
2026-05-19 17:35:14 | INFO | Slot 07:18 am is already booked, attempting next slot...
2026-05-19 17:35:14 | INFO | [2/54] Attempting to book slot: 07:42 am (BOOK GROUP)
2026-05-19 17:35:23 | INFO | No Playing Partners modal detected.
2026-05-19 17:35:23 | INFO | Successfully initiated booking flow for slot 07:42 am
2026-05-19 17:35:23 | INFO | STATE => CONFIRM_BOOKING
2026-05-19 17:35:25 | INFO | Saved screenshot: screenshots/20260519_123525_023369_pre_confirm_page.png
2026-05-19 17:35:25 | INFO | Confirm Booking button found: tag=button
2026-05-19 17:35:26 | INFO | Clicked Confirm Booking
2026-05-19 17:35:26 | INFO | STATE => VERIFY_SUCCESS
2026-05-19 17:35:30 | INFO | Verifying success. Current URL: https://northern.miclub.com.au/members/bookings/open/event.msp?booking_event_id=22475260&booking_resource_id=3000000&focus=22606778
2026-05-19 17:35:30 | INFO | Success! Detected booking redirect URL: https://northern.miclub.com.au/members/bookings/open/event.msp?booking_event_id=22475260&booking_resource_id=3000000&focus=22606778
2026-05-19 17:35:30 | INFO | BOOKING SECURED for Event 1: Slot 07:42 am!
2026-05-19 17:35:30 | INFO | STATE => RETURN_TO_EVENT_LIST
2026-05-19 17:35:30 | INFO | Returning to event list URL: https://northern.miclub.com.au/views/members/booking/eventList.xhtml
2026-05-19 17:35:36 | INFO | Processing OPEN event 2 of 8
2026-05-19 17:35:36 | INFO | STATE => OPEN_EVENT
2026-05-19 17:35:36 | INFO | Navigating into open event index 1: OPEN
2026-05-19 17:35:44 | INFO | Event tee sheet opened
2026-05-19 17:35:44 | INFO | STATE => COLLECT_TEE_ROWS
2026-05-19 17:35:52 | INFO | Discovered 116 candidate slots
2026-05-19 17:35:52 | INFO | Slot: time=07:15 am status=BOOK GROUP available=True
2026-05-19 17:35:52 | INFO | Slot: time=UNKNOWN status=BOOK GROUP available=True
2026-05-19 17:35:52 | INFO | Slot: time=07:23 am status=BOOK GROUP available=True
2026-05-19 17:35:52 | INFO | Slot: time=07:31 am status=BOOK GROUP available=True
2026-05-19 17:35:52 | INFO | Slot: time=07:39 am status=07:39 AM 1ST TEE - COMPETITION PENGELLY, KEN 7 DAY BOWLER, GREG 7 DAY HOWARTH, TOM HONORARY NV TURNER, BLAIR YOUNG ADULT available=False
2026-05-19 17:35:52 | INFO | Slot: time=07:39 am status=07:39 AM 1ST TEE - COMPETITION available=False
2026-05-19 17:35:52 | INFO | Slot: time=07:47 am status=07:47 AM 1ST TEE - COMPETITION WOTHERSPOON, IAN 6 DAY BANAVALI, GIRISH 6 DAY FERRIS, COLIN 6 DAY BELCHER, JANE 6 DAY available=False
2026-05-19 17:35:52 | INFO | Slot: time=07:47 am status=07:47 AM 1ST TEE - COMPETITION available=False
2026-05-19 17:35:52 | INFO | Slot: time=07:55 am status=BOOK GROUP available=True
2026-05-19 17:35:52 | INFO | Slot: time=08:03 am status=08:03 AM 1ST TEE - COMPETITION THOMPSON, BRUCE 7 DAY BAJORAS, TONY 6 DAY KELLY, ANDREW 6 DAY HARRIS, JOHN 6 DAY available=False
2026-05-19 17:35:52 | INFO | Slot: time=08:03 am status=08:03 AM 1ST TEE - COMPETITION available=False
2026-05-19 17:35:52 | INFO | Slot: time=08:11 am status=08:11 AM 1ST TEE - COMPETITION MCDONALD, LEIGH 6 DAY MCGRAW, PAUL 6 DAY SIDEBOTTOM, PAUL 6 DAY RODDA, MARK 7 DAY available=False
2026-05-19 17:35:52 | INFO | Slot: time=08:11 am status=08:11 AM 1ST TEE - COMPETITION available=False
2026-05-19 17:35:52 | INFO | Slot: time=08:19 am status=08:19 AM 1ST TEE - COMPETITION BAINBRIDGE, STEPHEN 7 DAY ARBON, CHRIS 7 DAY CROSWELL, RAY 7 DAY GILBERT, ASHLEY 7 DAY available=False
2026-05-19 17:35:52 | INFO | Slot: time=08:19 am status=08:19 AM 1ST TEE - COMPETITION available=False
2026-05-19 17:35:52 | INFO | Slot: time=08:27 am status=08:27 AM 1ST TEE - COMPETITION GARDINER, GREG 7 DAY RYAN, ROBERT 7 DAY STEPHENS, DAN 7 DAY ABBENANTE, TONY 6 DAY available=False
2026-05-19 17:35:52 | INFO | Slot: time=08:27 am status=08:27 AM 1ST TEE - COMPETITION available=False
2026-05-19 17:35:52 | INFO | Slot: time=08:35 am status=08:35 AM 1ST TEE - COMPETITION PASHAKIS, PERRY 7 DAY ADAMS, PETER 7 DAY GAZZOLA, MARCO 7 DAY RHODES, JOHN 6 DAY available=False
2026-05-19 17:35:52 | INFO | Slot: time=08:35 am status=08:35 AM 1ST TEE - COMPETITION available=False
2026-05-19 17:35:52 | INFO | Slot: time=08:43 am status=08:43 AM 1ST TEE - COMPETITION CAVEN, TONY 6 DAY MADDEN, PAUL 6 DAY SUTCLIFFE, LEWIS 6 DAY LAWSON, JOHN 6 DAY available=False
2026-05-19 17:35:52 | INFO | Slot: time=08:43 am status=08:43 AM 1ST TEE - COMPETITION available=False
2026-05-19 17:35:52 | INFO | Slot: time=08:51 am status=08:51 AM 1ST TEE - COMPETITION QUINTON, ALAN 6 DAY HYNES, JIM 6 DAY TUTTLE, PHILIP 6 DAY MCCOLL, RICK 7 DAY available=False
2026-05-19 17:35:52 | INFO | Slot: time=08:51 am status=08:51 AM 1ST TEE - COMPETITION available=False
2026-05-19 17:35:52 | INFO | Slot: time=08:59 am status=08:59 AM 1ST TEE - COMPETITION LOCCISANO, STEPHEN 6 DAY ALOI, CHRISTOPHER 6 DAY LOCCISANO, VINCENT 6 DAY MONTESANO, BRUN available=False
2026-05-19 17:35:52 | INFO | Slot: time=08:59 am status=08:59 AM 1ST TEE - COMPETITION available=False
2026-05-19 17:35:52 | INFO | Slot: time=09:07 am status=BOOK GROUP available=True
2026-05-19 17:35:52 | INFO | Slot: time=07:15 am status=07:15 AM 10TH TEE - COMPETITION HOWITT, CHRIS 7 DAY SWEBBS, MICK 7 DAY KLEINIG, MICHAEL 7 DAY LAMBERT, COLIN 6 DAY available=False
2026-05-19 17:35:52 | INFO | Slot: time=07:15 am status=07:15 AM 10TH TEE - COMPETITION available=False
2026-05-19 17:35:52 | INFO | Slot: time=07:23 am status=07:23 AM 10TH TEE - COMPETITION GABRIELE, SAM 7 DAY HILL, GARY 7 DAY VUROVECZ, CAMERON 7 DAY CULAKOVSKI, SASHA 7 DAY available=False
2026-05-19 17:35:52 | INFO | Slot: time=07:23 am status=07:23 AM 10TH TEE - COMPETITION available=False
2026-05-19 17:35:52 | INFO | Slot: time=07:31 am status=07:31 AM 10TH TEE - COMPETITION DE CICCO, VINCE 7 DAY LORENZI, ANDREW 6 DAY HODDER, MATT 7 DAY HICKS, WAYNE 7 DAY available=False
2026-05-19 17:35:52 | INFO | Slot: time=07:31 am status=07:31 AM 10TH TEE - COMPETITION available=False
2026-05-19 17:35:52 | INFO | Slot: time=07:39 am status=07:39 AM 10TH TEE - COMPETITION MCCANN, STEPHEN N 6 DAY GREALY, MAURIE 7 DAY VULIN, MILO 7 DAY TENNI, JEFFREY 7 DAY available=False
2026-05-19 17:35:52 | INFO | Slot: time=07:39 am status=07:39 AM 10TH TEE - COMPETITION available=False
2026-05-19 17:35:52 | INFO | Slot: time=07:47 am status=07:47 AM 10TH TEE - COMPETITION COLLINS, DALE 7 DAY STEWART, SHANE 7 DAY AUSTIN, ALEXANDER 7 DAY WISE, PAUL 7 DAY available=False
2026-05-19 17:35:52 | INFO | Slot: time=07:47 am status=07:47 AM 10TH TEE - COMPETITION available=False
2026-05-19 17:35:52 | INFO | Slot: time=07:55 am status=07:55 AM 10TH TEE - COMPETITION MCMAHON, ANDREW 7 DAY TAN, GWI 7 DAY TORR, JOHN 7 DAY MOLONEY, MARK 6 DAY available=False
2026-05-19 17:35:52 | INFO | Slot: time=07:55 am status=07:55 AM 10TH TEE - COMPETITION available=False
2026-05-19 17:35:52 | INFO | Slot: time=08:03 am status=08:03 AM 10TH TEE - COMPETITION TOBIN, GEOFF 6 DAY CONROY, BILL 6 DAY HUNT, RAYMOND 6 DAY MOLONEY, BRENDAN 6 DAY available=False
2026-05-19 17:35:52 | INFO | Slot: time=08:03 am status=08:03 AM 10TH TEE - COMPETITION available=False
2026-05-19 17:35:52 | INFO | Slot: time=08:11 am status=08:11 AM 10TH TEE - COMPETITION ARMSTRONG, JOHN 7 DAY MULGREW, SIMON 6 DAY QUINLAN, ANTHONY 7 DAY JHOTY, JOE 7 DAY available=False
2026-05-19 17:35:52 | INFO | Slot: time=08:11 am status=08:11 AM 10TH TEE - COMPETITION available=False
2026-05-19 17:35:52 | INFO | Slot: time=08:19 am status=08:19 AM 10TH TEE - COMPETITION MCCARTHY, LEO 6 DAY SMITH, BRIAN 7 DAY GROOM, CHRIS 6 DAY HARRINGTON, BRETT 6 DAY available=False
2026-05-19 17:35:52 | INFO | Slot: time=08:19 am status=08:19 AM 10TH TEE - COMPETITION available=False
2026-05-19 17:35:52 | INFO | Slot: time=08:27 am status=BOOK GROUP available=True
2026-05-19 17:35:52 | INFO | Slot: time=08:35 am status=BOOK GROUP available=True
2026-05-19 17:35:52 | INFO | Slot: time=08:43 am status=BOOK GROUP available=True
2026-05-19 17:35:52 | INFO | Slot: time=08:51 am status=08:51 AM 10TH TEE - COMPETITION VOCALE, BEN 7 DAY MUNTONI, PIERO 7 DAY NORTON, JOCK 6 DAY CHOW, OLIVER 7 DAY available=False
2026-05-19 17:35:52 | INFO | Slot: time=08:51 am status=08:51 AM 10TH TEE - COMPETITION available=False
2026-05-19 17:35:52 | INFO | Slot: time=08:59 am status=08:59 AM 10TH TEE - COMPETITION OLOFSSON, CHRISTER 6 DAY PRESLAND, MICHAEL 7 DAY RYDER, LAURENCE 6 DAY ANTEQUERA, DAVID  available=False
2026-05-19 17:35:52 | INFO | Slot: time=08:59 am status=08:59 AM 10TH TEE - COMPETITION available=False
2026-05-19 17:35:52 | INFO | Slot: time=11:33 am status=11:33 AM 1ST TEE - COMPETITION CARROLL, PHILLIP 7 DAY GRIGGS, MICHAEL 7 DAY CAPECI, VINCE 7 DAY MEREDITH, BRIAN 7 DAY 11 available=False
2026-05-19 17:35:52 | INFO | Slot: time=11:33 am status=11:33 AM 1ST TEE - COMPETITION CARROLL, PHILLIP 7 DAY GRIGGS, MICHAEL 7 DAY CAPECI, VINCE 7 DAY MEREDITH, BRIAN 7 DAY available=False
2026-05-19 17:35:52 | INFO | Slot: time=11:33 am status=11:33 AM 1ST TEE - COMPETITION available=False
2026-05-19 17:35:52 | INFO | Slot: time=11:41 am status=11:41 AM 1ST TEE - COMPETITION BROCCHI, GLENN 7 DAY ITALIA, J P 7 DAY PARKER, CRAIG 6 DAY EMERY, MICHAEL 7 DAY available=False
2026-05-19 17:35:52 | INFO | Slot: time=11:41 am status=11:41 AM 1ST TEE - COMPETITION available=False
2026-05-19 17:35:52 | INFO | Slot: time=11:49 am status=11:49 AM 1ST TEE - COMPETITION MOTT, FRANCIS 7 DAY BLACK, PETER 7 DAY MCCARTIN, LEO 7 DAY SCARPA, SIMON 6 DAY available=False
2026-05-19 17:35:52 | INFO | Slot: time=11:49 am status=11:49 AM 1ST TEE - COMPETITION available=False
2026-05-19 17:35:52 | INFO | Slot: time=11:57 am status=11:57 AM 1ST TEE - COMPETITION RIEMER, HELMUT 6 DAY DRUMMOND, GRAEME 7 DAY MOSS, IAN 6 DAY MCSPEERIN, JASON 6 DAY available=False
2026-05-19 17:35:52 | INFO | Slot: time=11:57 am status=11:57 AM 1ST TEE - COMPETITION available=False
2026-05-19 17:35:52 | INFO | Slot: time=12:05 pm status=12:05 PM 1ST TEE - COMPETITION STANDFIELD, GRANT 6 DAY WILSON, PETER 6 DAY MOON, GRAEME 7 DAY JUKES, CHRIS 7 DAY available=False
2026-05-19 17:35:52 | INFO | Slot: time=12:05 pm status=12:05 PM 1ST TEE - COMPETITION available=False
2026-05-19 17:35:52 | INFO | Slot: time=12:13 pm status=12:13 PM 1ST TEE - COMPETITION SHEEDY, PAUL 7 DAY BAKER, GRAEME 6 DAY FURLONG, GEOFFREY 6 DAY MONAGHAN, PETER 6 DAY available=False
2026-05-19 17:35:52 | INFO | Slot: time=12:13 pm status=12:13 PM 1ST TEE - COMPETITION available=False
2026-05-19 17:35:52 | INFO | Slot: time=12:21 pm status=12:21 PM 1ST TEE - COMPETITION EFREMOV, BILL 6 DAY X2 GREAVES, PAUL 6 DAY TZAROS, THEO 6 DAY SHARWOOD, PAUL 6 DAY available=False
2026-05-19 17:35:52 | INFO | Slot: time=12:21 pm status=12:21 PM 1ST TEE - COMPETITION available=False
2026-05-19 17:35:52 | INFO | Slot: time=12:29 pm status=12:29 PM 1ST TEE - COMPETITION LEECH, LEON 7 DAY RIGHTON, RUSSELL 7 DAY VEALE, DAVID 7 DAY CLAYTON, WAYNE 7 DAY available=False
2026-05-19 17:35:52 | INFO | Slot: time=12:29 pm status=12:29 PM 1ST TEE - COMPETITION available=False
2026-05-19 17:35:52 | INFO | Slot: time=12:37 pm status=12:37 PM 1ST TEE - COMPETITION SMITH, PETER 7 DAY DIXON, PAUL 6 DAY DIXON, REUBEN 6 DAY MAHONEY, MICHAEL 6 DAY available=False
2026-05-19 17:35:52 | INFO | Slot: time=12:37 pm status=12:37 PM 1ST TEE - COMPETITION available=False
2026-05-19 17:35:52 | INFO | Slot: time=12:45 pm status=12:45 PM 1ST TEE - COMPETITION ARENA, SAM 6 DAY MEEHAN-LAURINS, ZENTIS JUNIORS 19-20 PALLISCO, JOHN 6 DAY PATTI, COSIMO  available=False
2026-05-19 17:35:52 | INFO | Slot: time=12:45 pm status=12:45 PM 1ST TEE - COMPETITION available=False
2026-05-19 17:35:52 | INFO | Slot: time=12:53 pm status=12:53 PM 1ST TEE - COMPETITION BERRY, CRAIG 7 DAY MCCANN, PAUL 7 DAY RICHARDSON, KEVIN 7 DAY CONSTABLE, PHILIP 7 DAY available=False
2026-05-19 17:35:52 | INFO | Slot: time=12:53 pm status=12:53 PM 1ST TEE - COMPETITION available=False
2026-05-19 17:35:52 | INFO | Slot: time=01:01 pm status=01:01 PM 1ST TEE - COMPETITION ABRAHAM, TERRY 7 DAY SCULLY, CON 7 DAY GACESA, ROBERT 7 DAY ABBOUCHI, NAZIH 7 DAY available=False
2026-05-19 17:35:52 | INFO | Slot: time=01:01 pm status=01:01 PM 1ST TEE - COMPETITION available=False
2026-05-19 17:35:52 | INFO | Slot: time=01:09 pm status=01:09 PM 1ST TEE - COMPETITION GORMAN, PETER 6 DAY RANDLES, PETER 6 DAY BLOOD, PETER 6 DAY O'KEEFE, NEIL COUNTRY available=False
2026-05-19 17:35:52 | INFO | Slot: time=01:09 pm status=01:09 PM 1ST TEE - COMPETITION available=False
2026-05-19 17:35:52 | INFO | Slot: time=11:33 am status=BOOK GROUP available=True
2026-05-19 17:35:52 | INFO | Slot: time=11:33 am status=11:33 AM 10TH TEE - COMPETITION CIABOTTI, ANTHONY 6 DAY LEMMO, JOHN 6 DAY LEYDEN, MICK 6 DAY MOORE, IAN 7 DAY available=False
2026-05-19 17:35:52 | INFO | Slot: time=11:33 am status=11:33 AM 10TH TEE - COMPETITION available=False
2026-05-19 17:35:52 | INFO | Slot: time=11:41 am status=11:41 AM 10TH TEE - COMPETITION SCARPA, JOE 6 DAY SEBASTIANO, GABRIEL 6 DAY DEL GUIDICE, NICHOLAS 6 DAY OLIVIERI, SILVIO available=False
2026-05-19 17:35:52 | INFO | Slot: time=11:41 am status=11:41 AM 10TH TEE - COMPETITION available=False
2026-05-19 17:35:52 | INFO | Slot: time=11:49 am status=11:49 AM 10TH TEE - COMPETITION RONNE, PETER 6 DAY FISICARO, JOE 6 DAY MANOVELLA, ANTHONY 6 DAY SILVIO, MARIO 7 DAY available=False
2026-05-19 17:35:52 | INFO | Slot: time=11:49 am status=11:49 AM 10TH TEE - COMPETITION available=False
2026-05-19 17:35:52 | INFO | Slot: time=11:57 am status=11:57 AM 10TH TEE - COMPETITION GILBERTSON, KEN 7 DAY CLINCH, BERNIE 7 DAY FORSTER, PETER 7 DAY DRAKE, PAUL 7 DAY available=False
2026-05-19 17:35:52 | INFO | Slot: time=11:57 am status=11:57 AM 10TH TEE - COMPETITION available=False
2026-05-19 17:35:52 | INFO | Slot: time=12:05 pm status=12:05 PM 10TH TEE - COMPETITION FARAJ, JOSEPH YOUNG ADULT 26-30 CARLTON, PATRICK JUNIORS 17-18 JOB, FABIAN 7 DAY FITOS,  available=False
2026-05-19 17:35:52 | INFO | Slot: time=12:05 pm status=12:05 PM 10TH TEE - COMPETITION available=False
2026-05-19 17:35:52 | INFO | Slot: time=12:13 pm status=12:13 PM 10TH TEE - COMPETITION GOODEAR, PAUL 6 DAY MARSTON, JASON 6 DAY EVANS, TERRY 6 DAY FRASER, CHRISTOPHER 6 DAY available=False
2026-05-19 17:35:52 | INFO | Slot: time=12:13 pm status=12:13 PM 10TH TEE - COMPETITION available=False
2026-05-19 17:35:52 | INFO | Slot: time=12:21 pm status=12:21 PM 10TH TEE - COMPETITION BURGESS, ANNE 7 DAY MONKCOM, BRAD 7 DAY LANE, PHILIP 7 DAY BURGESS, BENJAMIN VISITOR - B available=False
2026-05-19 17:35:52 | INFO | Slot: time=12:21 pm status=12:21 PM 10TH TEE - COMPETITION available=False
2026-05-19 17:35:52 | INFO | Slot: time=12:29 pm status=12:29 PM 10TH TEE - COMPETITION MOONEY, MARK 6 DAY GAVAGHAN, TONY 6 DAY KERR, ALLAN 6 DAY ROBSON, RICHARD 6 DAY available=False
2026-05-19 17:35:52 | INFO | Slot: time=12:29 pm status=12:29 PM 10TH TEE - COMPETITION available=False
2026-05-19 17:35:52 | INFO | Slot: time=12:37 pm status=12:37 PM 10TH TEE - COMPETITION CARNELI, SAM 6 DAY CARNELI, TONY 6 DAY FORMICA, JOE 6 DAY COMPAGNINO, PAUL 6 DAY available=False
2026-05-19 17:35:52 | INFO | Slot: time=12:37 pm status=12:37 PM 10TH TEE - COMPETITION available=False
2026-05-19 17:35:52 | INFO | Slot: time=12:45 pm status=12:45 PM 10TH TEE - COMPETITION CADIGAN, STEPHEN 7 DAY BLYTH, ROGER 7 DAY JOHNS, NEIL 7 DAY CHAMPION, PETER 7 DAY available=False
2026-05-19 17:35:52 | INFO | Slot: time=12:45 pm status=12:45 PM 10TH TEE - COMPETITION available=False
2026-05-19 17:35:52 | INFO | Slot: time=12:53 pm status=12:53 PM 10TH TEE - COMPETITION YARNTON, PAUL 6 DAY LACY, DENNIS 6 DAY CLEMENTS, MARTIN 6 DAY WATTERSON, BRIAN SPECIAL 5 available=False
2026-05-19 17:35:52 | INFO | Slot: time=12:53 pm status=12:53 PM 10TH TEE - COMPETITION available=False
2026-05-19 17:35:52 | INFO | Slot: time=01:01 pm status=01:01 PM 10TH TEE - COMPETITION BOURKE, DANIEL 6 DAY WILSON, STEPHEN 7 DAY GUINAN, GERARD 7 DAY GAY, JACK 7 DAY available=False
2026-05-19 17:35:52 | INFO | Slot: time=01:01 pm status=01:01 PM 10TH TEE - COMPETITION available=False
2026-05-19 17:35:52 | INFO | Slot: time=01:09 pm status=BOOK GROUP available=True
2026-05-19 17:35:52 | INFO | Slot: time=03:45 pm status=BOOK GROUP available=True
2026-05-19 17:35:52 | INFO | Slot: time=04:17 pm status=BOOK GROUP available=True
2026-05-19 17:35:52 | INFO | Slot: time=04:25 pm status=BOOK GROUP available=True
2026-05-19 17:35:52 | INFO | Slot: time=04:33 pm status=BOOK GROUP available=True
2026-05-19 17:35:52 | INFO | Slot: time=04:41 pm status=BOOK GROUP available=True
2026-05-19 17:35:52 | INFO | Slot: time=04:49 pm status=BOOK GROUP available=True
2026-05-19 17:35:52 | INFO | Slot: time=04:57 pm status=BOOK GROUP available=True
2026-05-19 17:35:52 | INFO | Slot: time=05:05 pm status=BOOK GROUP available=True
2026-05-19 17:35:52 | INFO | Slot: time=05:13 pm status=BOOK GROUP available=True
2026-05-19 17:35:52 | INFO | Slot: time=03:53 pm status=BOOK GROUP available=True
2026-05-19 17:35:52 | INFO | Slot: time=04:01 pm status=BOOK GROUP available=True
2026-05-19 17:35:52 | INFO | Slot: time=04:09 pm status=BOOK GROUP available=True
2026-05-19 17:35:52 | INFO | STATE => BOOK_FIRST_AVAILABLE
2026-05-19 17:35:52 | INFO | Found 22 partially full groups. Prioritizing them over empty groups.
2026-05-19 17:35:52 | INFO | Found 22 eligible BOOK GROUP slots. Attempting bookings sequentially...
2026-05-19 17:35:52 | INFO | [1/22] Attempting to book slot: 07:15 am (BOOK GROUP)
2026-05-19 17:36:00 | INFO | No Playing Partners modal detected.
2026-05-19 17:36:00 | INFO | Successfully initiated booking flow for slot 07:15 am
2026-05-19 17:36:00 | INFO | STATE => CONFIRM_BOOKING
2026-05-19 17:36:02 | INFO | Saved screenshot: screenshots/20260519_123602_327707_pre_confirm_page.png
2026-05-19 17:36:02 | INFO | Confirm Booking button found: tag=button
2026-05-19 17:36:03 | INFO | Clicked Confirm Booking
2026-05-19 17:36:03 | INFO | STATE => VERIFY_SUCCESS
2026-05-19 17:36:07 | INFO | Verifying success. Current URL: https://northern.miclub.com.au/members/bookings/open/event.msp?booking_event_id=22475261&booking_resource_id=3000000&focus=22607033
2026-05-19 17:36:07 | INFO | Success! Detected booking redirect URL: https://northern.miclub.com.au/members/bookings/open/event.msp?booking_event_id=22475261&booking_resource_id=3000000&focus=22607033
2026-05-19 17:36:07 | INFO | BOOKING SECURED for Event 2: Slot 07:15 am!
2026-05-19 17:36:07 | INFO | STATE => RETURN_TO_EVENT_LIST
2026-05-19 17:36:07 | INFO | Returning to event list URL: https://northern.miclub.com.au/views/members/booking/eventList.xhtml
2026-05-19 17:36:15 | INFO | Processing OPEN event 3 of 8
2026-05-19 17:36:15 | INFO | STATE => OPEN_EVENT
2026-05-19 17:36:15 | INFO | Navigating into open event index 2: OPEN
2026-05-19 17:36:22 | INFO | Event tee sheet opened
2026-05-19 17:36:22 | INFO | STATE => COLLECT_TEE_ROWS
2026-05-19 17:36:29 | INFO | Discovered 46 candidate slots
2026-05-19 17:36:29 | INFO | Slot: time=UNKNOWN status=BOOK GROUP available=True
2026-05-19 17:36:29 | INFO | Slot: time=12:00 pm status=12:00 PM 1ST TEE 9 /18 MOORE, IAN 7 DAY RYAN, STEPHEN 5 DAY TEMPLE, ADAM 5 DAY KERR, NICHOLAS 6 DAY available=False
2026-05-19 17:36:29 | INFO | Slot: time=12:00 pm status=12:00 PM 1ST TEE 9 /18 available=False
2026-05-19 17:36:29 | INFO | Slot: time=12:08 pm status=12:08 PM 1ST TEE 9 /18 CRISAPULLI, VINCE 5 DAY GALTIERI, VINCE 6 DAY CARLISLE, JOHN 5 DAY LANE, PHILIP 7 DAY available=False
2026-05-19 17:36:29 | INFO | Slot: time=12:08 pm status=12:08 PM 1ST TEE 9 /18 available=False
2026-05-19 17:36:29 | INFO | Slot: time=12:16 pm status=12:16 PM 1ST TEE 9 /18 INNER NORTH WEST INNER NORTH WEST INNER NORTH WEST INNER NORTH WEST available=False
2026-05-19 17:36:29 | INFO | Slot: time=12:16 pm status=12:16 PM 1ST TEE 9 /18 available=False
2026-05-19 17:36:29 | INFO | Slot: time=12:24 pm status=12:24 PM 1ST TEE 9 /18 INNER NORTH WEST INNER NORTH WEST INNER NORTH WEST INNER NORTH WEST available=False
2026-05-19 17:36:29 | INFO | Slot: time=12:24 pm status=12:24 PM 1ST TEE 9 /18 available=False
2026-05-19 17:36:29 | INFO | Slot: time=12:32 pm status=BOOK GROUP available=True
2026-05-19 17:36:29 | INFO | Slot: time=12:40 pm status=12:40 PM 1ST TEE 9 /18 TURNER, COLIN SPECIAL 5.12 MARCHESI, PETER 6 DAY CHAPMAN, GREG NINE HOLE SCARMOZZINO, JOSEPH NINE available=False
2026-05-19 17:36:29 | INFO | Slot: time=12:40 pm status=12:40 PM 1ST TEE 9 /18 available=False
2026-05-19 17:36:29 | INFO | Slot: time=12:48 pm status=BOOK GROUP available=True
2026-05-19 17:36:29 | INFO | Slot: time=12:56 pm status=BOOK GROUP available=True
2026-05-19 17:36:29 | INFO | Slot: time=01:04 pm status=BOOK GROUP available=True
2026-05-19 17:36:29 | INFO | Slot: time=01:12 pm status=01:12 PM 1ST TEE 9 /18 LARGE, KEVIN SPECIAL 5.12 CONNORS, TERRY 7 DAY SAUNDERS, RAYMOND 5 DAY ELLIOT, NEVILLE 5 DAY available=False
2026-05-19 17:36:29 | INFO | Slot: time=01:12 pm status=01:12 PM 1ST TEE 9 /18 available=False
2026-05-19 17:36:29 | INFO | Slot: time=01:20 pm status=BOOK GROUP available=True
2026-05-19 17:36:29 | INFO | Slot: time=01:28 pm status=BOOK GROUP available=True
2026-05-19 17:36:29 | INFO | Slot: time=01:36 pm status=BOOK GROUP available=True
2026-05-19 17:36:29 | INFO | Slot: time=01:44 pm status=BOOK GROUP available=True
2026-05-19 17:36:29 | INFO | Slot: time=01:52 pm status=BOOK GROUP available=True
2026-05-19 17:36:29 | INFO | Slot: time=02:00 pm status=BOOK GROUP available=True
2026-05-19 17:36:29 | INFO | Slot: time=02:08 pm status=BOOK GROUP available=True
2026-05-19 17:36:29 | INFO | Slot: time=02:16 pm status=BOOK GROUP available=True
2026-05-19 17:36:29 | INFO | Slot: time=02:24 pm status=BOOK GROUP available=True
2026-05-19 17:36:29 | INFO | Slot: time=02:32 pm status=BOOK GROUP available=True
2026-05-19 17:36:29 | INFO | Slot: time=02:40 pm status=BOOK GROUP available=True
2026-05-19 17:36:29 | INFO | Slot: time=02:48 pm status=BOOK GROUP available=True
2026-05-19 17:36:29 | INFO | Slot: time=02:56 pm status=BOOK GROUP available=True
2026-05-19 17:36:29 | INFO | Slot: time=03:04 pm status=BOOK GROUP available=True
2026-05-19 17:36:29 | INFO | Slot: time=03:12 pm status=BOOK GROUP available=True
2026-05-19 17:36:29 | INFO | Slot: time=04:48 pm status=BOOK GROUP available=True
2026-05-19 17:36:29 | INFO | Slot: time=04:56 pm status=BOOK GROUP available=True
2026-05-19 17:36:29 | INFO | Slot: time=05:04 pm status=BOOK GROUP available=True
2026-05-19 17:36:29 | INFO | Slot: time=05:12 pm status=BOOK GROUP available=True
2026-05-19 17:36:29 | INFO | Slot: time=05:20 pm status=BOOK GROUP available=True
2026-05-19 17:36:29 | INFO | Slot: time=05:28 pm status=BOOK GROUP available=True
2026-05-19 17:36:29 | INFO | Slot: time=05:36 pm status=BOOK GROUP available=True
2026-05-19 17:36:29 | INFO | Slot: time=05:44 pm status=BOOK GROUP available=True
2026-05-19 17:36:29 | INFO | Slot: time=05:52 pm status=BOOK GROUP available=True
2026-05-19 17:36:29 | INFO | Slot: time=06:00 pm status=BOOK GROUP available=True
2026-05-19 17:36:29 | INFO | Slot: time=06:08 pm status=BOOK GROUP available=True
2026-05-19 17:36:29 | INFO | Slot: time=06:16 pm status=BOOK GROUP available=True
2026-05-19 17:36:29 | INFO | Slot: time=06:24 pm status=BOOK GROUP available=True
2026-05-19 17:36:29 | INFO | Slot: time=06:32 pm status=BOOK GROUP available=True
2026-05-19 17:36:29 | INFO | STATE => BOOK_FIRST_AVAILABLE
2026-05-19 17:36:29 | INFO | Found 33 partially full groups. Prioritizing them over empty groups.
2026-05-19 17:36:29 | INFO | Found 33 eligible BOOK GROUP slots. Attempting bookings sequentially...
2026-05-19 17:36:29 | INFO | [1/33] Attempting to book slot: 12:32 pm (BOOK GROUP)
2026-05-19 17:36:37 | INFO | No Playing Partners modal detected.
2026-05-19 17:36:37 | INFO | Successfully initiated booking flow for slot 12:32 pm
2026-05-19 17:36:37 | INFO | STATE => CONFIRM_BOOKING
2026-05-19 17:36:39 | INFO | Saved screenshot: screenshots/20260519_123639_700542_pre_confirm_page.png
2026-05-19 17:36:39 | INFO | Confirm Booking button found: tag=button
2026-05-19 17:36:40 | INFO | Clicked Confirm Booking
2026-05-19 17:36:40 | INFO | STATE => VERIFY_SUCCESS
2026-05-19 17:36:44 | INFO | Verifying success. Current URL: https://northern.miclub.com.au/members/bookings/open/event.msp?booking_event_id=22475262&booking_resource_id=3000000&focus=22606886
2026-05-19 17:36:44 | INFO | Success! Detected booking redirect URL: https://northern.miclub.com.au/members/bookings/open/event.msp?booking_event_id=22475262&booking_resource_id=3000000&focus=22606886
2026-05-19 17:36:44 | INFO | BOOKING SECURED for Event 3: Slot 12:32 pm!
2026-05-19 17:36:44 | INFO | STATE => RETURN_TO_EVENT_LIST
2026-05-19 17:36:44 | INFO | Returning to event list URL: https://northern.miclub.com.au/views/members/booking/eventList.xhtml
2026-05-19 17:36:50 | INFO | Processing OPEN event 4 of 8
2026-05-19 17:36:50 | INFO | STATE => OPEN_EVENT
2026-05-19 17:36:50 | INFO | Navigating into open event index 3: OPEN
2026-05-19 17:36:58 | INFO | Event tee sheet opened
2026-05-19 17:36:58 | INFO | STATE => COLLECT_TEE_ROWS
2026-05-19 17:37:08 | INFO | Discovered 110 candidate slots
2026-05-19 17:37:08 | INFO | Slot: time=07:07 am status=BOOK GROUP available=True
2026-05-19 17:37:08 | INFO | Slot: time=UNKNOWN status=BOOK GROUP available=True
2026-05-19 17:37:08 | INFO | Slot: time=07:15 am status=BOOK GROUP available=True
2026-05-19 17:37:08 | INFO | Slot: time=07:23 am status=07:23 AM COMP/SOCIAL 1ST AM 9 /18 FRIEDMAN, DANIEL 5 DAY CRISCIONE, JOHN 5 DAY MADDOCKS, WARRICK 5 DAY BEZZINA, LEIGH 5  available=False
2026-05-19 17:37:08 | INFO | Slot: time=07:23 am status=07:23 AM COMP/SOCIAL 1ST AM 9 /18 available=False
2026-05-19 17:37:08 | INFO | Slot: time=07:31 am status=BOOK GROUP available=True
2026-05-19 17:37:08 | INFO | Slot: time=07:39 am status=07:39 AM COMP/SOCIAL 1ST AM 9 /18 WHITE, PAUL 5 DAY CULAKOVSKI, SASHA 7 DAY CHRISTIE, NIGEL 5 DAY KING, BRENDON 6 DAY available=False
2026-05-19 17:37:08 | INFO | Slot: time=07:39 am status=07:39 AM COMP/SOCIAL 1ST AM 9 /18 available=False
2026-05-19 17:37:08 | INFO | Slot: time=07:47 am status=07:47 AM COMP/SOCIAL 1ST AM 9 /18 SULLIVAN, MAURICE 5 DAY PERRY, TREVOR 5 DAY SHEEDY, PAUL 7 DAY COGHLAN, ANDREW 5 DAY available=False
2026-05-19 17:37:08 | INFO | Slot: time=07:47 am status=07:47 AM COMP/SOCIAL 1ST AM 9 /18 available=False
2026-05-19 17:37:08 | INFO | Slot: time=07:55 am status=07:55 AM COMP/SOCIAL 1ST AM 9 /18 O'HALLORAN, TIMOTHY YOUNG ADULT 21-25 O'HALLORAN, JAKI 5 DAY O'HALLORAN, STEPHEN 5 DAY available=False
2026-05-19 17:37:08 | INFO | Slot: time=07:55 am status=07:55 AM COMP/SOCIAL 1ST AM 9 /18 available=False
2026-05-19 17:37:08 | INFO | Slot: time=08:03 am status=08:03 AM COMP/SOCIAL 1ST AM 9 /18 MCDONALD, LEIGH 6 DAY FMG FMG FMG available=False
2026-05-19 17:37:08 | INFO | Slot: time=08:03 am status=08:03 AM COMP/SOCIAL 1ST AM 9 /18 available=False
2026-05-19 17:37:08 | INFO | Slot: time=08:11 am status=08:11 AM COMP/SOCIAL 1ST AM 9 /18 KNIGHT, TREVOR 5 DAY FMG FMG FMG available=False
2026-05-19 17:37:08 | INFO | Slot: time=08:11 am status=08:11 AM COMP/SOCIAL 1ST AM 9 /18 available=False
2026-05-19 17:37:08 | INFO | Slot: time=08:19 am status=08:19 AM COMP/SOCIAL 1ST AM 9 /18 FMG FMG FMG FMG available=False
2026-05-19 17:37:08 | INFO | Slot: time=08:19 am status=08:19 AM COMP/SOCIAL 1ST AM 9 /18 available=False
2026-05-19 17:37:08 | INFO | Slot: time=08:27 am status=08:27 AM COMP/SOCIAL 1ST AM 9 /18 FMG FMG FMG FMG available=False
2026-05-19 17:37:08 | INFO | Slot: time=08:27 am status=08:27 AM COMP/SOCIAL 1ST AM 9 /18 available=False
2026-05-19 17:37:08 | INFO | Slot: time=08:35 am status=BOOK GROUP available=True
2026-05-19 17:37:08 | INFO | Slot: time=08:43 am status=08:43 AM COMP/SOCIAL 1ST AM 9 /18 CAVEN, TONY 6 DAY MADDEN, PAUL 6 DAY SUTCLIFFE, LEWIS 6 DAY FROST, KEVIN 7 DAY available=False
2026-05-19 17:37:08 | INFO | Slot: time=08:43 am status=08:43 AM COMP/SOCIAL 1ST AM 9 /18 available=False
2026-05-19 17:37:08 | INFO | Slot: time=08:51 am status=BOOK GROUP available=True
2026-05-19 17:37:08 | INFO | Slot: time=08:59 am status=08:59 AM COMP/SOCIAL 1ST AM 9 /18 PAYNTER, JACK 6 DAY CAMERON, LOUIS 7 DAY COLLIN, EMILY MEMBER GUEST - FUTURE GOLF GAST available=False
2026-05-19 17:37:08 | INFO | Slot: time=08:59 am status=08:59 AM COMP/SOCIAL 1ST AM 9 /18 available=False
2026-05-19 17:37:08 | INFO | Slot: time=09:07 am status=09:07 AM COMP/SOCIAL 1ST AM 9 VINCITORIO, MATT SPECIAL 5.12 FMG FMG FMG available=False
2026-05-19 17:37:08 | INFO | Slot: time=09:07 am status=09:07 AM COMP/SOCIAL 1ST AM 9 available=False
2026-05-19 17:37:08 | INFO | Slot: time=09:15 am status=09:15 AM COMP/SOCIAL 1ST AM 9 FMG FMG FMG FMG available=False
2026-05-19 17:37:08 | INFO | Slot: time=09:15 am status=09:15 AM COMP/SOCIAL 1ST AM 9 available=False
2026-05-19 17:37:08 | INFO | Slot: time=09:23 am status=09:23 AM COMP/SOCIAL 1ST AM 9 FMG FMG FMG FMG available=False
2026-05-19 17:37:08 | INFO | Slot: time=09:23 am status=09:23 AM COMP/SOCIAL 1ST AM 9 available=False
2026-05-19 17:37:08 | INFO | Slot: time=09:31 am status=09:31 AM COMP/SOCIAL 1ST AM 9 FMG FMG FMG FMG available=False
2026-05-19 17:37:08 | INFO | Slot: time=09:31 am status=09:31 AM COMP/SOCIAL 1ST AM 9 available=False
2026-05-19 17:37:08 | INFO | Slot: time=08:03 am status=BOOK GROUP available=True
2026-05-19 17:37:08 | INFO | Slot: time=08:03 am status=08:03 AM COMP/SOCIAL 10TH AM 9 /18 FMG FMG FMG FMG available=False
2026-05-19 17:37:08 | INFO | Slot: time=08:03 am status=08:03 AM COMP/SOCIAL 10TH AM 9 /18 available=False
2026-05-19 17:37:08 | INFO | Slot: time=08:11 am status=08:11 AM COMP/SOCIAL 10TH AM 9 /18 FMG FMG FMG FMG available=False
2026-05-19 17:37:08 | INFO | Slot: time=08:11 am status=08:11 AM COMP/SOCIAL 10TH AM 9 /18 available=False
2026-05-19 17:37:08 | INFO | Slot: time=08:19 am status=08:19 AM COMP/SOCIAL 10TH AM 9 /18 FMG FMG FMG FMG available=False
2026-05-19 17:37:08 | INFO | Slot: time=08:19 am status=08:19 AM COMP/SOCIAL 10TH AM 9 /18 available=False
2026-05-19 17:37:08 | INFO | Slot: time=08:27 am status=08:27 AM COMP/SOCIAL 10TH AM 9 /18 FMG FMG FMG FMG available=False
2026-05-19 17:37:08 | INFO | Slot: time=08:27 am status=08:27 AM COMP/SOCIAL 10TH AM 9 /18 available=False
2026-05-19 17:37:08 | INFO | Slot: time=08:43 am status=BOOK GROUP available=True
2026-05-19 17:37:08 | INFO | Slot: time=08:59 am status=08:59 AM COMP/SOCIAL 10TH AM 9 /18 BRUGALETTA, MANNY SPECIAL 5.12 CRIVELLI, BRUNO SPECIAL 5.12 SCHIRATO, ROBERT SPECIAL  available=False
2026-05-19 17:37:08 | INFO | Slot: time=08:59 am status=08:59 AM COMP/SOCIAL 10TH AM 9 /18 available=False
2026-05-19 17:37:08 | INFO | Slot: time=11:28 am status=BOOK GROUP available=True
2026-05-19 17:37:08 | INFO | Slot: time=11:28 am status=11:28 AM COMP/SOCIAL 1ST PM 9 /18 SARACENO, DOMENIC YOUNG ADULT 21-25 RAIMONDI, CORRADO 6 DAY AQUARO, BENJAMIN 6 DAY DEL available=False
2026-05-19 17:37:08 | INFO | Slot: time=11:28 am status=11:28 AM COMP/SOCIAL 1ST PM 9 /18 available=False
2026-05-19 17:37:08 | INFO | Slot: time=11:36 am status=11:36 AM COMP/SOCIAL 1ST PM 9 /18 JONES, GEOFFREY SPECIAL 5.12 CORSETTI, JOSEPH SPECIAL 5.12 MCINERNEY, CHRIS SPECIAL 5. available=False
2026-05-19 17:37:08 | INFO | Slot: time=11:36 am status=11:36 AM COMP/SOCIAL 1ST PM 9 /18 available=False
2026-05-19 17:37:08 | INFO | Slot: time=11:44 am status=11:44 AM COMP/SOCIAL 1ST PM 9 /18 CARNELI, SAM 6 DAY CARNELI, TONY 6 DAY FORMICA, JOE 6 DAY COMPAGNINO, PAUL 6 DAY available=False
2026-05-19 17:37:08 | INFO | Slot: time=11:44 am status=11:44 AM COMP/SOCIAL 1ST PM 9 /18 available=False
2026-05-19 17:37:08 | INFO | Slot: time=11:52 am status=BOOK GROUP available=True
2026-05-19 17:37:08 | INFO | Slot: time=12:00 pm status=12:00 PM COMP/SOCIAL 1ST PM 9 /18 FRIDAY BOYS FRIDAY BOYS FRIDAY BOYS FRIDAY BOYS available=False
2026-05-19 17:37:08 | INFO | Slot: time=12:00 pm status=12:00 PM COMP/SOCIAL 1ST PM 9 /18 available=False
2026-05-19 17:37:08 | INFO | Slot: time=12:08 pm status=12:08 PM COMP/SOCIAL 1ST PM 9 /18 FRIDAY BOYS FRIDAY BOYS FRIDAY BOYS FRIDAY BOYS available=False
2026-05-19 17:37:08 | INFO | Slot: time=12:08 pm status=12:08 PM COMP/SOCIAL 1ST PM 9 /18 available=False
2026-05-19 17:37:08 | INFO | Slot: time=12:16 pm status=12:16 PM COMP/SOCIAL 1ST PM 9 /18 FRIDAY BOYS FRIDAY BOYS FRIDAY BOYS FRIDAY BOYS available=False
2026-05-19 17:37:08 | INFO | Slot: time=12:16 pm status=12:16 PM COMP/SOCIAL 1ST PM 9 /18 available=False
2026-05-19 17:37:08 | INFO | Slot: time=12:24 pm status=12:24 PM COMP/SOCIAL 1ST PM 9 /18 FRIDAY BOYS FRIDAY BOYS FRIDAY BOYS FRIDAY BOYS available=False
2026-05-19 17:37:08 | INFO | Slot: time=12:24 pm status=12:24 PM COMP/SOCIAL 1ST PM 9 /18 available=False
2026-05-19 17:37:08 | INFO | Slot: time=12:32 pm status=BOOK GROUP available=True
2026-05-19 17:37:08 | INFO | Slot: time=12:40 pm status=12:40 PM COMP/SOCIAL 1ST PM 9 /18 CARLTON, PATRICK JUNIORS 17-18 TARANTELLI, ALESSANDRO JUNIORS 15-16 STEWART, SHANE 7 D available=False
2026-05-19 17:37:08 | INFO | Slot: time=12:40 pm status=12:40 PM COMP/SOCIAL 1ST PM 9 /18 available=False
2026-05-19 17:37:08 | INFO | Slot: time=12:48 pm status=BOOK GROUP available=True
2026-05-19 17:37:08 | INFO | Slot: time=12:56 pm status=BOOK GROUP available=True
2026-05-19 17:37:08 | INFO | Slot: time=01:04 pm status=01:04 PM COMP/SOCIAL 1ST PM 9 /18 ABBOUCHI, NAZIH 7 DAY ABOU - EID, KHALED VISITOR ABOU-EID, ISSAM YOUNG ADULT 26-30 ABO available=False
2026-05-19 17:37:08 | INFO | Slot: time=01:04 pm status=01:04 PM COMP/SOCIAL 1ST PM 9 /18 available=False
2026-05-19 17:37:08 | INFO | Slot: time=01:12 pm status=01:12 PM COMP/SOCIAL 1ST PM 9 /18 WOOD, SARAH 5 DAY MOYLAN, ANGELA 5 DAY MATCHPLAY MATCHPLAY available=False
2026-05-19 17:37:08 | INFO | Slot: time=01:12 pm status=01:12 PM COMP/SOCIAL 1ST PM 9 /18 available=False
2026-05-19 17:37:08 | INFO | Slot: time=11:36 am status=BOOK GROUP available=True
2026-05-19 17:37:08 | INFO | Slot: time=11:44 am status=BOOK GROUP available=True
2026-05-19 17:37:08 | INFO | Slot: time=12:00 pm status=12:00 PM COMP/SOCIAL 10TH PM 9 /18 FRIDAY BOYS FRIDAY BOYS FRIDAY BOYS FRIDAY BOYS available=False
2026-05-19 17:37:08 | INFO | Slot: time=12:00 pm status=12:00 PM COMP/SOCIAL 10TH PM 9 /18 available=False
2026-05-19 17:37:08 | INFO | Slot: time=12:08 pm status=12:08 PM COMP/SOCIAL 10TH PM 9 /18 FRIDAY BOYS FRIDAY BOYS FRIDAY BOYS FRIDAY BOYS available=False
2026-05-19 17:37:08 | INFO | Slot: time=12:08 pm status=12:08 PM COMP/SOCIAL 10TH PM 9 /18 available=False
2026-05-19 17:37:08 | INFO | Slot: time=12:16 pm status=12:16 PM COMP/SOCIAL 10TH PM 9 /18 FRIDAY BOYS FRIDAY BOYS FRIDAY BOYS FRIDAY BOYS available=False
2026-05-19 17:37:08 | INFO | Slot: time=12:16 pm status=12:16 PM COMP/SOCIAL 10TH PM 9 /18 available=False
2026-05-19 17:37:08 | INFO | Slot: time=12:24 pm status=12:24 PM COMP/SOCIAL 10TH PM 9 /18 FRIDAY BOYS FRIDAY BOYS FRIDAY BOYS FRIDAY BOYS available=False
2026-05-19 17:37:08 | INFO | Slot: time=12:24 pm status=12:24 PM COMP/SOCIAL 10TH PM 9 /18 available=False
2026-05-19 17:37:08 | INFO | Slot: time=12:32 pm status=12:32 PM COMP/SOCIAL 10TH PM 9 /18 BREEN, BENJAMIN FLEXI BREEN, LIAM VISITOR LAU, SHANE VISITOR GUEST OF BEN available=False
2026-05-19 17:37:08 | INFO | Slot: time=12:32 pm status=12:32 PM COMP/SOCIAL 10TH PM 9 /18 available=False
2026-05-19 17:37:08 | INFO | Slot: time=12:40 pm status=BOOK GROUP available=True
2026-05-19 17:37:08 | INFO | Slot: time=12:56 pm status=12:56 PM COMP/SOCIAL 10TH PM 9 /18 HARRISON, AMANDA 5 DAY CHIN, ANNA NINE HOLE RHODES, ANDREA 5 DAY MUNRO, STEPHANIE 5 D available=False
2026-05-19 17:37:08 | INFO | Slot: time=12:56 pm status=12:56 PM COMP/SOCIAL 10TH PM 9 /18 available=False
2026-05-19 17:37:08 | INFO | Slot: time=01:04 pm status=BOOK GROUP available=True
2026-05-19 17:37:08 | INFO | Slot: time=04:50 pm status=BOOK GROUP available=True
2026-05-19 17:37:08 | INFO | Slot: time=04:58 pm status=BOOK GROUP available=True
2026-05-19 17:37:08 | INFO | Slot: time=05:06 pm status=BOOK GROUP available=True
2026-05-19 17:37:08 | INFO | Slot: time=05:14 pm status=BOOK GROUP available=True
2026-05-19 17:37:08 | INFO | Slot: time=05:22 pm status=BOOK GROUP available=True
2026-05-19 17:37:08 | INFO | Slot: time=05:30 pm status=BOOK GROUP available=True
2026-05-19 17:37:08 | INFO | Slot: time=05:38 pm status=BOOK GROUP available=True
2026-05-19 17:37:08 | INFO | Slot: time=05:46 pm status=BOOK GROUP available=True
2026-05-19 17:37:08 | INFO | Slot: time=05:54 pm status=BOOK GROUP available=True
2026-05-19 17:37:08 | INFO | Slot: time=06:02 pm status=BOOK GROUP available=True
2026-05-19 17:37:08 | INFO | Slot: time=06:10 pm status=BOOK GROUP available=True
2026-05-19 17:37:08 | INFO | Slot: time=06:18 pm status=BOOK GROUP available=True
2026-05-19 17:37:08 | INFO | Slot: time=06:26 pm status=BOOK GROUP available=True
2026-05-19 17:37:08 | INFO | Slot: time=03:30 pm status=BOOK GROUP available=True
2026-05-19 17:37:08 | INFO | Slot: time=03:38 pm status=BOOK GROUP available=True
2026-05-19 17:37:08 | INFO | Slot: time=03:46 pm status=BOOK GROUP available=True
2026-05-19 17:37:08 | INFO | Slot: time=03:54 pm status=BOOK GROUP available=True
2026-05-19 17:37:08 | INFO | Slot: time=04:02 pm status=BOOK GROUP available=True
2026-05-19 17:37:08 | INFO | Slot: time=04:10 pm status=BOOK GROUP available=True
2026-05-19 17:37:08 | INFO | Slot: time=04:18 pm status=BOOK GROUP available=True
2026-05-19 17:37:08 | INFO | Slot: time=04:26 pm status=BOOK GROUP available=True
2026-05-19 17:37:08 | INFO | Slot: time=04:34 pm status=BOOK GROUP available=True
2026-05-19 17:37:08 | INFO | Slot: time=04:42 pm status=BOOK GROUP available=True
2026-05-19 17:37:08 | INFO | STATE => BOOK_FIRST_AVAILABLE
2026-05-19 17:37:08 | INFO | Found 40 partially full groups. Prioritizing them over empty groups.
2026-05-19 17:37:08 | INFO | Found 40 eligible BOOK GROUP slots. Attempting bookings sequentially...
2026-05-19 17:37:08 | INFO | [1/40] Attempting to book slot: 07:07 am (BOOK GROUP)
2026-05-19 17:37:16 | INFO | No Playing Partners modal detected.
2026-05-19 17:37:16 | INFO | Successfully initiated booking flow for slot 07:07 am
2026-05-19 17:37:16 | INFO | STATE => CONFIRM_BOOKING
2026-05-19 17:37:18 | INFO | Saved screenshot: screenshots/20260519_123718_271382_pre_confirm_page.png
2026-05-19 17:37:18 | INFO | Confirm Booking button found: tag=button
2026-05-19 17:37:19 | INFO | Clicked Confirm Booking
2026-05-19 17:37:19 | INFO | STATE => VERIFY_SUCCESS
2026-05-19 17:37:23 | INFO | Verifying success. Current URL: https://northern.miclub.com.au/members/bookings/open/event.msp?booking_event_id=22475263&booking_resource_id=3000000&focus=22606932
2026-05-19 17:37:23 | INFO | Success! Detected booking redirect URL: https://northern.miclub.com.au/members/bookings/open/event.msp?booking_event_id=22475263&booking_resource_id=3000000&focus=22606932
2026-05-19 17:37:23 | INFO | BOOKING SECURED for Event 4: Slot 07:07 am!
2026-05-19 17:37:23 | INFO | STATE => RETURN_TO_EVENT_LIST
2026-05-19 17:37:23 | INFO | Returning to event list URL: https://northern.miclub.com.au/views/members/booking/eventList.xhtml
2026-05-19 17:37:29 | INFO | Processing OPEN event 5 of 8
2026-05-19 17:37:29 | INFO | STATE => OPEN_EVENT
2026-05-19 17:37:29 | INFO | Navigating into open event index 4: OPEN
2026-05-19 17:37:36 | INFO | Event tee sheet opened
2026-05-19 17:37:36 | INFO | STATE => COLLECT_TEE_ROWS
2026-05-19 17:37:46 | INFO | Discovered 121 candidate slots
2026-05-19 17:37:46 | INFO | Slot: time=07:16 am status=BOOK GROUP available=True
2026-05-19 17:37:46 | INFO | Slot: time=07:16 am status=07:16 AM 1ST TEE - COMPETITION MANTLE, JULIAN 7 DAY DUFF, CHRIS 7 DAY BRADLER, JAMES 7 DAY WARD, SAM 7 DAY 07:24 AM 1ST  available=False
2026-05-19 17:37:46 | INFO | Slot: time=07:16 am status=07:16 AM 1ST TEE - COMPETITION MANTLE, JULIAN 7 DAY DUFF, CHRIS 7 DAY BRADLER, JAMES 7 DAY WARD, SAM 7 DAY available=False
2026-05-19 17:37:46 | INFO | Slot: time=07:16 am status=07:16 AM 1ST TEE - COMPETITION available=False
2026-05-19 17:37:46 | INFO | Slot: time=07:24 am status=07:24 AM 1ST TEE - COMPETITION MARSHALL, NICK 7 DAY DUDDINGTON, MATHEW 7 DAY HOWITT, CHRIS 7 DAY KLEINIG, MICHAEL 7 DAY available=False
2026-05-19 17:37:46 | INFO | Slot: time=07:24 am status=07:24 AM 1ST TEE - COMPETITION available=False
2026-05-19 17:37:46 | INFO | Slot: time=07:32 am status=07:32 AM 1ST TEE - COMPETITION CAPECI, VINCE 7 DAY TAN, GWI 7 DAY MCMAHON, ANDREW 7 DAY TORR, JOHN 7 DAY available=False
2026-05-19 17:37:46 | INFO | Slot: time=07:32 am status=07:32 AM 1ST TEE - COMPETITION available=False
2026-05-19 17:37:46 | INFO | Slot: time=07:40 am status=07:40 AM 1ST TEE - COMPETITION BOWDEN, MURRAY 7 DAY O'CONNOR, BARRY 7 DAY BOWDEN, TOM YOUNG ADULT 21-25 TASSONE, VINCENT available=False
2026-05-19 17:37:46 | INFO | Slot: time=07:40 am status=07:40 AM 1ST TEE - COMPETITION available=False
2026-05-19 17:37:46 | INFO | Slot: time=07:48 am status=07:48 AM 1ST TEE - COMPETITION SARACENO, DOMENIC YOUNG ADULT 21-25 TABACCO, ZAC YOUNG ADULT 21-25 WEILAND, WILLIAM YOUNG available=False
2026-05-19 17:37:46 | INFO | Slot: time=07:48 am status=07:48 AM 1ST TEE - COMPETITION available=False
2026-05-19 17:37:46 | INFO | Slot: time=07:56 am status=07:56 AM 1ST TEE - COMPETITION JULIAN, RANNY 7 DAY IACONO, JIM 7 DAY RISTOVICHIS, VICTOR 7 DAY TORTORELLA, ANDREW 7 DAY available=False
2026-05-19 17:37:46 | INFO | Slot: time=07:56 am status=07:56 AM 1ST TEE - COMPETITION available=False
2026-05-19 17:37:46 | INFO | Slot: time=08:04 am status=08:04 AM 1ST TEE - COMPETITION HODDER, MATT 7 DAY HICKS, WAYNE 7 DAY MULLEN, BAETHAN 7 DAY COOK, BRENDAN 7 DAY available=False
2026-05-19 17:37:46 | INFO | Slot: time=08:04 am status=08:04 AM 1ST TEE - COMPETITION available=False
2026-05-19 17:37:46 | INFO | Slot: time=08:12 am status=08:12 AM 1ST TEE - COMPETITION RIPA, FRANK 7 DAY IMERI, RUSSELL 7 DAY MCCANN, PAUL 7 DAY WATKINS, TONY 7 DAY available=False
2026-05-19 17:37:46 | INFO | Slot: time=08:12 am status=08:12 AM 1ST TEE - COMPETITION available=False
2026-05-19 17:37:46 | INFO | Slot: time=08:20 am status=08:20 AM 1ST TEE - COMPETITION GABRIELE, SAM 7 DAY SCHERIAN, BRUNO 7 DAY TUMNEY, CLIFF 7 DAY STEPIEN, PAUL 7 DAY available=False
2026-05-19 17:37:46 | INFO | Slot: time=08:20 am status=08:20 AM 1ST TEE - COMPETITION available=False
2026-05-19 17:37:46 | INFO | Slot: time=08:28 am status=08:28 AM 1ST TEE - COMPETITION GARDINER, GREG 7 DAY RYAN, ROBERT 7 DAY STELLA, LUKE 7 DAY LYNCH, VAUGHN 7 DAY available=False
2026-05-19 17:37:46 | INFO | Slot: time=08:28 am status=08:28 AM 1ST TEE - COMPETITION available=False
2026-05-19 17:37:46 | INFO | Slot: time=08:36 am status=08:36 AM 1ST TEE - COMPETITION ADAMS, PETER 7 DAY PASHAKIS, PERRY 7 DAY GAZZOLA, MARCO 7 DAY PASHAKIS, ELIAS YOUNG ADULT available=False
2026-05-19 17:37:46 | INFO | Slot: time=08:36 am status=08:36 AM 1ST TEE - COMPETITION available=False
2026-05-19 17:37:46 | INFO | Slot: time=08:44 am status=08:44 AM 1ST TEE - COMPETITION SERRATORE, JACKSON YOUNG ADULT 21-25 ESMORE, STEVE YOUNG ADULT 26-30 SERRATORE, JOE 7 DAY available=False
2026-05-19 17:37:46 | INFO | Slot: time=08:44 am status=08:44 AM 1ST TEE - COMPETITION available=False
2026-05-19 17:37:46 | INFO | Slot: time=08:52 am status=08:52 AM 1ST TEE - COMPETITION MOUNTER, PHIL 7 DAY BROCCHI, GLENN 7 DAY DE CICCO, VINCE 7 DAY ITALIA, J P 7 DAY available=False
2026-05-19 17:37:46 | INFO | Slot: time=08:52 am status=08:52 AM 1ST TEE - COMPETITION available=False
2026-05-19 17:37:46 | INFO | Slot: time=09:00 am status=09:00 AM 1ST TEE - COMPETITION BASANISI, ANTON YOUNG ADULT 26-30 GRACEV, STEVEN YOUNG ADULT 26-30 PITTO, PETER 7 DAY PAR available=False
2026-05-19 17:37:46 | INFO | Slot: time=09:00 am status=09:00 AM 1ST TEE - COMPETITION available=False
2026-05-19 17:37:46 | INFO | Slot: time=09:08 am status=09:08 AM 1ST TEE - COMPETITION LO PRESTI, JUSTIN YOUNG ADULT 21-25 GODINO, LIAM YOUNG ADULT 21-25 PORTARO, NASH YOUNG AD available=False
2026-05-19 17:37:46 | INFO | Slot: time=09:08 am status=09:08 AM 1ST TEE - COMPETITION available=False
2026-05-19 17:37:46 | INFO | Slot: time=07:16 am status=07:16 AM 10TH TEE - COMPETITION TICKNER, ADAM 7 DAY BESLIS, WILL 7 DAY SONG, JIN 7 DAY HILL, GARY 7 DAY 07:24 AM 10TH TE available=False
2026-05-19 17:37:46 | INFO | Slot: time=07:16 am status=07:16 AM 10TH TEE - COMPETITION TICKNER, ADAM 7 DAY BESLIS, WILL 7 DAY SONG, JIN 7 DAY HILL, GARY 7 DAY available=False
2026-05-19 17:37:46 | INFO | Slot: time=07:16 am status=07:16 AM 10TH TEE - COMPETITION available=False
2026-05-19 17:37:46 | INFO | Slot: time=07:24 am status=07:24 AM 10TH TEE - COMPETITION NIEMANN, BRETT 7 DAY WILKES, STEVEN 7 DAY RODDA, MARK 7 DAY THOMPSON, CRAIG 7 DAY available=False
2026-05-19 17:37:46 | INFO | Slot: time=07:24 am status=07:24 AM 10TH TEE - COMPETITION available=False
2026-05-19 17:37:46 | INFO | Slot: time=07:32 am status=07:32 AM 10TH TEE - COMPETITION CULLEN, DANNY 7 DAY ALLAN, DAVID 7 DAY EMPEY, PHIL 7 DAY CULHANE, MARK 7 DAY available=False
2026-05-19 17:37:46 | INFO | Slot: time=07:32 am status=07:32 AM 10TH TEE - COMPETITION available=False
2026-05-19 17:37:46 | INFO | Slot: time=07:40 am status=07:40 AM 10TH TEE - COMPETITION KIM, SIMON 7 DAY COLOSIMO, SIMON 7 DAY CHUNG, YUN 7 DAY BOURKE, BEN 7 DAY available=False
2026-05-19 17:37:46 | INFO | Slot: time=07:40 am status=07:40 AM 10TH TEE - COMPETITION available=False
2026-05-19 17:37:46 | INFO | Slot: time=07:48 am status=07:48 AM 10TH TEE - COMPETITION PANELLA, JOSEPH 7 DAY BARING, OSCAR 7 DAY HEALES, NICHOLAS 7 DAY CHIRCOP, BRENDAN 7 DAY available=False
2026-05-19 17:37:46 | INFO | Slot: time=07:48 am status=07:48 AM 10TH TEE - COMPETITION available=False
2026-05-19 17:37:46 | INFO | Slot: time=07:56 am status=07:56 AM 10TH TEE - COMPETITION PENGELLY, KEN 7 DAY BOWLER, GREG 7 DAY TURNER, BLAIR YOUNG ADULT 21-25 BROCKWELL, KEVIN  available=False
2026-05-19 17:37:46 | INFO | Slot: time=07:56 am status=07:56 AM 10TH TEE - COMPETITION available=False
2026-05-19 17:37:46 | INFO | Slot: time=08:04 am status=08:04 AM 10TH TEE - COMPETITION MIDDLING, CORY 7 DAY BRASHER, WAYNE 7 DAY CADIGAN, STEPHEN 7 DAY VULIN, MILO 7 DAY available=False
2026-05-19 17:37:46 | INFO | Slot: time=08:04 am status=08:04 AM 10TH TEE - COMPETITION available=False
2026-05-19 17:37:46 | INFO | Slot: time=08:12 am status=08:12 AM 10TH TEE - COMPETITION ELDER, ROSS 7 DAY RYAN, BEN 7 DAY TING, JAY 7 DAY WALTA, BERNARD 7 DAY available=False
2026-05-19 17:37:46 | INFO | Slot: time=08:12 am status=08:12 AM 10TH TEE - COMPETITION available=False
2026-05-19 17:37:46 | INFO | Slot: time=08:20 am status=08:20 AM 10TH TEE - COMPETITION STEWART, SHANE 7 DAY AUSTIN, ALEXANDER 7 DAY COLLINS, DALE 7 DAY WISE, PAUL 7 DAY available=False
2026-05-19 17:37:46 | INFO | Slot: time=08:20 am status=08:20 AM 10TH TEE - COMPETITION available=False
2026-05-19 17:37:46 | INFO | Slot: time=08:28 am status=08:28 AM 10TH TEE - COMPETITION ARBON, CHRIS 7 DAY BAINBRIDGE, STEPHEN 7 DAY CHAN, STEVEN 7 DAY HOGAN, ANTHONY 7 DAY available=False
2026-05-19 17:37:46 | INFO | Slot: time=08:28 am status=08:28 AM 10TH TEE - COMPETITION available=False
2026-05-19 17:37:46 | INFO | Slot: time=08:36 am status=08:36 AM 10TH TEE - COMPETITION LALOR, SIMON 7 DAY PRESLAND, MICHAEL 7 DAY GILL, ANDREW 7 DAY YOUNG, GARY 7 DAY available=False
2026-05-19 17:37:46 | INFO | Slot: time=08:36 am status=08:36 AM 10TH TEE - COMPETITION available=False
2026-05-19 17:37:46 | INFO | Slot: time=08:44 am status=08:44 AM 10TH TEE - COMPETITION TARANTELLI, LUCA 7 DAY TARANTELLI, JORDAN JUNIORS 15-16 MUNTONI, PIERO 7 DAY TARANTELLI, available=False
2026-05-19 17:37:46 | INFO | Slot: time=08:44 am status=08:44 AM 10TH TEE - COMPETITION available=False
2026-05-19 17:37:46 | INFO | Slot: time=08:52 am status=08:52 AM 10TH TEE - COMPETITION THOMPSON, BRUCE 7 DAY QUINLAN, ANTHONY 7 DAY JHOTY, JOE 7 DAY LOGAN, TIM 7 DAY available=False
2026-05-19 17:37:46 | INFO | Slot: time=08:52 am status=08:52 AM 10TH TEE - COMPETITION available=False
2026-05-19 17:37:46 | INFO | Slot: time=09:00 am status=09:00 AM 10TH TEE - COMPETITION DECLEVA, MARK 7 DAY DEBEVC, MARK 7 DAY VELARDO, ROMEO 7 DAY VELARDO, JOSHUA YOUNG ADULT  available=False
2026-05-19 17:37:46 | INFO | Slot: time=09:00 am status=09:00 AM 10TH TEE - COMPETITION available=False
2026-05-19 17:37:46 | INFO | Slot: time=09:08 am status=09:08 AM 10TH TEE - COMPETITION PUGLIESE, PETER 7 DAY BUDGE, FRANK 7 DAY WILSON, HARVEY 7 DAY BOND, STEPHEN COUNTRY available=False
2026-05-19 17:37:46 | INFO | Slot: time=09:08 am status=09:08 AM 10TH TEE - COMPETITION available=False
2026-05-19 17:37:46 | INFO | Slot: time=11:35 am status=BOOK GROUP available=True
2026-05-19 17:37:46 | INFO | Slot: time=11:35 am status=11:35 AM 1ST TEE - COMPETITION ELLIS, DAVID 7 DAY FORSTER, PETER 7 DAY SWEBBS, MICK 7 DAY EDNIE, MARK 7 DAY available=False
2026-05-19 17:37:46 | INFO | Slot: time=11:35 am status=11:35 AM 1ST TEE - COMPETITION available=False
2026-05-19 17:37:46 | INFO | Slot: time=11:43 am status=11:43 AM 1ST TEE - COMPETITION JENKINS, SHAUN 7 DAY READER, SAMUEL YOUNG ADULT 26-30 COOKE, JAMIE 7 DAY WATSON, JED 7 DA available=False
2026-05-19 17:37:46 | INFO | Slot: time=11:43 am status=11:43 AM 1ST TEE - COMPETITION available=False
2026-05-19 17:37:46 | INFO | Slot: time=11:51 am status=11:51 AM 1ST TEE - COMPETITION CARROLL, PHILLIP 7 DAY LAVENDER, JAMES 7 DAY GRIGGS, MICHAEL 7 DAY WEIGHT, SCOTT 7 DAY available=False
2026-05-19 17:37:46 | INFO | Slot: time=11:51 am status=11:51 AM 1ST TEE - COMPETITION available=False
2026-05-19 17:37:46 | INFO | Slot: time=11:59 am status=11:59 AM 1ST TEE - COMPETITION MEREDITH, BRIAN 7 DAY GACESA, ROBERT 7 DAY ABRAHAM, TERRY 7 DAY STRAUBENMUELLER, JOEL 7 D available=False
2026-05-19 17:37:46 | INFO | Slot: time=11:59 am status=11:59 AM 1ST TEE - COMPETITION available=False
2026-05-19 17:37:46 | INFO | Slot: time=12:07 pm status=12:07 PM 1ST TEE - COMPETITION VERNALI, ROBERT 7 DAY VERNALI, BRIDGET 7 DAY CATTLIN, LUKE 7 DAY DALY, KEVIN COUNTRY available=False
2026-05-19 17:37:46 | INFO | Slot: time=12:07 pm status=12:07 PM 1ST TEE - COMPETITION available=False
2026-05-19 17:37:46 | INFO | Slot: time=12:15 pm status=12:15 PM 1ST TEE - COMPETITION HILL, MATTHEW 7 DAY WILSON, LEIGH 7 DAY WILSON, STEPHEN 7 DAY WILLETT, ISAAC YOUNG ADULT  available=False
2026-05-19 17:37:46 | INFO | Slot: time=12:15 pm status=12:15 PM 1ST TEE - COMPETITION available=False
2026-05-19 17:37:46 | INFO | Slot: time=12:23 pm status=12:23 PM 1ST TEE - COMPETITION DYE, DARREN 7 DAY MURRAY, BENNY 7 DAY MOON, GRAEME 7 DAY JUKES, CHRIS 7 DAY available=False
2026-05-19 17:37:46 | INFO | Slot: time=12:23 pm status=12:23 PM 1ST TEE - COMPETITION available=False
2026-05-19 17:37:46 | INFO | Slot: time=12:31 pm status=12:31 PM 1ST TEE - COMPETITION DRUMMOND, GRAEME 7 DAY CLINCH, BERNIE 7 DAY GILBERTSON, KEN 7 DAY DRAKE, PAUL 7 DAY available=False
2026-05-19 17:37:46 | INFO | Slot: time=12:31 pm status=12:31 PM 1ST TEE - COMPETITION available=False
2026-05-19 17:37:46 | INFO | Slot: time=12:39 pm status=12:39 PM 1ST TEE - COMPETITION SMITH, PETER 7 DAY GRIBUSTS, RAYMOND 7 DAY SLEVISON, MARK 7 DAY VILLELLA, JOHN 7 DAY available=False
2026-05-19 17:37:46 | INFO | Slot: time=12:39 pm status=12:39 PM 1ST TEE - COMPETITION available=False
2026-05-19 17:37:46 | INFO | Slot: time=12:47 pm status=BOOK GROUP available=True
2026-05-19 17:37:46 | INFO | Slot: time=UNKNOWN status=BOOK GROUP available=True
2026-05-19 17:37:46 | INFO | Slot: time=12:55 pm status=BOOK GROUP available=True
2026-05-19 17:37:46 | INFO | Slot: time=01:03 pm status=BOOK GROUP available=True
2026-05-19 17:37:46 | INFO | Slot: time=11:35 am status=11:35 AM 10TH TEE - COMPETITION MOORE, IAN 7 DAY CONSTABLE, PHILIP 7 DAY ABBOUCHI, NAZIH 7 DAY JANSEN, TYSON 7 DAY available=False
2026-05-19 17:37:46 | INFO | Slot: time=11:35 am status=11:35 AM 10TH TEE - COMPETITION available=False
2026-05-19 17:37:46 | INFO | Slot: time=11:43 am status=11:43 AM 10TH TEE - COMPETITION CLEMENTS, PHIL 7 DAY MCNAMARA, PHILIP 7 DAY CONDRON, ALAN 7 DAY SILVIO, MARIO 7 DAY available=False
2026-05-19 17:37:46 | INFO | Slot: time=11:43 am status=11:43 AM 10TH TEE - COMPETITION available=False
2026-05-19 17:37:46 | INFO | Slot: time=11:51 am status=11:51 AM 10TH TEE - COMPETITION VOCALE, BEN 7 DAY KOPPANY, PETER 7 DAY RAFEI, AMER 7 DAY METINTOK, ALAN 7 DAY available=False
2026-05-19 17:37:46 | INFO | Slot: time=11:51 am status=11:51 AM 10TH TEE - COMPETITION available=False
2026-05-19 17:37:46 | INFO | Slot: time=11:59 am status=11:59 AM 10TH TEE - COMPETITION BORG, TONY 7 DAY PAOLO, DOMINIC 7 DAY MARNELL, JOHN 7 DAY CARUSO, JOHN 7 DAY available=False
2026-05-19 17:37:46 | INFO | Slot: time=11:59 am status=11:59 AM 10TH TEE - COMPETITION available=False
2026-05-19 17:37:46 | INFO | Slot: time=12:07 pm status=12:07 PM 10TH TEE - COMPETITION GUGLIOTTI, MANNY JUNIORS 12-14 GUGLIOTTI, ROBERT 7 DAY PITLIANGAS, MINA 7 DAY PITLIANGAS available=False
2026-05-19 17:37:46 | INFO | Slot: time=12:07 pm status=12:07 PM 10TH TEE - COMPETITION available=False
2026-05-19 17:37:46 | INFO | Slot: time=12:15 pm status=12:15 PM 10TH TEE - COMPETITION BURGESS, ANNE 7 DAY MONKCOM, BRAD 7 DAY BURGESS, BENJAMIN VISITOR - BURLEIGH GOLF CLUB C available=False
2026-05-19 17:37:46 | INFO | Slot: time=12:15 pm status=12:15 PM 10TH TEE - COMPETITION available=False
2026-05-19 17:37:46 | INFO | Slot: time=12:23 pm status=12:23 PM 10TH TEE - COMPETITION MOTT, FRANCIS 7 DAY BLACK, PETER 7 DAY MCCARTIN, LEO 7 DAY EMERY, MICHAEL 7 DAY available=False
2026-05-19 17:37:46 | INFO | Slot: time=12:23 pm status=12:23 PM 10TH TEE - COMPETITION available=False
2026-05-19 17:37:46 | INFO | Slot: time=12:31 pm status=12:31 PM 10TH TEE - COMPETITION LEECH, LEON 7 DAY RIGHTON, RUSSELL 7 DAY VEALE, DAVID 7 DAY CLAYTON, WAYNE 7 DAY available=False
2026-05-19 17:37:46 | INFO | Slot: time=12:31 pm status=12:31 PM 10TH TEE - COMPETITION available=False
2026-05-19 17:37:46 | INFO | Slot: time=12:39 pm status=BOOK GROUP available=True
2026-05-19 17:37:46 | INFO | Slot: time=03:45 pm status=BOOK GROUP available=True
2026-05-19 17:37:46 | INFO | Slot: time=03:53 pm status=BOOK GROUP available=True
2026-05-19 17:37:46 | INFO | Slot: time=04:01 pm status=BOOK GROUP available=True
2026-05-19 17:37:46 | INFO | Slot: time=04:09 pm status=BOOK GROUP available=True
2026-05-19 17:37:46 | INFO | Slot: time=04:17 pm status=BOOK GROUP available=True
2026-05-19 17:37:46 | INFO | Slot: time=04:25 pm status=BOOK GROUP available=True
2026-05-19 17:37:46 | INFO | Slot: time=04:33 pm status=BOOK GROUP available=True
2026-05-19 17:37:46 | INFO | Slot: time=04:41 pm status=BOOK GROUP available=True
2026-05-19 17:37:46 | INFO | Slot: time=04:49 pm status=BOOK GROUP available=True
2026-05-19 17:37:46 | INFO | Slot: time=04:57 pm status=BOOK GROUP available=True
2026-05-19 17:37:46 | INFO | Slot: time=05:05 pm status=BOOK GROUP available=True
2026-05-19 17:37:46 | INFO | Slot: time=05:13 pm status=BOOK GROUP available=True
2026-05-19 17:37:46 | INFO | Slot: time=05:21 pm status=BOOK GROUP available=True
2026-05-19 17:37:46 | INFO | Slot: time=05:29 pm status=BOOK GROUP available=True
2026-05-19 17:37:46 | INFO | Slot: time=05:37 pm status=BOOK GROUP available=True
2026-05-19 17:37:46 | INFO | Slot: time=05:45 pm status=BOOK GROUP available=True
2026-05-19 17:37:46 | INFO | Slot: time=05:53 pm status=BOOK GROUP available=True
2026-05-19 17:37:46 | INFO | Slot: time=06:01 pm status=BOOK GROUP available=True
2026-05-19 17:37:46 | INFO | STATE => BOOK_FIRST_AVAILABLE
2026-05-19 17:37:46 | INFO | Found 24 partially full groups. Prioritizing them over empty groups.
2026-05-19 17:37:46 | INFO | Found 24 eligible BOOK GROUP slots. Attempting bookings sequentially...
2026-05-19 17:37:46 | INFO | [1/24] Attempting to book slot: 07:16 am (BOOK GROUP)
2026-05-19 17:37:48 | WARNING | Browser alert popped up: This booking time has already been booked.  The bookings will be shown the next time this page is refreshed.
2026-05-19 17:37:48 | INFO | Slot 07:16 am is already booked, attempting next slot...
2026-05-19 17:37:48 | INFO | [2/24] Attempting to book slot: 11:35 am (BOOK GROUP)
2026-05-19 17:37:50 | WARNING | Browser alert popped up: This booking time has already been booked.  The bookings will be shown the next time this page is refreshed.
2026-05-19 17:37:50 | INFO | Slot 11:35 am is already booked, attempting next slot...
2026-05-19 17:37:50 | INFO | [3/24] Attempting to book slot: 12:39 pm (BOOK GROUP)
2026-05-19 17:37:58 | INFO | No Playing Partners modal detected.
2026-05-19 17:37:58 | INFO | Successfully initiated booking flow for slot 12:39 pm
2026-05-19 17:37:58 | INFO | STATE => CONFIRM_BOOKING
2026-05-19 17:38:00 | INFO | Saved screenshot: screenshots/20260519_123800_687496_pre_confirm_page.png
2026-05-19 17:38:00 | INFO | Confirm Booking button found: tag=button
2026-05-19 17:38:01 | INFO | Clicked Confirm Booking
2026-05-19 17:38:01 | INFO | STATE => VERIFY_SUCCESS
2026-05-19 17:38:05 | INFO | Verifying success. Current URL: https://northern.miclub.com.au/members/bookings/open/event.msp?booking_event_id=22475264&booking_resource_id=3000000&focus=22607381
2026-05-19 17:38:05 | INFO | Success! Detected booking redirect URL: https://northern.miclub.com.au/members/bookings/open/event.msp?booking_event_id=22475264&booking_resource_id=3000000&focus=22607381
2026-05-19 17:38:05 | INFO | BOOKING SECURED for Event 5: Slot 12:39 pm!
2026-05-19 17:38:05 | INFO | STATE => RETURN_TO_EVENT_LIST
2026-05-19 17:38:05 | INFO | Returning to event list URL: https://northern.miclub.com.au/views/members/booking/eventList.xhtml
2026-05-19 17:38:12 | INFO | Processing OPEN event 6 of 8
2026-05-19 17:38:12 | INFO | STATE => OPEN_EVENT
2026-05-19 17:38:12 | INFO | Navigating into open event index 5: OPEN
2026-05-19 17:38:19 | INFO | Event tee sheet opened
2026-05-19 17:38:19 | INFO | STATE => COLLECT_TEE_ROWS
2026-05-19 17:38:26 | INFO | Discovered 130 candidate slots
2026-05-19 17:38:26 | INFO | Slot: time=07:16 am status=BOOK GROUP available=True
2026-05-19 17:38:26 | INFO | Slot: time=07:16 am status=07:16 AM 1ST TEE - COMPETITION PANELLA, JOSEPH 7 DAY BARING, OSCAR 7 DAY CHIRCOP, BRENDAN 7 DAY COOK, BRENDAN 7 DAY 07:2 available=False
2026-05-19 17:38:26 | INFO | Slot: time=07:16 am status=07:16 AM 1ST TEE - COMPETITION PANELLA, JOSEPH 7 DAY BARING, OSCAR 7 DAY CHIRCOP, BRENDAN 7 DAY COOK, BRENDAN 7 DAY available=False
2026-05-19 17:38:26 | INFO | Slot: time=07:16 am status=07:16 AM 1ST TEE - COMPETITION available=False
2026-05-19 17:38:26 | INFO | Slot: time=07:24 am status=07:24 AM 1ST TEE - COMPETITION TAN, GWI 7 DAY TARALLO, GUIDO 5 DAY MOTT, GAVAN 5 DAY MOTT, CHRIS 7 DAY available=False
2026-05-19 17:38:26 | INFO | Slot: time=07:24 am status=07:24 AM 1ST TEE - COMPETITION available=False
2026-05-19 17:38:26 | INFO | Slot: time=07:32 am status=07:32 AM 1ST TEE - COMPETITION TORR, JOHN 7 DAY MOONEY, MARK 6 DAY BEARDER, DANIEL 6 DAY MOLONEY, MARK 6 DAY available=False
2026-05-19 17:38:26 | INFO | Slot: time=07:32 am status=07:32 AM 1ST TEE - COMPETITION available=False
2026-05-19 17:38:26 | INFO | Slot: time=07:40 am status=07:40 AM 1ST TEE - COMPETITION MAHON, NATHAN 5 DAY YOUNG, GARY 7 DAY GILL, ANDREW 7 DAY KASSIS, NICK FLEXI available=False
2026-05-19 17:38:26 | INFO | Slot: time=07:40 am status=07:40 AM 1ST TEE - COMPETITION available=False
2026-05-19 17:38:26 | INFO | Slot: time=07:48 am status=07:48 AM 1ST TEE - COMPETITION KING, BRENDON 6 DAY GUERCIO, JACK 7 DAY STELLA, LUKE 7 DAY SALIBA, DAVID 7 DAY available=False
2026-05-19 17:38:26 | INFO | Slot: time=07:48 am status=07:48 AM 1ST TEE - COMPETITION available=False
2026-05-19 17:38:26 | INFO | Slot: time=07:56 am status=07:56 AM 1ST TEE - COMPETITION HURREN, LAURIE 5 DAY MORRAN, ANDREW 5 DAY GOUWS, MARIUS 5 DAY FERELLA, LUCA 5 DAY available=False
2026-05-19 17:38:26 | INFO | Slot: time=07:56 am status=07:56 AM 1ST TEE - COMPETITION available=False
2026-05-19 17:38:26 | INFO | Slot: time=08:04 am status=08:04 AM 1ST TEE - COMPETITION KIM, SIMON 7 DAY CHUNG, YUN 7 DAY NGUYEN, MINH 5 DAY KOVACEVIC, NICK 5 DAY available=False
2026-05-19 17:38:26 | INFO | Slot: time=08:04 am status=08:04 AM 1ST TEE - COMPETITION available=False
2026-05-19 17:38:26 | INFO | Slot: time=08:12 am status=08:12 AM 1ST TEE - COMPETITION LYMBOURIS, GEORGE 5 DAY SONG, JIN 7 DAY JONES, SCOTT 7 DAY HOGAN, ANTHONY 7 DAY available=False
2026-05-19 17:38:26 | INFO | Slot: time=08:12 am status=08:12 AM 1ST TEE - COMPETITION available=False
2026-05-19 17:38:26 | INFO | Slot: time=08:20 am status=08:20 AM 1ST TEE - COMPETITION TARANTELLI, LUCA 7 DAY TARANTELLI, JORDAN JUNIORS 15-16 TARANTELLI, ERMINIO 7 DAY TARANTE available=False
2026-05-19 17:38:26 | INFO | Slot: time=08:20 am status=08:20 AM 1ST TEE - COMPETITION available=False
2026-05-19 17:38:26 | INFO | Slot: time=08:28 am status=08:28 AM 1ST TEE - COMPETITION WEST, ALAN 5 DAY WEST, JIE 5 DAY GALTIERI, LEEANNE 5 DAY GALTIERI, VINCE 6 DAY available=False
2026-05-19 17:38:26 | INFO | Slot: time=08:28 am status=08:28 AM 1ST TEE - COMPETITION available=False
2026-05-19 17:38:26 | INFO | Slot: time=08:36 am status=08:36 AM 1ST TEE - COMPETITION MIDDLING, CORY 7 DAY LORENZI, ANDREW 6 DAY BRASHER, WAYNE 7 DAY BELCHER, JANE 6 DAY available=False
2026-05-19 17:38:26 | INFO | Slot: time=08:36 am status=08:36 AM 1ST TEE - COMPETITION available=False
2026-05-19 17:38:26 | INFO | Slot: time=08:44 am status=08:44 AM 1ST TEE - COMPETITION GREALY, MAURIE 7 DAY CORBEN, DAVID 6 DAY SUTCLIFFE, LEWIS 6 DAY MILLION, JAMES 7 DAY available=False
2026-05-19 17:38:26 | INFO | Slot: time=08:44 am status=08:44 AM 1ST TEE - COMPETITION available=False
2026-05-19 17:38:26 | INFO | Slot: time=08:52 am status=08:52 AM 1ST TEE - COMPETITION CLARKSON, JOSH 7 DAY BENHIM, ADNAN 7 DAY HAMMOUD, SHOUE 5 DAY SAAD, ALI 5 DAY available=False
2026-05-19 17:38:26 | INFO | Slot: time=08:52 am status=08:52 AM 1ST TEE - COMPETITION available=False
2026-05-19 17:38:26 | INFO | Slot: time=09:00 am status=09:00 AM 1ST TEE - COMPETITION CULAKOVSKI, BARBARA 5 DAY CULAKOVSKI, SASHA 7 DAY BACKERRA, YVONNE 5 DAY SCOTT, ROB 6 DAY available=False
2026-05-19 17:38:26 | INFO | Slot: time=09:00 am status=09:00 AM 1ST TEE - COMPETITION available=False
2026-05-19 17:38:26 | INFO | Slot: time=09:08 am status=09:08 AM 1ST TEE - COMPETITION BASANISI, ANTON YOUNG ADULT 26-30 STEINMANN, GUS YOUNG ADULT 26-30 MCNAMARA, PHILIP 7 DAY available=False
2026-05-19 17:38:26 | INFO | Slot: time=09:08 am status=09:08 AM 1ST TEE - COMPETITION available=False
2026-05-19 17:38:26 | INFO | Slot: time=07:16 am status=07:16 AM 10TH TEE - COMPETITION GAN, SEAN 5 DAY BARWELL, NICK 5 DAY FAIRCHILD, BRADLEY 5 DAY TALARICO, ANGELO 7 DAY 07:2 available=False
2026-05-19 17:38:26 | INFO | Slot: time=07:16 am status=07:16 AM 10TH TEE - COMPETITION GAN, SEAN 5 DAY BARWELL, NICK 5 DAY FAIRCHILD, BRADLEY 5 DAY TALARICO, ANGELO 7 DAY available=False
2026-05-19 17:38:26 | INFO | Slot: time=07:16 am status=07:16 AM 10TH TEE - COMPETITION available=False
2026-05-19 17:38:26 | INFO | Slot: time=07:24 am status=07:24 AM 10TH TEE - COMPETITION ALECKSON, KURT 5 DAY DEVLIN, BRENDAN 5 DAY DINH, NATHAN 5 DAY SKOLARIKIS, MICHAEL YOUNG  available=False
2026-05-19 17:38:26 | INFO | Slot: time=07:24 am status=07:24 AM 10TH TEE - COMPETITION available=False
2026-05-19 17:38:26 | INFO | Slot: time=07:32 am status=07:32 AM 10TH TEE - COMPETITION LAMBERT, COLIN 6 DAY WILLIAMS, JANETTE 5 DAY MURPHY, WARWICK 5 DAY BROWN, MICHAEL 5 DAY available=False
2026-05-19 17:38:26 | INFO | Slot: time=07:32 am status=07:32 AM 10TH TEE - COMPETITION available=False
2026-05-19 17:38:26 | INFO | Slot: time=07:40 am status=07:40 AM 10TH TEE - COMPETITION ALLAN, DAVID 7 DAY CULLEN, DANNY 7 DAY EMPEY, PHIL 7 DAY CAPECI, VINCE 7 DAY available=False
2026-05-19 17:38:26 | INFO | Slot: time=07:40 am status=07:40 AM 10TH TEE - COMPETITION available=False
2026-05-19 17:38:26 | INFO | Slot: time=07:48 am status=07:48 AM 10TH TEE - COMPETITION HODDER, MATT 7 DAY BYGATE, WAYNE 6 DAY PENGELLY, KEN 7 DAY BOWLER, GREG 7 DAY available=False
2026-05-19 17:38:26 | INFO | Slot: time=07:48 am status=07:48 AM 10TH TEE - COMPETITION available=False
2026-05-19 17:38:26 | INFO | Slot: time=07:56 am status=07:56 AM 10TH TEE - COMPETITION DE CICCO, VINCE 7 DAY DE CICCO, MICHAEL YOUNG ADULT 21-25 PITTO, PETER 7 DAY PARTHIMOS,  available=False
2026-05-19 17:38:26 | INFO | Slot: time=07:56 am status=07:56 AM 10TH TEE - COMPETITION available=False
2026-05-19 17:38:26 | INFO | Slot: time=08:04 am status=08:04 AM 10TH TEE - COMPETITION DINES, PAUL 6 DAY STEVENSON, DAVID 5 DAY BROCKWELL, KEVIN 7 DAY MCCANN, STEPHEN N 6 DAY available=False
2026-05-19 17:38:26 | INFO | Slot: time=08:04 am status=08:04 AM 10TH TEE - COMPETITION available=False
2026-05-19 17:38:26 | INFO | Slot: time=08:12 am status=08:12 AM 10TH TEE - COMPETITION WOTHERSPOON, IAN 6 DAY BANAVALI, GIRISH 6 DAY FERRIS, COLIN 6 DAY HARRIS, JOHN 6 DAY available=False
2026-05-19 17:38:26 | INFO | Slot: time=08:12 am status=08:12 AM 10TH TEE - COMPETITION available=False
2026-05-19 17:38:26 | INFO | Slot: time=08:20 am status=08:20 AM 10TH TEE - COMPETITION MUNRO, STEPHANIE 5 DAY CAMERON, LOUIS 7 DAY FRIEDMAN, DANIEL 5 DAY COMMISSO, MICHAEL YOU available=False
2026-05-19 17:38:26 | INFO | Slot: time=08:20 am status=08:20 AM 10TH TEE - COMPETITION available=False
2026-05-19 17:38:26 | INFO | Slot: time=08:28 am status=08:28 AM 10TH TEE - COMPETITION ESSEX, TREVOR 6 DAY HYNES, JIM 6 DAY QUINTON, ALAN 6 DAY HILL, JENNIE 6 DAY available=False
2026-05-19 17:38:26 | INFO | Slot: time=08:28 am status=08:28 AM 10TH TEE - COMPETITION available=False
2026-05-19 17:38:26 | INFO | Slot: time=08:36 am status=08:36 AM 10TH TEE - COMPETITION RONALDSON, LACHLAN YOUNG ADULT 26-30 CLEMENTE, ADAM YOUNG ADULT 26-30 DEL BUSSO, ADAM YO available=False
2026-05-19 17:38:26 | INFO | Slot: time=08:36 am status=08:36 AM 10TH TEE - COMPETITION available=False
2026-05-19 17:38:26 | INFO | Slot: time=08:44 am status=08:44 AM 10TH TEE - COMPETITION TEMPERLEY, CHRIS 5 DAY SYMONS, TYSON 5 DAY PHELAN, KEVIN 5 DAY DE PETRO, ANDREW 5 DAY available=False
2026-05-19 17:38:26 | INFO | Slot: time=08:44 am status=08:44 AM 10TH TEE - COMPETITION available=False
2026-05-19 17:38:26 | INFO | Slot: time=08:52 am status=08:52 AM 10TH TEE - COMPETITION PITLIANGAS, MINA 7 DAY PITLIANGAS, ANTHONY YOUNG ADULT 26-30 LYNCH, VAUGHN 7 DAY PEZZIME available=False
2026-05-19 17:38:26 | INFO | Slot: time=08:52 am status=08:52 AM 10TH TEE - COMPETITION available=False
2026-05-19 17:38:26 | INFO | Slot: time=09:00 am status=09:00 AM 10TH TEE - COMPETITION HURST, JEFF 6 DAY LO GIUDICE, JOE 6 DAY CALDARARO, LOU 6 DAY LOGIUDICE, TONY 6 DAY available=False
2026-05-19 17:38:26 | INFO | Slot: time=09:00 am status=09:00 AM 10TH TEE - COMPETITION available=False
2026-05-19 17:38:26 | INFO | Slot: time=09:08 am status=09:08 AM 10TH TEE - COMPETITION PERRY, TREVOR 5 DAY JOYNER, DAVID 5 DAY SULLIVAN, MAURICE 5 DAY FEEHAN, TONY 5 DAY available=False
2026-05-19 17:38:26 | INFO | Slot: time=09:08 am status=09:08 AM 10TH TEE - COMPETITION available=False
2026-05-19 17:38:26 | INFO | Slot: time=11:41 am status=11:41 AM 1ST TEE - COMPETITION BROWN, ANTHONY COUNTRY HEALEY, JASON 7 DAY WEIGHT, SCOTT 7 DAY PEATE, TONY 7 DAY 11:49 AM available=False
2026-05-19 17:38:26 | INFO | Slot: time=11:41 am status=11:41 AM 1ST TEE - COMPETITION BROWN, ANTHONY COUNTRY HEALEY, JASON 7 DAY WEIGHT, SCOTT 7 DAY PEATE, TONY 7 DAY available=False
2026-05-19 17:38:26 | INFO | Slot: time=11:41 am status=11:41 AM 1ST TEE - COMPETITION available=False
2026-05-19 17:38:26 | INFO | Slot: time=11:49 am status=11:49 AM 1ST TEE - COMPETITION BORG, TONY 7 DAY MARNELL, JOHN 7 DAY PARKER, CRAIG 6 DAY NORTON, JOCK 6 DAY available=False
2026-05-19 17:38:26 | INFO | Slot: time=11:49 am status=11:49 AM 1ST TEE - COMPETITION available=False
2026-05-19 17:38:26 | INFO | Slot: time=11:57 am status=11:57 AM 1ST TEE - COMPETITION COORAY, SEAN 7 DAY BOZIKIS, ANGE 7 DAY TAYLOR, DAVID 5 DAY LOGAN, TIM 7 DAY available=False
2026-05-19 17:38:26 | INFO | Slot: time=11:57 am status=11:57 AM 1ST TEE - COMPETITION available=False
2026-05-19 17:38:26 | INFO | Slot: time=12:05 pm status=12:05 PM 1ST TEE - COMPETITION SMITH, BRIAN 7 DAY SMITH, JAN 5 DAY GORMAN, PETER 6 DAY GORMAN, JUDITH 5 DAY available=False
2026-05-19 17:38:26 | INFO | Slot: time=12:05 pm status=12:05 PM 1ST TEE - COMPETITION available=False
2026-05-19 17:38:26 | INFO | Slot: time=12:13 pm status=12:13 PM 1ST TEE - COMPETITION RIGHTON, RUSSELL 7 DAY RIGHTON, JILL 5 DAY RISTOVICHIS, VICTOR 7 DAY NGUYEN, LINH 6 DAY available=False
2026-05-19 17:38:26 | INFO | Slot: time=12:13 pm status=12:13 PM 1ST TEE - COMPETITION available=False
2026-05-19 17:38:26 | INFO | Slot: time=12:21 pm status=12:21 PM 1ST TEE - COMPETITION MONKCOM, BRAD 7 DAY BURGESS, ANNE 7 DAY AGIUS, FRANK 6 DAY AGIUS, JOYCE 5 DAY available=False
2026-05-19 17:38:26 | INFO | Slot: time=12:21 pm status=12:21 PM 1ST TEE - COMPETITION available=False
2026-05-19 17:38:26 | INFO | Slot: time=12:29 pm status=12:29 PM 1ST TEE - COMPETITION CLEMENTS, DEB 5 DAY CLEMENTS, PHIL 7 DAY RYAN, STEPHEN 5 DAY RYAN, JOY 5 DAY available=False
2026-05-19 17:38:26 | INFO | Slot: time=12:29 pm status=12:29 PM 1ST TEE - COMPETITION available=False
2026-05-19 17:38:26 | INFO | Slot: time=12:37 pm status=12:37 PM 1ST TEE - COMPETITION WALKER, MARY 5 DAY BISHOP, KATHRYN 5 DAY GRIBUSTS, RAYMOND 7 DAY CARROLL, PHILLIP 7 DAY available=False
2026-05-19 17:38:26 | INFO | Slot: time=12:37 pm status=12:37 PM 1ST TEE - COMPETITION available=False
2026-05-19 17:38:26 | INFO | Slot: time=12:45 pm status=12:45 PM 1ST TEE - COMPETITION CERRA, MARIO 5 DAY CURRAN, PETER 7 DAY GRIGGS, MICHAEL 7 DAY GRIGGS, MATTHEW YOUNG ADULT  available=False
2026-05-19 17:38:26 | INFO | Slot: time=12:45 pm status=12:45 PM 1ST TEE - COMPETITION available=False
2026-05-19 17:38:26 | INFO | Slot: time=12:53 pm status=12:53 PM 1ST TEE - COMPETITION TUTTLE, PHILIP 6 DAY MCCOLL, RICK 7 DAY FEIL, JOSHUA JUNIORS 17-18 CLOUGH, SAM JUNIORS 19 available=False
2026-05-19 17:38:26 | INFO | Slot: time=12:53 pm status=12:53 PM 1ST TEE - COMPETITION available=False
2026-05-19 17:38:26 | INFO | Slot: time=01:01 pm status=01:01 PM 1ST TEE - COMPETITION ARMSTRONG, JOHN 7 DAY JHOTY, JOE 7 DAY MACHADO, SAM JUNIORS 12-14 MOORE, IAN 7 DAY available=False
2026-05-19 17:38:26 | INFO | Slot: time=01:01 pm status=01:01 PM 1ST TEE - COMPETITION available=False
2026-05-19 17:38:26 | INFO | Slot: time=11:35 am status=11:35 AM 10TH TEE - COMPETITION SPAIN, LEANNE 5 DAY KIRKHAM, LYN 5 DAY BROOKS, JENNY 5 DAY SIMPSON, CHRISTINE 5 DAY 11:4 available=False
2026-05-19 17:38:26 | INFO | Slot: time=11:35 am status=11:35 AM 10TH TEE - COMPETITION SPAIN, LEANNE 5 DAY KIRKHAM, LYN 5 DAY BROOKS, JENNY 5 DAY SIMPSON, CHRISTINE 5 DAY available=False
2026-05-19 17:38:26 | INFO | Slot: time=11:35 am status=11:35 AM 10TH TEE - COMPETITION available=False
2026-05-19 17:38:26 | INFO | Slot: time=11:43 am status=11:43 AM 10TH TEE - COMPETITION LAWSON, JOHN 6 DAY LAWSON, ELIZABETH 5 DAY GIBSON, PETER 6 DAY GIBSON, SAM 5 DAY available=False
2026-05-19 17:38:26 | INFO | Slot: time=11:43 am status=11:43 AM 10TH TEE - COMPETITION available=False
2026-05-19 17:38:26 | INFO | Slot: time=11:51 am status=11:51 AM 10TH TEE - COMPETITION PLOZZA, HELENE 5 DAY BOYER, JULIE 5 DAY TRITT, SUE 5 DAY MALCOLM, KYLIE 5 DAY available=False
2026-05-19 17:38:26 | INFO | Slot: time=11:51 am status=11:51 AM 10TH TEE - COMPETITION available=False
2026-05-19 17:38:26 | INFO | Slot: time=11:59 am status=11:59 AM 10TH TEE - COMPETITION WILLIAMS, JANINE 5 DAY SHEEDY, LIBBY 5 DAY ROBSON, CHRISTINE 5 DAY MARTELL, CLARE 5 DAY available=False
2026-05-19 17:38:26 | INFO | Slot: time=11:59 am status=11:59 AM 10TH TEE - COMPETITION available=False
2026-05-19 17:38:26 | INFO | Slot: time=12:07 pm status=12:07 PM 10TH TEE - COMPETITION COULSELL, ANDREA 5 DAY QUINTON, CELESTE 5 DAY DICONZA, ROBERT 5 DAY ATKINSON, HARALD 7 D available=False
2026-05-19 17:38:26 | INFO | Slot: time=12:07 pm status=12:07 PM 10TH TEE - COMPETITION available=False
2026-05-19 17:38:26 | INFO | Slot: time=12:15 pm status=12:15 PM 10TH TEE - COMPETITION BAKKER, JEANETTE 5 DAY MCQUEEN, DON 5 DAY BAKKER, GERRY 5 DAY CARROLL, RHONDA 5 DAY available=False
2026-05-19 17:38:26 | INFO | Slot: time=12:15 pm status=12:15 PM 10TH TEE - COMPETITION available=False
2026-05-19 17:38:26 | INFO | Slot: time=12:23 pm status=12:23 PM 10TH TEE - COMPETITION PALLISCO, JOHN 6 DAY PATTI, COSIMO 6 DAY ARENA, SAM 6 DAY DEL MASTRO, ANGELO 7 DAY available=False
2026-05-19 17:38:26 | INFO | Slot: time=12:23 pm status=12:23 PM 10TH TEE - COMPETITION available=False
2026-05-19 17:38:26 | INFO | Slot: time=12:31 pm status=12:31 PM 10TH TEE - COMPETITION DUNNING, JONATHAN 7 DAY O'DRISCOLL, JACK 7 DAY NUCIFORA, ROB 7 DAY FITOS, CON 7 DAY available=False
2026-05-19 17:38:26 | INFO | Slot: time=12:31 pm status=12:31 PM 10TH TEE - COMPETITION available=False
2026-05-19 17:38:26 | INFO | Slot: time=12:39 pm status=12:39 PM 10TH TEE - COMPETITION RICHARDSON, KEVIN 7 DAY CONSTABLE, PHILIP 7 DAY MARSTON, JASON 6 DAY EVANS, TERRY 6 DAY available=False
2026-05-19 17:38:26 | INFO | Slot: time=12:39 pm status=12:39 PM 10TH TEE - COMPETITION available=False
2026-05-19 17:38:26 | INFO | Slot: time=12:47 pm status=12:47 PM 10TH TEE - COMPETITION ROBSON, RICHARD 6 DAY KERR, ALLAN 6 DAY FOX, PETER 6 DAY BAILEY, DAVID 6 DAY available=False
2026-05-19 17:38:26 | INFO | Slot: time=12:47 pm status=12:47 PM 10TH TEE - COMPETITION available=False
2026-05-19 17:38:26 | INFO | Slot: time=12:55 pm status=12:55 PM 10TH TEE - COMPETITION PAYTON, PETER 5 DAY WILLIAMS, CRAIG 6 DAY COGHLAN, ANDREW 5 DAY MONAGHAN, PETER 6 DAY available=False
2026-05-19 17:38:26 | INFO | Slot: time=12:55 pm status=12:55 PM 10TH TEE - COMPETITION available=False
2026-05-19 17:38:26 | INFO | Slot: time=01:03 pm status=01:03 PM 10TH TEE - COMPETITION BLYTH, ROGER 7 DAY JOHNS, NEIL 7 DAY CHAMPION, PETER 7 DAY HUNT, IAN 7 DAY available=False
2026-05-19 17:38:26 | INFO | Slot: time=01:03 pm status=01:03 PM 10TH TEE - COMPETITION available=False
2026-05-19 17:38:26 | INFO | Slot: time=03:45 pm status=BOOK GROUP available=True
2026-05-19 17:38:26 | INFO | Slot: time=03:45 pm status=03:45 PM 1ST TEE - SOCIAL 9 /18 HARRISON, AMANDA 5 DAY CHRYSTIE, LOUISE 5 DAY BYRNES, NOELENE 5 DAY KERR, NATALIE NINE H available=False
2026-05-19 17:38:26 | INFO | Slot: time=03:45 pm status=03:45 PM 1ST TEE - SOCIAL 9 /18 available=False
2026-05-19 17:38:26 | INFO | Slot: time=03:53 pm status=03:53 PM 1ST TEE - SOCIAL 9 /18 EDWARDS, GARETH NINE HOLE WAKEFORD, MITCHELL NINE HOLE BALACHANDRAN, VISHNU NINE HOLE GR available=False
2026-05-19 17:38:26 | INFO | Slot: time=03:53 pm status=03:53 PM 1ST TEE - SOCIAL 9 /18 available=False
2026-05-19 17:38:26 | INFO | Slot: time=04:01 pm status=BOOK GROUP available=True
2026-05-19 17:38:26 | INFO | Slot: time=UNKNOWN status=BOOK GROUP available=True
2026-05-19 17:38:26 | INFO | Slot: time=04:09 pm status=BOOK GROUP available=True
2026-05-19 17:38:26 | INFO | Slot: time=04:17 pm status=BOOK GROUP available=True
2026-05-19 17:38:26 | INFO | Slot: time=04:25 pm status=BOOK GROUP available=True
2026-05-19 17:38:26 | INFO | Slot: time=04:33 pm status=BOOK GROUP available=True
2026-05-19 17:38:26 | INFO | Slot: time=04:41 pm status=BOOK GROUP available=True
2026-05-19 17:38:26 | INFO | Slot: time=04:49 pm status=BOOK GROUP available=True
2026-05-19 17:38:26 | INFO | Slot: time=04:57 pm status=BOOK GROUP available=True
2026-05-19 17:38:26 | INFO | Slot: time=05:05 pm status=BOOK GROUP available=True
2026-05-19 17:38:26 | INFO | Slot: time=05:13 pm status=BOOK GROUP available=True
2026-05-19 17:38:26 | INFO | Slot: time=03:45 pm status=03:45 PM 10TH TEE - SOCIAL 9 /18 WILLIAMS, BRADLEY FLEXI POLACSEK, ELLEN YOUNG ADULT 26-30 POLACSEK, CHANTELLE NINE HOLE available=False
2026-05-19 17:38:26 | INFO | Slot: time=03:45 pm status=03:45 PM 10TH TEE - SOCIAL 9 /18 available=False
2026-05-19 17:38:26 | INFO | Slot: time=03:53 pm status=BOOK GROUP available=True
2026-05-19 17:38:26 | INFO | STATE => BOOK_FIRST_AVAILABLE
2026-05-19 17:38:26 | INFO | Found 14 partially full groups. Prioritizing them over empty groups.
2026-05-19 17:38:26 | INFO | Found 14 eligible BOOK GROUP slots. Attempting bookings sequentially...
2026-05-19 17:38:26 | INFO | [1/14] Attempting to book slot: 07:16 am (BOOK GROUP)
2026-05-19 17:38:28 | WARNING | Browser alert popped up: This booking time has already been booked.  The bookings will be shown the next time this page is refreshed.
2026-05-19 17:38:28 | INFO | Slot 07:16 am is already booked, attempting next slot...
2026-05-19 17:38:28 | INFO | [2/14] Attempting to book slot: 03:45 pm (BOOK GROUP)
2026-05-19 17:38:31 | WARNING | Browser alert popped up: This booking time has already been booked.  The bookings will be shown the next time this page is refreshed.
2026-05-19 17:38:31 | INFO | Slot 03:45 pm is already booked, attempting next slot...
2026-05-19 17:38:31 | INFO | [3/14] Attempting to book slot: 03:53 pm (BOOK GROUP)
2026-05-19 17:38:39 | INFO | No Playing Partners modal detected.
2026-05-19 17:38:39 | INFO | Successfully initiated booking flow for slot 03:53 pm
2026-05-19 17:38:39 | INFO | STATE => CONFIRM_BOOKING
2026-05-19 17:38:41 | INFO | Saved screenshot: screenshots/20260519_123841_165791_pre_confirm_page.png
2026-05-19 17:38:41 | INFO | Confirm Booking button found: tag=button
2026-05-19 17:38:42 | INFO | Clicked Confirm Booking
2026-05-19 17:38:42 | INFO | STATE => VERIFY_SUCCESS
2026-05-19 17:38:45 | INFO | Verifying success. Current URL: https://northern.miclub.com.au/members/bookings/open/event.msp?booking_event_id=22475265&booking_resource_id=3000000&focus=22607212
2026-05-19 17:38:45 | INFO | Success! Detected booking redirect URL: https://northern.miclub.com.au/members/bookings/open/event.msp?booking_event_id=22475265&booking_resource_id=3000000&focus=22607212
2026-05-19 17:38:45 | INFO | BOOKING SECURED for Event 6: Slot 03:53 pm!
2026-05-19 17:38:45 | INFO | STATE => RETURN_TO_EVENT_LIST
2026-05-19 17:38:45 | INFO | Returning to event list URL: https://northern.miclub.com.au/views/members/booking/eventList.xhtml
2026-05-19 17:38:52 | INFO | Processing OPEN event 7 of 8
2026-05-19 17:38:52 | INFO | STATE => OPEN_EVENT
2026-05-19 17:38:52 | INFO | Navigating into open event index 6: OPEN
2026-05-19 17:39:00 | INFO | Event tee sheet opened
2026-05-19 17:39:00 | INFO | STATE => COLLECT_TEE_ROWS
2026-05-19 17:39:09 | INFO | Discovered 94 candidate slots
2026-05-19 17:39:09 | INFO | Slot: time=07:18 am status=07:18 AM 1ST TEE - COMP OR SOCIAL 9 /18 POTTER, CHARLES 6 DAY PRATT, STAN 6 DAY RICHARDS, TODD 6 DAY PHELAN, ADAM 6 DAY available=False
2026-05-19 17:39:09 | INFO | Slot: time=07:18 am status=07:18 AM 1ST TEE - COMP OR SOCIAL 9 /18 available=False
2026-05-19 17:39:09 | INFO | Slot: time=07:26 am status=BOOK GROUP available=True
2026-05-19 17:39:09 | INFO | Slot: time=UNKNOWN status=BOOK GROUP available=True
2026-05-19 17:39:09 | INFO | Slot: time=07:34 am status=07:34 AM 1ST TEE - COMP OR SOCIAL 9 /18 WHITE, PAUL 5 DAY CULAKOVSKI, SASHA 7 DAY CARLISLE, JOHN 5 DAY CHRISTIE, NIGEL 5 available=False
2026-05-19 17:39:09 | INFO | Slot: time=07:34 am status=07:34 AM 1ST TEE - COMP OR SOCIAL 9 /18 available=False
2026-05-19 17:39:09 | INFO | Slot: time=07:42 am status=BOOK GROUP available=True
2026-05-19 17:39:09 | INFO | Slot: time=07:50 am status=07:50 AM 1ST TEE - COMP OR SOCIAL 9 /18 SULLIVAN, MAURICE 5 DAY PERRY, TREVOR 5 DAY LARKIN, KEVIN VISITOR LARKIN, SHAMUS available=False
2026-05-19 17:39:09 | INFO | Slot: time=07:50 am status=07:50 AM 1ST TEE - COMP OR SOCIAL 9 /18 available=False
2026-05-19 17:39:09 | INFO | Slot: time=07:58 am status=BOOK GROUP available=True
2026-05-19 17:39:09 | INFO | Slot: time=08:06 am status=08:06 AM 1ST TEE - COMP OR SOCIAL 9 /18 GOODEAR, PAUL 6 DAY NANKERVIS, RAYMOND 6 DAY HUNT, RAYMOND 6 DAY SIDEBOTTOM, PAU available=False
2026-05-19 17:39:09 | INFO | Slot: time=08:06 am status=08:06 AM 1ST TEE - COMP OR SOCIAL 9 /18 available=False
2026-05-19 17:39:09 | INFO | Slot: time=08:14 am status=BOOK GROUP available=True
2026-05-19 17:39:09 | INFO | Slot: time=08:22 am status=BOOK GROUP available=True
2026-05-19 17:39:09 | INFO | Slot: time=08:30 am status=BOOK GROUP available=True
2026-05-19 17:39:09 | INFO | Slot: time=08:38 am status=BOOK GROUP available=True
2026-05-19 17:39:09 | INFO | Slot: time=08:46 am status=BOOK GROUP available=True
2026-05-19 17:39:09 | INFO | Slot: time=08:54 am status=BOOK GROUP available=True
2026-05-19 17:39:09 | INFO | Slot: time=09:02 am status=BOOK GROUP available=True
2026-05-19 17:39:09 | INFO | Slot: time=09:10 am status=BOOK GROUP available=True
2026-05-19 17:39:09 | INFO | Slot: time=09:18 am status=09:18 AM 1ST TEE - COMP OR SOCIAL 9 /18 TARALLO, GUIDO 5 DAY SCHIRATO, ROBERT SPECIAL 5.12 MCMAHON, ANDREW 7 DAY CRIVELL available=False
2026-05-19 17:39:09 | INFO | Slot: time=09:18 am status=09:18 AM 1ST TEE - COMP OR SOCIAL 9 /18 available=False
2026-05-19 17:39:09 | INFO | Slot: time=09:26 am status=09:26 AM 1ST TEE - COMP OR SOCIAL 9 /18 TURNER, COLIN SPECIAL 5.12 MARCHESI, PETER 6 DAY CHAPMAN, GREG NINE HOLE SCARMOZ available=False
2026-05-19 17:39:09 | INFO | Slot: time=09:26 am status=09:26 AM 1ST TEE - COMP OR SOCIAL 9 /18 available=False
2026-05-19 17:39:09 | INFO | Slot: time=09:34 am status=09:34 AM 1ST TEE - COMP OR SOCIAL 9 /18 KIRCHER, JILL 5 DAY VANO, LUCIE 7 DAY RESERVED RESERVED available=False
2026-05-19 17:39:09 | INFO | Slot: time=09:34 am status=09:34 AM 1ST TEE - COMP OR SOCIAL 9 /18 available=False
2026-05-19 17:39:09 | INFO | Slot: time=09:42 am status=09:42 AM 1ST TEE - COMP OR SOCIAL 9 /18 VILLANI, ANGELA 5 DAY JUDD, AMANDA 5 DAY RESERVED RESERVED available=False
2026-05-19 17:39:09 | INFO | Slot: time=09:42 am status=09:42 AM 1ST TEE - COMP OR SOCIAL 9 /18 available=False
2026-05-19 17:39:09 | INFO | Slot: time=09:50 am status=BOOK GROUP available=True
2026-05-19 17:39:09 | INFO | Slot: time=09:58 am status=09:58 AM 1ST TEE - COMP OR SOCIAL 9 /18 LARGE, KEVIN SPECIAL 5.12 MCCANN, BARRY SPECIAL 5.12 D'ELIA, BRUNO SPECIAL 5.12  available=False
2026-05-19 17:39:09 | INFO | Slot: time=09:58 am status=09:58 AM 1ST TEE - COMP OR SOCIAL 9 /18 available=False
2026-05-19 17:39:09 | INFO | Slot: time=10:06 am status=10:06 AM 1ST TEE - COMP OR SOCIAL 9 /18 RONNE, PETER 6 DAY FISICARO, JOE 6 DAY MARINO, JOHN 6 DAY MANOVELLA, ANTHONY 6 D available=False
2026-05-19 17:39:09 | INFO | Slot: time=10:06 am status=10:06 AM 1ST TEE - COMP OR SOCIAL 9 /18 available=False
2026-05-19 17:39:09 | INFO | Slot: time=10:14 am status=10:14 AM 1ST TEE - COMP OR SOCIAL 9 /18 OLIVIERI, SILVIO 6 DAY SCARPA, JOE 6 DAY SEBASTIANO, GABRIEL 6 DAY SCARPA, SIMON available=False
2026-05-19 17:39:09 | INFO | Slot: time=10:14 am status=10:14 AM 1ST TEE - COMP OR SOCIAL 9 /18 available=False
2026-05-19 17:39:09 | INFO | Slot: time=10:22 am status=10:22 AM 1ST TEE - COMP OR SOCIAL 9 /18 FORSTER, PETER 7 DAY MCCOLL, RICK 7 DAY SWEBBS, MICK 7 DAY CONDRON, ALAN 7 DAY available=False
2026-05-19 17:39:09 | INFO | Slot: time=10:22 am status=10:22 AM 1ST TEE - COMP OR SOCIAL 9 /18 available=False
2026-05-19 17:39:09 | INFO | Slot: time=10:30 am status=10:30 AM 1ST TEE - COMP OR SOCIAL 9 /18 available=False
2026-05-19 17:39:09 | INFO | Slot: time=10:38 am status=BOOK GROUP available=True
2026-05-19 17:39:09 | INFO | Slot: time=10:46 am status=BOOK GROUP available=True
2026-05-19 17:39:09 | INFO | Slot: time=10:54 am status=BOOK GROUP available=True
2026-05-19 17:39:09 | INFO | Slot: time=11:02 am status=11:02 AM 1ST TEE - COMP OR SOCIAL 9 /18 INNER NORTH WEST INNER NORTH WEST INNER NORTH WEST INNER NORTH WEST available=False
2026-05-19 17:39:09 | INFO | Slot: time=11:02 am status=11:02 AM 1ST TEE - COMP OR SOCIAL 9 /18 available=False
2026-05-19 17:39:09 | INFO | Slot: time=11:10 am status=11:10 AM 1ST TEE - COMP OR SOCIAL 9 /18 INNER NORTH WEST INNER NORTH WEST INNER NORTH WEST INNER NORTH WEST available=False
2026-05-19 17:39:09 | INFO | Slot: time=11:10 am status=11:10 AM 1ST TEE - COMP OR SOCIAL 9 /18 available=False
2026-05-19 17:39:09 | INFO | Slot: time=11:18 am status=BOOK GROUP available=True
2026-05-19 17:39:09 | INFO | Slot: time=11:26 am status=BOOK GROUP available=True
2026-05-19 17:39:09 | INFO | Slot: time=11:34 am status=BOOK GROUP available=True
2026-05-19 17:39:09 | INFO | Slot: time=11:42 am status=BOOK GROUP available=True
2026-05-19 17:39:09 | INFO | Slot: time=11:50 am status=BOOK GROUP available=True
2026-05-19 17:39:09 | INFO | Slot: time=11:58 am status=BOOK GROUP available=True
2026-05-19 17:39:09 | INFO | Slot: time=12:06 pm status=BOOK GROUP available=True
2026-05-19 17:39:09 | INFO | Slot: time=12:14 pm status=BOOK GROUP available=True
2026-05-19 17:39:09 | INFO | Slot: time=12:22 pm status=BOOK GROUP available=True
2026-05-19 17:39:09 | INFO | Slot: time=12:30 pm status=BOOK GROUP available=True
2026-05-19 17:39:09 | INFO | Slot: time=12:38 pm status=BOOK GROUP available=True
2026-05-19 17:39:09 | INFO | Slot: time=12:46 pm status=BOOK GROUP available=True
2026-05-19 17:39:09 | INFO | Slot: time=12:54 pm status=BOOK GROUP available=True
2026-05-19 17:39:09 | INFO | Slot: time=01:02 pm status=BOOK GROUP available=True
2026-05-19 17:39:09 | INFO | Slot: time=01:10 pm status=BOOK GROUP available=True
2026-05-19 17:39:09 | INFO | Slot: time=01:18 pm status=BOOK GROUP available=True
2026-05-19 17:39:09 | INFO | Slot: time=01:26 pm status=BOOK GROUP available=True
2026-05-19 17:39:09 | INFO | Slot: time=01:34 pm status=BOOK GROUP available=True
2026-05-19 17:39:09 | INFO | Slot: time=01:42 pm status=BOOK GROUP available=True
2026-05-19 17:39:09 | INFO | Slot: time=01:50 pm status=BOOK GROUP available=True
2026-05-19 17:39:09 | INFO | Slot: time=01:58 pm status=BOOK GROUP available=True
2026-05-19 17:39:09 | INFO | Slot: time=02:06 pm status=BOOK GROUP available=True
2026-05-19 17:39:09 | INFO | Slot: time=02:14 pm status=BOOK GROUP available=True
2026-05-19 17:39:09 | INFO | Slot: time=02:22 pm status=BOOK GROUP available=True
2026-05-19 17:39:09 | INFO | Slot: time=02:30 pm status=BOOK GROUP available=True
2026-05-19 17:39:09 | INFO | Slot: time=02:38 pm status=BOOK GROUP available=True
2026-05-19 17:39:09 | INFO | Slot: time=02:46 pm status=BOOK GROUP available=True
2026-05-19 17:39:09 | INFO | Slot: time=02:54 pm status=BOOK GROUP available=True
2026-05-19 17:39:09 | INFO | Slot: time=03:02 pm status=BOOK GROUP available=True
2026-05-19 17:39:09 | INFO | Slot: time=03:10 pm status=BOOK GROUP available=True
2026-05-19 17:39:09 | INFO | Slot: time=03:18 pm status=BOOK GROUP available=True
2026-05-19 17:39:09 | INFO | Slot: time=03:26 pm status=BOOK GROUP available=True
2026-05-19 17:39:09 | INFO | Slot: time=03:34 pm status=BOOK GROUP available=True
2026-05-19 17:39:09 | INFO | Slot: time=03:42 pm status=BOOK GROUP available=True
2026-05-19 17:39:09 | INFO | Slot: time=03:50 pm status=BOOK GROUP available=True
2026-05-19 17:39:09 | INFO | Slot: time=03:58 pm status=BOOK GROUP available=True
2026-05-19 17:39:09 | INFO | Slot: time=04:06 pm status=BOOK GROUP available=True
2026-05-19 17:39:09 | INFO | Slot: time=04:14 pm status=BOOK GROUP available=True
2026-05-19 17:39:09 | INFO | Slot: time=04:22 pm status=BOOK GROUP available=True
2026-05-19 17:39:09 | INFO | Slot: time=04:30 pm status=BOOK GROUP available=True
2026-05-19 17:39:09 | INFO | Slot: time=04:38 pm status=BOOK GROUP available=True
2026-05-19 17:39:09 | INFO | Slot: time=04:46 pm status=BOOK GROUP available=True
2026-05-19 17:39:09 | INFO | Slot: time=04:54 pm status=BOOK GROUP available=True
2026-05-19 17:39:09 | INFO | Slot: time=05:02 pm status=BOOK GROUP available=True
2026-05-19 17:39:09 | INFO | Slot: time=05:10 pm status=BOOK GROUP available=True
2026-05-19 17:39:09 | INFO | Slot: time=05:18 pm status=BOOK GROUP available=True
2026-05-19 17:39:09 | INFO | Slot: time=05:26 pm status=BOOK GROUP available=True
2026-05-19 17:39:09 | INFO | Slot: time=05:34 pm status=BOOK GROUP available=True
2026-05-19 17:39:09 | INFO | Slot: time=05:42 pm status=BOOK GROUP available=True
2026-05-19 17:39:09 | INFO | STATE => BOOK_FIRST_AVAILABLE
2026-05-19 17:39:09 | INFO | Found 65 partially full groups. Prioritizing them over empty groups.
2026-05-19 17:39:09 | INFO | Found 65 eligible BOOK GROUP slots. Attempting bookings sequentially...
2026-05-19 17:39:09 | INFO | [1/65] Attempting to book slot: 07:26 am (BOOK GROUP)
2026-05-19 17:39:11 | INFO | Playing Partners modal detected. Clicking 'No'.
2026-05-19 17:39:16 | INFO | Successfully initiated booking flow for slot 07:26 am
2026-05-19 17:39:16 | INFO | STATE => CONFIRM_BOOKING
2026-05-19 17:39:18 | INFO | Saved screenshot: screenshots/20260519_123918_299856_pre_confirm_page.png
2026-05-19 17:39:18 | INFO | Confirm Booking button found: tag=button
2026-05-19 17:39:19 | INFO | Clicked Confirm Booking
2026-05-19 17:39:19 | INFO | STATE => VERIFY_SUCCESS
2026-05-19 17:39:23 | INFO | Verifying success. Current URL: https://northern.miclub.com.au/members/bookings/open/event.msp?booking_event_id=22475266&booking_resource_id=3000000&focus=22607250
2026-05-19 17:39:23 | INFO | Success! Detected booking redirect URL: https://northern.miclub.com.au/members/bookings/open/event.msp?booking_event_id=22475266&booking_resource_id=3000000&focus=22607250
2026-05-19 17:39:23 | INFO | BOOKING SECURED for Event 7: Slot 07:26 am!
2026-05-19 17:39:23 | INFO | STATE => RETURN_TO_EVENT_LIST
2026-05-19 17:39:23 | INFO | Returning to event list URL: https://northern.miclub.com.au/views/members/booking/eventList.xhtml
2026-05-19 17:39:29 | INFO | Processing OPEN event 8 of 8
2026-05-19 17:39:29 | INFO | STATE => OPEN_EVENT
2026-05-19 17:39:29 | INFO | Navigating into open event index 7: OPEN
2026-05-19 17:39:36 | INFO | Event tee sheet opened
2026-05-19 17:39:36 | INFO | STATE => COLLECT_TEE_ROWS
2026-05-19 17:39:37 | INFO | Discovered 2 candidate slots
2026-05-19 17:39:37 | INFO | Slot: time=05:30 pm status=BOOK GROUP available=True
2026-05-19 17:39:37 | INFO | Slot: time=UNKNOWN status=BOOK GROUP available=True
2026-05-19 17:39:37 | INFO | STATE => BOOK_FIRST_AVAILABLE
2026-05-19 17:39:37 | INFO | Found 1 partially full groups. Prioritizing them over empty groups.
2026-05-19 17:39:37 | INFO | Found 1 eligible BOOK GROUP slots. Attempting bookings sequentially...
2026-05-19 17:39:37 | INFO | [1/1] Attempting to book slot: 05:30 pm (BOOK GROUP)
2026-05-19 17:39:39 | INFO | Playing Partners modal detected. Clicking 'No'.
2026-05-19 17:39:44 | INFO | Successfully initiated booking flow for slot 05:30 pm
2026-05-19 17:39:44 | INFO | STATE => CONFIRM_BOOKING
2026-05-19 17:39:46 | INFO | Saved screenshot: screenshots/20260519_123946_225492_pre_confirm_page.png
2026-05-19 17:39:46 | INFO | Confirm Booking button found: tag=button
2026-05-19 17:39:47 | INFO | Clicked Confirm Booking
2026-05-19 17:39:47 | INFO | STATE => VERIFY_SUCCESS
2026-05-19 17:39:50 | INFO | Verifying success. Current URL: https://northern.miclub.com.au/members/bookings/open/event.msp?booking_event_id=22475612&booking_resource_id=3000000&focus=22607703
2026-05-19 17:39:50 | INFO | Success! Detected booking redirect URL: https://northern.miclub.com.au/members/bookings/open/event.msp?booking_event_id=22475612&booking_resource_id=3000000&focus=22607703
2026-05-19 17:39:50 | INFO | BOOKING SECURED for Event 8: Slot 05:30 pm!
2026-05-19 17:39:50 | INFO | STATE => RETURN_TO_EVENT_LIST
2026-05-19 17:39:50 | INFO | Returning to event list URL: https://northern.miclub.com.au/views/members/booking/eventList.xhtml
2026-05-19 17:39:56 | INFO | === TRAVERSAL COMPLETE: SECURED 8 BOOKINGS ===
2026-05-19 17:39:56 | INFO |   [1] Slot: 07:42 am | Details: Redirected to https://northern.miclub.com.au/members/bookings/open/event.msp?booking_event_id=22475260&booking_resource_id=3000000&focus=22606778
2026-05-19 17:39:56 | INFO |   [2] Slot: 07:15 am | Details: Redirected to https://northern.miclub.com.au/members/bookings/open/event.msp?booking_event_id=22475261&booking_resource_id=3000000&focus=22607033
2026-05-19 17:39:56 | INFO |   [3] Slot: 12:32 pm | Details: Redirected to https://northern.miclub.com.au/members/bookings/open/event.msp?booking_event_id=22475262&booking_resource_id=3000000&focus=22606886
2026-05-19 17:39:56 | INFO |   [4] Slot: 07:07 am | Details: Redirected to https://northern.miclub.com.au/members/bookings/open/event.msp?booking_event_id=22475263&booking_resource_id=3000000&focus=22606932
2026-05-19 17:39:56 | INFO |   [5] Slot: 12:39 pm | Details: Redirected to https://northern.miclub.com.au/members/bookings/open/event.msp?booking_event_id=22475264&booking_resource_id=3000000&focus=22607381
2026-05-19 17:39:56 | INFO |   [6] Slot: 03:53 pm | Details: Redirected to https://northern.miclub.com.au/members/bookings/open/event.msp?booking_event_id=22475265&booking_resource_id=3000000&focus=22607212
2026-05-19 17:39:56 | INFO |   [7] Slot: 07:26 am | Details: Redirected to https://northern.miclub.com.au/members/bookings/open/event.msp?booking_event_id=22475266&booking_resource_id=3000000&focus=22607250
2026-05-19 17:39:56 | INFO |   [8] Slot: 05:30 pm | Details: Redirected to https://northern.miclub.com.au/members/bookings/open/event.msp?booking_event_id=22475612&booking_resource_id=3000000&focus=22607703
2026-05-19 17:39:56 | INFO | BOOKING SUCCESS | slot=05:30 pm | confirmation=Redirected to https://northern.miclub.com.au/members/bookings/open/event.msp?booking_event_id=22475612&booking_resource_id=3000000&focus=22607703
